8010.8 25
8011.2 25
8011.5 25
8011.9 25
8012.2 25
8012.6 25
8013 25
8013.3 25
8013.7 25
8014.1 25
8014.4 25
8014.8 25
8015.1 25
8015.5 25
8015.9 25
8016.2 25
8016.6 25
8017 25
8017.3 25
8017.7 25
8018 25
8018.4 25
8018.8 25
8019.1 25
8019.5 25
8019.9 25
8020.2 25
8020.6 25
8020.9 25
8021.3 25
8021.7 25
8021.7 25
8022 25
8022.4 25
8022.8 25
8023.1 25
8023.5 25
8023.8 25
8024.2 25
8024.6 25
8024.9 25
8025.3 25
8025.7 25
8026 25
8026.4 25
8026.7 25
8027.1 25
8027.5 25
8027.8 25
8028.2 25
8028.6 25
8028.9 25
8029.3 25
8029.7 25
8030 25
8030.4 25
8030.7 25
8031.1 25
8031.5 25
8031.8 25
8032.2 25
8032.6 25
8032.6 25
8032.9 25
8033.3 25
8033.7 25
8034 25
8034.4 25
8034.7 25
8035.1 25
8035.5 25
8035.8 25
8036.2 25
8036.6 25
8036.9 25
8037.3 25
8037.6 25
8038 25
8038.4 25
8038.7 25
8039.1 25
8039.5 25
8039.8 25
8040.2 25
8040.5 25
8040.9 25
8041.3 25
8041.6 25
8042 25
8042.4 25
8042.7 25
8043.1 25
8043.5 25
8043.5 25
8043.8 25
8044.2 25
8044.6 25
8044.9 25
8045.3 25
8045.7 25
8046 25
8046.4 25
8046.7 25
8047.1 25
8047.5 25
8047.8 25
8048.2 25
8048.6 25
8048.9 25
8049.3 25
8049.6 25
8050 25
8050.4 25
8050.7 25
8051.1 25
8051.5 25
8051.8 25
8052.2 25
8052.5 25
8052.9 25
8053.3 25
8053.7 25
8054 25
8054.4 25
8054.4 25
8054.8 25
8055.2 25
8055.5 25
8055.9 25
8056.2 25
8056.6 25
8057 25
8057.3 25
8057.7 25
8058.1 25
8058.4 25
8058.8 25
8059.1 25
8059.5 25
8059.9 25
8060.2 25
8060.6 25
8061 25
8061.3 25
8061.7 25
8062 25
8062.4 25
8062.8 25
8063.1 25
8063.5 25
8063.9 25
8064.2 25
8064.6 25
8065 25
8065.4 25
8065.4 25
8065.8 25
8066.1 25
8066.5 25
8066.8 25
8067.2 25
8067.6 25
8067.9 25
8068.3 25
8068.7 25
8069 25
8069.4 25
8069.7 25
8070.1 25
8070.5 25
8070.8 25
8071.2 25
8071.6 25
8071.9 25
8072.3 25
8072.6 25
8073 25
8073.4 25
8073.7 25
8074.1 25
8074.5 25
8074.8 25
8075.2 25
8075.6 25
8076 25
8076.4 25
8076.4 25
8076.7 25
8077.1 25
8077.5 25
8077.8 25
8078.2 25
8078.6 25
8078.9 25
8079.3 25
8079.6 25
8080 25
8080.4 25
8080.7 25
8081.1 25
8081.5 25
8081.8 25
8082.2 25
8082.6 25
8082.9 25
8083.3 25
8083.6 25
8084 25
8084.4 25
8084.7 25
8085.1 25
8085.5 25
8085.8 25
8086.2 25
8086.6 25
8087 25
8087.4 25
8087.4 25
8087.7 25
8088.1 25
8088.5 25
8088.8 25
8089.2 25
8089.6 25
8089.9 25
8090.3 25
8090.7 25
8091 25
8091.4 25
8091.7 25
8092.1 25
8092.5 25
8092.8 25
8093.2 25
8093.6 25
8093.9 25
8094.3 25
8094.6 25
8095 25
8095.4 25
8095.7 25
8096.1 25
8096.5 25
8096.8 25
8097.2 25
8097.6 25
8098 25
8098.4 25
8098.4 25
8098.8 25
8099.1 25
8099.5 25
8099.9 25
8100.2 25
8100.6 25
8101 25
8101.3 25
8101.7 25
8102 25
8102.4 25
8102.8 25
8103.1 25
8103.5 25
8103.9 25
8104.2 25
8104.6 25
8104.9 25
8105.3 25
8105.7 25
8106 25
8106.4 25
8106.8 25
8107.1 25
8107.5 25
8107.9 25
8108.3 25
8108.7 25
8109.1 25
8109.5 25
8109.5 25
8109.8 25
8110.2 25
8110.6 25
8110.9 25
8111.3 25
8111.6 25
8112 25
8112.4 25
8112.7 25
8113.1 25
8113.5 25
8113.8 25
8114.2 25
8114.5 25
8114.9 25
8115.3 25
8115.6 25
8116 25
8116.4 25
8116.7 25
8117.1 25
8117.4 25
8117.8 25
8118.2 25
8118.5 25
8118.9 25
8119.3 25
8119.7 25
8120.1 25
8120.5 25
8120.5 25
8120.9 25
8121.3 25
8121.6 25
8122 25
8122.3 25
8122.7 25
8123.1 25
8123.4 25
8123.8 25
8124.2 25
8124.5 25
8124.9 25
8125.2 25
8125.6 25
8126 25
8126.3 25
8126.7 25
8127.1 25
8127.4 25
8127.8 25
8128.2 25
8128.5 25
8128.9 25
8129.2 25
8129.6 25
8130 25
8130.4 25
8130.8 25
8131.2 25
8131.6 25
8131.6 1.4e+03
8132 539
8132.3 489
8132.7 472
8133.1 465
8133.4 460
8133.8 455
8134.2 452
8134.5 448
8134.9 444
8135.3 440
8135.6 436
8136 432
8136.3 429
8136.7 425
8137.1 422
8137.4 418
8137.8 415
8138.2 412
8138.5 409
8138.9 406
8139.2 403
8139.6 400
8140 398
8140.3 395
8140.7 392
8141.1 391
8141.5 389
8141.9 387
8142.3 384
8142.7 382
8142.7 1.4e+03
8143.1 542
8143.5 492
8143.8 475
8144.2 467
8144.6 462
8144.9 458
8145.3 454
8145.6 451
8146 447
8146.4 443
8146.7 439
8147.1 435
8147.5 432
8147.8 428
8148.2 425
8148.5 421
8148.9 418
8149.3 415
8149.6 412
8150 409
8150.4 406
8150.7 403
8151.1 401
8151.4 398
8151.8 395
8152.2 394
8152.6 392
8153 389
8153.5 387
8153.9 385
8153.9 1.31e+03
8154.2 544
8154.6 494
8155 477
8155.3 470
8155.7 465
8156.1 461
8156.4 457
8156.8 453
8157.1 449
8157.5 445
8157.9 442
8158.2 438
8158.6 434
8159 431
8159.3 427
8159.7 424
8160 421
8160.4 418
8160.8 415
8161.1 412
8161.5 409
8161.9 406
8162.2 403
8162.6 401
8163 398
8163.4 396
8163.8 394
8164.2 392
8164.6 390
8165 388
8165.1 1.22e+03
8165.4 546
8165.8 496
8166.1 479
8166.5 471
8166.9 466
8167.2 462
8167.6 459
8168 455
8168.3 451
8168.7 447
8169 444
8169.4 440
8169.8 436
8170.1 433
8170.5 429
8170.9 426
8171.2 423
8171.6 420
8171.9 417
8172.3 414
8172.7 411
8173 408
8173.4 405
8173.8 403
8174.1 400
8174.5 399
8175 396
8175.4 394
8175.8 392
8176.2 390
8176.2 1.13e+03
8176.6 547
8177 498
8177.3 481
8177.7 473
8178 468
8178.4 464
8178.8 460
8179.1 456
8179.5 453
8179.9 449
8180.2 445
8180.6 442
8180.9 438
8181.3 435
8181.7 431
8182 428
8182.4 425
8182.8 422
8183.1 419
8183.5 416
8183.8 413
8184.2 410
8184.6 407
8184.9 405
8185.3 402
8185.7 401
8186.1 398
8186.6 396
8187 394
8187.4 392
8187.4 1.04e+03
8187.8 548
8188.2 499
8188.5 482
8188.9 474
8189.3 469
8189.6 465
8190 461
8190.3 458
8190.7 454
8191.1 450
8191.4 447
8191.8 443
8192.2 440
8192.5 436
8192.9 433
8193.2 429
8193.6 426
8194 423
8194.3 420
8194.7 417
8195.1 414
8195.4 412
8195.8 409
8196.1 406
8196.5 404
8196.9 402
8197.4 400
8197.8 398
8198.2 395
8198.7 393
8198.7 960
8199 549
8199.4 500
8199.8 483
8200.1 475
8200.5 470
8200.8 466
8201.2 462
8201.6 458
8201.9 455
8202.3 451
8202.7 448
8203 444
8203.4 441
8203.7 437
8204.1 434
8204.5 431
8204.8 427
8205.2 424
8205.6 421
8205.9 419
8206.3 416
8206.6 413
8207 410
8207.4 408
8207.7 405
8208.2 403
8208.6 401
8209 399
8209.5 397
8209.9 395
8209.9 882
8210.3 549
8210.6 501
8211 484
8211.4 476
8211.7 470
8212.1 466
8212.5 463
8212.8 459
8213.2 455
8213.5 452
8213.9 448
8214.3 445
8214.6 441
8215 438
8215.4 435
8215.7 432
8216.1 428
8216.4 425
8216.8 422
8217.2 420
8217.5 417
8217.9 414
8218.3 411
8218.6 409
8219 406
8219.4 405
8219.9 402
8220.3 400
8220.7 398
8221.2 396
8221.2 812
8221.5 549
8221.9 502
8222.3 484
8222.6 476
8223 471
8223.4 467
8223.7 463
8224.1 459
8224.4 456
8224.8 452
8225.2 449
8225.5 445
8225.9 442
8226.3 439
8226.6 435
8227 432
8227.3 429
8227.7 426
8228.1 423
8228.4 420
8228.8 418
8229.2 415
8229.5 412
8229.9 410
8230.3 407
8230.7 405
8231.1 403
8231.6 401
8232 399
8232.5 396
8232.5 750
8232.8 549
8233.2 502
8233.6 485
8233.9 477
8234.3 472
8234.7 468
8235 464
8235.4 461
8235.7 457
8236.1 453
8236.5 450
8236.8 446
8237.2 443
8237.6 439
8237.9 436
8238.3 433
8238.6 430
8239 427
8239.4 424
8239.7 421
8240.1 418
8240.5 415
8240.8 413
8241.2 410
8241.5 407
8242 405
8242.4 403
8242.9 401
8243.3 398
8243.8 396
8243.8 688
8244.2 547
8244.5 501
8244.9 485
8245.3 477
8245.6 472
8246 468
8246.3 465
8246.7 461
8247.1 458
8247.4 454
8247.8 451
8248.2 447
8248.5 444
8248.9 441
8249.2 437
8249.6 434
8250 431
8250.3 428
8250.7 425
8251.1 422
8251.4 419
8251.8 417
8252.1 414
8252.5 411
8252.9 409
8253.3 407
8253.8 404
8254.2 402
8254.7 400
8255.1 397
8255.2 634
8255.5 547
8255.9 502
8256.2 486
8256.6 478
8257 473
8257.3 470
8257.7 467
8258.1 463
8258.4 460
8258.8 457
8259.1 453
8259.5 450
8259.9 446
8260.2 443
8260.6 440
8261 437
8261.3 433
8261.7 430
8262 427
8262.4 425
8262.8 422
8263.1 419
8263.5 416
8263.9 414
8264.2 411
8264.7 409
8265.1 407
8265.6 404
8266.1 402
8266.5 399
8266.5 588
8266.9 548
8267.2 504
8267.6 488
8268 480
8268.3 476
8268.7 472
8269.1 469
8269.4 466
8269.8 463
8270.1 459
8270.5 456
8270.9 453
8271.2 449
8271.6 446
8272 443
8272.3 440
8272.7 437
8273 433
8273.4 430
8273.8 428
8274.1 425
8274.5 422
8274.9 419
8275.2 417
8275.6 414
8276 412
8276.5 409
8277 407
8277.4 405
8277.9 402
8277.9 550
8278.3 549
8278.6 506
8279 490
8279.4 483
8279.7 479
8280.1 475
8280.4 472
8280.8 469
8281.2 466
8281.5 463
8281.9 459
8282.3 456
8282.6 453
8283 449
8283.4 446
8283.7 443
8284.1 440
8284.4 437
8284.8 434
8285.2 431
8285.5 428
8285.9 425
8286.3 423
8286.6 420
8287 417
8287.4 415
8287.9 413
8288.4 410
8288.8 408
8289.3 405
8289.3 520
8289.7 550
8290 508
8290.4 493
8290.8 486
8291.1 482
8291.5 478
8291.9 475
8292.2 472
8292.6 469
8292.9 466
8293.3 463
8293.7 460
8294 456
8294.4 453
8294.8 450
8295.1 447
8295.5 443
8295.8 440
8296.2 437
8296.6 434
8296.9 432
8297.3 429
8297.7 426
8298 423
8298.4 421
8298.9 419
8299.3 416
8299.8 414
8300.3 411
8300.7 409
8300.7 496
8301.1 551
8301.5 511
8301.8 495
8302.2 488
8302.6 484
8302.9 481
8303.3 478
8303.6 475
8304 472
8304.4 469
8304.7 466
8305.1 463
8305.5 459
8305.8 456
8306.2 453
8306.5 450
8306.9 447
8307.3 444
8307.6 441
8308 438
8308.4 435
8308.7 432
8309.1 429
8309.4 427
8309.8 424
8310.3 422
8310.8 419
8311.2 417
8311.7 414
8312.2 412
8312.2 477
8312.6 552
8312.9 513
8313.3 498
8313.7 491
8314 487
8314.4 484
8314.7 481
8315.1 478
8315.5 475
8315.8 472
8316.2 469
8316.6 465
8316.9 462
8317.3 459
8317.6 456
8318 453
8318.4 450
8318.7 447
8319.1 444
8319.5 441
8319.8 438
8320.2 435
8320.5 432
8320.9 430
8321.3 427
8321.8 425
8322.2 422
8322.7 420
8323.2 417
8323.7 415
8323.7 463
8324.1 553
8324.4 515
8324.8 500
8325.1 493
8325.5 489
8325.9 486
8326.2 483
8326.6 480
8327 477
8327.3 474
8327.7 471
8328 468
8328.4 465
8328.8 461
8329.1 458
8329.5 455
8329.9 452
8330.2 449
8330.6 446
8330.9 443
8331.3 440
8331.7 438
8332 435
8332.4 432
8332.8 430
8333.2 427
8333.7 425
8334.2 422
8334.7 420
8335.2 417
8335.2 453
8335.6 553
8335.9 517
8336.3 502
8336.7 495
8337 491
8337.4 488
8337.7 485
8338.1 482
8338.5 479
8338.8 476
8339.2 473
8339.6 470
8339.9 467
8340.3 463
8340.6 460
8341 457
8341.4 454
8341.7 451
8342.1 448
8342.5 445
8342.8 443
8343.2 440
8343.5 437
8343.9 435
8344.3 432
8344.8 430
8345.3 427
8345.7 424
8346.2 422
8346.7 419
8346.7 445
8347.1 553
8347.5 518
8347.8 503
8348.2 496
8348.5 492
8348.9 489
8349.3 486
8349.6 483
8350 480
8350.4 477
8350.7 474
8351.1 471
8351.4 468
8351.8 465
8352.2 462
8352.5 459
8352.9 456
8353.3 453
8353.6 450
8354 447
8354.3 444
8354.7 442
8355.1 439
8355.4 436
8355.8 434
8356.3 431
8356.8 429
8357.3 426
8357.8 424
8358.3 421
8358.3 440
8358.6 553
8359 519
8359.4 504
8359.7 497
8360.1 493
8360.5 490
8360.8 487
8361.2 484
8361.5 482
8361.9 479
8362.3 476
8362.6 472
8363 469
8363.4 466
8363.7 463
8364.1 460
8364.5 457
8364.8 454
8365.2 451
8365.5 449
8365.9 446
8366.3 443
8366.6 441
8367 438
8367.4 435
8367.9 433
8368.3 430
8368.8 428
8369.3 425
8369.8 423
8369.9 436
8370.2 553
8370.6 520
8370.9 505
8371.3 498
8371.7 494
8372 491
8372.4 488
8372.8 485
8373.1 482
8373.5 479
8373.8 476
8374.2 473
8374.6 470
8374.9 467
8375.3 464
8375.7 461
8376 458
8376.4 456
8376.7 453
8377.1 450
8377.5 447
8377.8 445
8378.2 442
8378.6 439
8378.9 437
8379.4 434
8379.9 432
8380.4 429
8380.9 426
8381.4 424
8381.4 433
8381.8 552
8382.2 520
8382.5 506
8382.9 498
8383.3 494
8383.6 491
8384 488
8384.3 486
8384.7 483
8385.1 480
8385.4 477
8385.8 474
8386.2 471
8386.5 468
8386.9 465
8387.3 462
8387.6 459
8388 456
8388.3 454
8388.7 451
8389.1 448
8389.4 446
8389.8 443
8390.2 440
8390.5 438
8391 435
8391.5 433
8392 430
8392.6 427
8393.1 425
8393.1 432
8393.4 550
8393.8 520
8394.2 506
8394.5 499
8394.9 495
8395.2 491
8395.6 489
8396 486
8396.3 483
8396.7 480
8397.1 478
8397.4 475
8397.8 472
8398.2 469
8398.5 466
8398.9 463
8399.2 460
8399.6 457
8400 454
8400.3 452
8400.7 449
8401.1 446
8401.4 444
8401.8 441
8402.1 439
8402.7 436
8403.2 434
8403.7 431
8404.2 428
8404.7 426
8404.7 430
8405.1 549
8405.5 520
8405.8 506
8406.2 499
8406.5 495
8406.9 492
8407.3 489
8407.6 486
8408 483
8408.4 481
8408.7 478
8409.1 475
8409.4 472
8409.8 469
8410.2 466
8410.5 463
8410.9 460
8411.3 458
8411.6 455
8412 452
8412.3 450
8412.7 447
8413.1 444
8413.4 442
8413.8 439
8414.3 437
8414.8 434
8415.4 431
8415.9 429
8416.4 426
8416.4 430
8416.8 548
8417.1 520
8417.5 506
8417.9 499
8418.2 495
8418.6 492
8418.9 489
8419.3 487
8419.7 484
8420 481
8420.4 478
8420.8 475
8421.1 472
8421.5 469
8421.8 466
8422.2 464
8422.6 461
8422.9 458
8423.3 455
8423.7 452
8424 450
8424.4 447
8424.8 444
8425.1 442
8425.5 439
8426 437
8426.5 434
8427 431
8427.6 428
8428.1 426
8428.1 428
8428.5 545
8428.8 519
8429.2 505
8429.6 499
8429.9 495
8430.3 492
8430.6 489
8431 487
8431.4 484
8431.7 482
8432.1 479
8432.5 476
8432.8 473
8433.2 470
8433.5 467
8433.9 464
8434.3 461
8434.6 459
8435 456
8435.4 453
8435.7 450
8436.1 448
8436.4 445
8436.8 443
8437.2 440
8437.7 437
8438.2 435
8438.8 432
8439.3 429
8439.8 427
8439.8 428
8440.2 543
8440.6 519
8440.9 506
8441.3 499
8441.6 496
8442 493
8442.4 491
8442.7 488
8443.1 486
8443.5 483
8443.8 480
8444.2 478
8444.5 475
8444.9 472
8445.3 469
8445.6 466
8446 463
8446.4 460
8446.7 458
8447.1 455
8447.4 452
8447.8 450
8448.2 447
8448.5 445
8448.9 442
8449.4 439
8450 437
8450.5 434
8451 431
8451.6 428
8451.6 429
8451.9 543
8452.3 520
8452.7 507
8453 501
8453.4 497
8453.8 495
8454.1 493
8454.5 490
8454.8 488
8455.2 485
8455.6 483
8455.9 480
8456.3 477
8456.7 474
8457 471
8457.4 469
8457.7 466
8458.1 463
8458.5 460
8458.8 458
8459.2 455
8459.6 452
8459.9 450
8460.3 447
8460.7 445
8461.2 442
8461.7 439
8462.3 436
8462.8 433
8463.3 431
8463.4 431
8463.7 543
8464.1 521
8464.4 509
8464.8 503
8465.2 499
8465.5 497
8465.9 495
8466.3 493
8466.6 491
8467 488
8467.3 485
8467.7 483
8468.1 480
8468.4 477
8468.8 474
8469.2 472
8469.5 469
8469.9 466
8470.2 463
8470.6 461
8471 458
8471.3 455
8471.7 453
8472.1 450
8472.4 448
8473 445
8473.5 442
8474 439
8474.6 436
8475.1 434
8475.1 434
8475.5 543
8475.9 523
8476.2 511
8476.6 505
8477 502
8477.3 500
8477.7 498
8478 496
8478.4 493
8478.8 491
8479.1 488
8479.5 486
8479.9 483
8480.2 480
8480.6 477
8481 475
8481.3 472
8481.7 469
8482 466
8482.4 464
8482.8 461
8483.1 458
8483.5 456
8483.9 453
8484.2 451
8484.8 448
8485.3 445
8485.9 442
8486.4 439
8487 436
8487 437
8487.3 543
8487.7 525
8488.1 513
8488.4 507
8488.8 504
8489.1 502
8489.5 500
8489.9 498
8490.2 496
8490.6 493
8491 491
8491.3 488
8491.7 486
8492.1 483
8492.4 480
8492.8 477
8493.1 475
8493.5 472
8493.9 469
8494.2 466
8494.6 464
8495 461
8495.3 459
8495.7 456
8496 454
8496.6 451
8497.2 448
8497.7 445
8498.3 442
8498.8 439
8498.8 439
8499.2 544
8499.6 526
8499.9 515
8500.3 509
8500.6 506
8501 504
8501.4 502
8501.7 500
8502.1 498
8502.5 496
8502.8 493
8503.2 491
8503.5 488
8503.9 485
8504.3 483
8504.6 480
8505 477
8505.4 474
8505.7 472
8506.1 469
8506.4 466
8506.8 464
8507.2 461
8507.5 459
8507.9 456
8508.5 453
8509 450
8509.6 447
8510.1 445
8510.7 442
8510.7 442
8511.1 544
8511.4 528
8511.8 517
8512.2 511
8512.5 508
8512.9 506
8513.2 504
8513.6 502
8514 500
8514.3 498
8514.7 495
8515.1 493
8515.4 490
8515.8 488
8516.1 485
8516.5 482
8516.9 479
8517.2 477
8517.6 474
8518 471
8518.3 469
8518.7 466
8519 464
8519.4 461
8519.8 459
8520.3 456
8520.9 453
8521.5 450
8522 447
8522.6 444
8522.6 444
8523 544
8523.3 529
8523.7 518
8524.1 513
8524.4 510
8524.8 508
8525.1 506
8525.5 504
8525.9 502
8526.2 499
8526.6 497
8527 495
8527.3 492
8527.7 489
8528 487
8528.4 484
8528.8 481
8529.1 479
8529.5 476
8529.9 473
8530.2 471
8530.6 468
8530.9 466
8531.3 463
8531.7 461
8532.2 458
8532.8 455
8533.4 452
8533.9 449
8534.5 446
8534.5 446
8534.9 543
8535.2 530
8535.6 520
8536 514
8536.3 511
8536.7 509
8537.1 507
8537.4 505
8537.8 503
8538.1 501
8538.5 498
8538.9 496
8539.2 493
8539.6 491
8540 488
8540.3 485
8540.7 483
8541 480
8541.4 477
8541.8 475
8542.1 472
8542.5 470
8542.9 467
8543.2 465
8543.6 462
8544.2 459
8544.7 456
8545.3 453
8545.9 451
8546.4 448
8546.5 448
8546.8 543
8547.2 531
8547.5 521
8547.9 515
8548.3 512
8548.6 510
8549 508
8549.4 506
8549.7 504
8550.1 502
8550.4 499
8550.8 497
8551.2 494
8551.5 492
8551.9 489
8552.3 487
8552.6 484
8553 481
8553.3 479
8553.7 476
8554.1 474
8554.4 471
8554.8 469
8555.2 466
8555.5 464
8556.1 461
8556.7 458
8557.3 455
8557.8 452
8558.4 449
8558.4 449
8558.8 542
8559.2 531
8559.5 521
8559.9 516
8560.2 513
8560.6 510
8561 508
8561.3 507
8561.7 505
8562.1 502
8562.4 500
8562.8 498
8563.1 495
8563.5 493
8563.9 490
8564.2 487
8564.6 485
8565 482
8565.3 480
8565.7 477
8566 475
8566.4 472
8566.8 470
8567.1 467
8567.5 465
8568.1 462
8568.7 459
8569.3 456
8569.8 453
8570.4 450
8570.4 450
8570.8 541
8571.2 531
8571.5 521
8571.9 516
8572.2 513
8572.6 511
8573 509
8573.3 507
8573.7 505
8574.1 503
8574.4 500
8574.8 498
8575.2 496
8575.5 493
8575.9 491
8576.2 488
8576.6 486
8577 483
8577.3 480
8577.7 478
8578.1 475
8578.4 473
8578.8 471
8579.1 468
8579.5 466
8580.1 463
8580.7 460
8581.3 457
8581.9 454
8582.5 451
8582.5 451
8582.8 540
8583.2 532
8583.6 522
8583.9 516
8584.3 513
8584.6 510
8585 508
8585.4 506
8585.7 505
8586.1 503
8586.5 500
8586.8 498
8587.2 496
8587.6 493
8587.9 491
8588.3 489
8588.6 486
8589 484
8589.4 481
8589.7 479
8590.1 476
8590.5 474
8590.8 472
8591.2 469
8591.5 467
8592.1 464
8592.7 461
8593.3 458
8593.9 455
8594.5 452
8594.5 452
8594.9 539
8595.2 532
8595.6 523
8596 517
8596.3 513
8596.7 511
8597.1 509
8597.4 507
8597.8 505
8598.1 503
8598.5 501
8598.9 499
8599.2 496
8599.6 494
8600 492
8600.3 489
8600.7 487
8601.1 484
8601.4 482
8601.8 480
8602.1 477
8602.5 475
8602.9 472
8603.2 470
8603.6 468
8604.2 465
8604.8 462
8605.4 459
8606 456
8606.6 453
8606.6 453
8607 538
8607.3 531
8607.7 523
8608.1 517
8608.4 514
8608.8 511
8609.1 509
8609.5 507
8609.9 506
8610.2 504
8610.6 501
8611 499
8611.3 497
8611.7 495
8612 492
8612.4 490
8612.8 487
8613.1 485
8613.5 482
8613.9 480
8614.2 477
8614.6 475
8614.9 472
8615.3 470
8615.7 468
8616.3 464
8616.9 461
8617.5 458
8618.1 455
8618.7 452
8618.7 452
8619.1 535
8619.4 530
8619.8 521
8620.2 516
8620.5 513
8620.9 510
8621.3 509
8621.6 507
8622 505
8622.3 503
8622.7 501
8623.1 499
8623.4 497
8623.8 495
8624.2 492
8624.5 490
8624.9 487
8625.2 485
8625.6 482
8626 480
8626.3 478
8626.7 475
8627.1 473
8627.4 470
8627.8 468
8628.4 465
8629 462
8629.6 459
8630.2 456
8630.8 453
8630.8 453
8631.2 533
8631.6 529
8631.9 521
8632.3 516
8632.7 513
8633 511
8633.4 509
8633.7 508
8634.1 506
8634.5 504
8634.8 502
8635.2 500
8635.6 498
8635.9 496
8636.3 493
8636.6 491
8637 489
8637.4 486
8637.7 484
8638.1 481
8638.5 479
8638.8 477
8639.2 474
8639.5 472
8639.9 470
8640.5 466
8641.1 463
8641.8 460
8642.4 457
8643 454
8643 454
8643.4 532
8643.7 529
8644.1 522
8644.4 517
8644.8 514
8645.2 512
8645.5 511
8645.9 509
8646.3 507
8646.6 506
8647 504
8647.4 502
8647.7 500
8648.1 498
8648.4 495
8648.8 493
8649.2 491
8649.5 488
8649.9 486
8650.3 483
8650.6 481
8651 479
8651.3 476
8651.7 474
8652.1 472
8652.7 468
8653.3 465
8653.9 462
8654.6 459
8655.2 456
8655.2 456
8655.6 532
8655.9 530
8656.3 523
8656.6 518
8657 516
8657.4 514
8657.7 512
8658.1 511
8658.5 509
8658.8 508
8659.2 506
8659.5 504
8659.9 502
8660.3 500
8660.6 498
8661 495
8661.4 493
8661.7 491
8662.1 488
8662.4 486
8662.8 483
8663.2 481
8663.5 479
8663.9 476
8664.3 474
8664.9 471
8665.5 468
8666.1 465
8666.8 461
8667.4 459
8667.4 458
8667.8 532
8668.1 531
8668.5 524
8668.9 520
8669.2 517
8669.6 516
8669.9 514
8670.3 513
8670.7 511
8671 510
8671.4 508
8671.8 506
8672.1 504
8672.5 502
8672.9 500
8673.2 498
8673.6 495
8673.9 493
8674.3 491
8674.7 488
8675 486
8675.4 484
8675.8 481
8676.1 479
8676.5 477
8677.1 473
8677.7 470
8678.4 467
8679 464
8679.7 461
8679.7 461
8680 532
8680.4 532
8680.8 526
8681.1 522
8681.5 519
8681.8 517
8682.2 516
8682.6 515
8682.9 513
8683.3 512
8683.7 510
8684 508
8684.4 506
8684.7 504
8685.1 502
8685.5 500
8685.8 498
8686.2 495
8686.6 493
8686.9 491
8687.3 488
8687.6 486
8688 484
8688.4 481
8688.7 479
8689.4 476
8690 473
8690.6 469
8691.3 466
8691.9 463
8691.9 463
8692.3 532
8692.7 533
8693 528
8693.4 523
8693.7 521
8694.1 519
8694.5 518
8694.8 517
8695.2 515
8695.6 514
8695.9 512
8696.3 510
8696.6 508
8697 506
8697.4 504
8697.7 502
8698.1 500
8698.5 497
8698.8 495
8699.2 493
8699.5 491
8699.9 488
8700.3 486
8700.6 484
8701 481
8701.6 478
8702.3 475
8702.9 472
8703.6 469
8704.2 466
8704.2 466
8704.6 532
8705 534
8705.3 529
8705.7 525
8706 522
8706.4 521
8706.8 520
8707.1 518
8707.5 517
8707.9 516
8708.2 514
8708.6 512
8708.9 510
8709.3 508
8709.7 506
8710 504
8710.4 502
8710.8 499
8711.1 497
8711.5 495
8711.8 492
8712.2 490
8712.6 488
8712.9 486
8713.3 483
8713.9 480
8714.6 477
8715.3 474
8715.9 471
8716.6 467
8716.6 467
8716.9 532
8717.3 535
8717.7 530
8718 526
8718.4 524
8718.7 522
8719.1 521
8719.5 520
8719.8 518
8720.2 517
8720.6 515
8720.9 513
8721.3 512
8721.6 510
8722 507
8722.4 505
8722.7 503
8723.1 501
8723.5 499
8723.8 496
8724.2 494
8724.5 492
8724.9 490
8725.3 487
8725.6 485
8726.3 482
8726.9 478
8727.6 475
8728.2 472
8728.9 469
8728.9 469
8729.3 532
8729.6 536
8730 531
8730.4 527
8730.7 525
8731.1 523
8731.4 522
8731.8 521
8732.2 519
8732.5 518
8732.9 516
8733.3 515
8733.6 513
8734 511
8734.4 509
8734.7 507
8735.1 504
8735.4 502
8735.8 500
8736.2 498
8736.5 495
8736.9 493
8737.3 491
8737.6 489
8738 487
8738.6 483
8739.3 480
8740 477
8740.6 474
8741.3 471
8741.3 471
8741.7 532
8742 536
8742.4 532
8742.7 528
8743.1 525
8743.5 524
8743.8 523
8744.2 521
8744.6 520
8744.9 519
8745.3 517
8745.6 515
8746 514
8746.4 512
8746.7 510
8747.1 507
8747.5 505
8747.8 503
8748.2 501
8748.5 499
8748.9 497
8749.3 494
8749.6 492
8750 490
8750.4 488
8751 484
8751.7 481
8752.4 478
8753 475
8753.7 472
8753.7 472
8754.1 531
8754.4 536
8754.8 532
8755.2 528
8755.5 526
8755.9 524
8756.2 523
8756.6 522
8757 521
8757.3 519
8757.7 518
8758.1 516
8758.4 514
8758.8 512
8759.1 510
8759.5 508
8759.9 506
8760.2 504
8760.6 502
8761 500
8761.3 497
8761.7 495
8762 493
8762.4 491
8762.8 489
8763.4 485
8764.1 482
8764.8 479
8765.5 476
8766.1 473
8766.1 473
8766.5 530
8766.9 536
8767.2 532
8767.6 529
8768 526
8768.3 525
8768.7 523
8769 522
8769.4 521
8769.8 520
8770.1 518
8770.5 516
8770.9 515
8771.2 513
8771.6 511
8772 509
8772.3 507
8772.7 504
8773 502
8773.4 500
8773.8 498
8774.1 496
8774.5 494
8774.9 491
8775.2 489
8775.9 486
8776.6 483
8777.3 479
8777.9 476
8778.6 473
8778.6 473
8779 529
8779.4 536
8779.7 532
8780.1 529
8780.4 526
8780.8 525
8781.2 523
8781.5 522
8781.9 521
8782.3 520
8782.6 518
8783 516
8783.3 515
8783.7 513
8784.1 511
8784.4 509
8784.8 507
8785.2 505
8785.5 503
8785.9 500
8786.2 498
8786.6 496
8787 494
8787.3 492
8787.7 490
8788.4 486
8789.1 483
8789.7 480
8790.4 477
8791.1 474
8791.1 474
8791.5 528
8791.8 535
8792.2 532
8792.6 529
8792.9 527
8793.3 525
8793.7 524
8794 523
8794.4 521
8794.7 520
8795.1 518
8795.5 517
8795.8 515
8796.2 513
8796.6 511
8796.9 509
8797.3 507
8797.6 505
8798 503
8798.4 500
8798.7 498
8799.1 496
8799.5 494
8799.8 492
8800.2 490
8800.9 486
8801.6 483
8802.2 479
8802.9 476
8803.6 473
8803.6 473
8804 526
8804.3 534
8804.7 531
8805.1 528
8805.4 526
8805.8 524
8806.2 523
8806.5 522
8806.9 521
8807.3 520
8807.6 518
8808 517
8808.3 515
8808.7 513
8809.1 511
8809.4 509
8809.8 507
8810.2 505
8810.5 503
8810.9 501
8811.2 498
8811.6 496
8812 494
8812.3 492
8812.7 490
8813.4 486
8814.1 483
8814.8 480
8815.5 477
8816.2 473
8816.2 473
8816.5 524
8816.9 533
8817.3 530
8817.6 528
8818 526
8818.3 524
8818.7 523
8819.1 522
8819.4 521
8819.8 520
8820.2 519
8820.5 517
8820.9 516
8821.2 514
8821.6 512
8822 510
8822.3 508
8822.7 506
8823.1 504
8823.4 502
8823.8 500
8824.1 497
8824.5 495
8824.9 493
8825.2 491
8825.9 488
8826.6 484
8827.3 481
8828 478
8828.7 475
8828.7 475
8829.1 524
8829.5 533
8829.8 531
8830.2 528
8830.6 526
8830.9 525
8831.3 524
8831.6 523
8832 523
8832.4 521
8832.7 520
8833.1 519
8833.5 517
8833.8 515
8834.2 514
8834.5 512
8834.9 510
8835.3 508
8835.6 506
8836 503
8836.4 501
8836.7 499
8837.1 497
8837.4 495
8837.8 493
8838.5 489
8839.2 486
8839.9 483
8840.6 480
8841.3 476
8841.3 476
8841.7 524
8842.1 534
8842.4 532
8842.8 529
8843.2 528
8843.5 527
8843.9 526
8844.3 525
8844.6 524
8845 523
8845.3 522
8845.7 520
8846.1 519
8846.4 517
8846.8 515
8847.2 514
8847.5 512
8847.9 510
8848.2 508
8848.6 506
8849 503
8849.3 501
8849.7 499
8850.1 497
8850.4 495
8851.1 492
8851.8 488
8852.6 485
8853.3 482
8854 478
8854 478
8854.4 525
8854.7 535
8855.1 533
8855.4 531
8855.8 529
8856.2 528
8856.5 528
8856.9 527
8857.3 526
8857.6 525
8858 524
8858.3 522
8858.7 521
8859.1 519
8859.4 518
8859.8 516
8860.2 514
8860.5 512
8860.9 510
8861.2 508
8861.6 506
8862 504
8862.3 502
8862.7 499
8863.1 497
8863.8 494
8864.5 490
8865.2 487
8865.9 484
8866.6 481
8866.6 481
8867 525
8867.4 536
8867.7 535
8868.1 533
8868.5 531
8868.8 530
8869.2 529
8869.6 529
8869.9 528
8870.3 527
8870.6 526
8871 524
8871.4 523
8871.7 521
8872.1 520
8872.5 518
8872.8 516
8873.2 514
8873.5 512
8873.9 510
8874.3 508
8874.6 506
8875 504
8875.4 502
8875.7 500
8876.4 496
8877.2 493
8877.9 489
8878.6 486
8879.3 483
8879.3 483
8879.7 526
8880.1 537
8880.4 536
8880.8 534
8881.2 533
8881.5 532
8881.9 531
8882.2 530
8882.6 530
8883 529
8883.3 528
8883.7 526
8884.1 525
8884.4 523
8884.8 522
8885.1 520
8885.5 518
8885.9 516
8886.2 514
8886.6 512
8887 510
8887.3 508
8887.7 506
8888 504
8888.4 502
8889.1 498
8889.9 495
8890.6 491
8891.3 488
8892.1 485
8892.1 485
8892.4 527
8892.8 538
8893.2 537
8893.5 536
8893.9 534
8894.2 533
8894.6 532
8895 532
8895.3 531
8895.7 530
8896.1 529
8896.4 528
8896.8 526
8897.1 525
8897.5 523
8897.9 521
8898.2 520
8898.6 518
8899 516
8899.3 514
8899.7 512
8900 510
8900.4 508
8900.8 506
8901.1 504
8901.9 500
8902.6 497
8903.3 493
8904.1 490
8904.8 487
8904.8 487
8905.2 527
8905.5 539
8905.9 539
8906.3 537
8906.6 535
8907 534
8907.3 534
8907.7 533
8908.1 532
8908.4 531
8908.8 530
8909.2 529
8909.5 528
8909.9 526
8910.2 524
8910.6 523
8911 521
8911.3 519
8911.7 517
8912.1 515
8912.4 513
8912.8 511
8913.2 509
8913.5 507
8913.9 505
8914.6 502
8915.4 498
8916.1 495
8916.8 492
8917.6 488
8917.6 488
8917.9 527
8918.3 539
8918.7 539
8919 538
8919.4 536
8919.8 535
8920.1 535
8920.5 534
8920.8 533
8921.2 532
8921.6 531
8921.9 530
8922.3 529
8922.7 527
8923 526
8923.4 524
8923.7 522
8924.1 520
8924.5 518
8924.8 516
8925.2 514
8925.6 512
8925.9 510
8926.3 508
8926.7 506
8927.4 503
8928.1 499
8928.9 496
8929.6 493
8930.4 490
8930.4 490
8930.8 527
8931.1 540
8931.5 540
8931.8 538
8932.2 537
8932.6 536
8932.9 535
8933.3 535
8933.7 534
8934 533
8934.4 532
8934.7 531
8935.1 529
8935.5 528
8935.8 526
8936.2 525
8936.6 523
8936.9 521
8937.3 519
8937.6 517
8938 515
8938.4 513
8938.7 511
8939.1 509
8939.5 508
8940.2 504
8941 500
8941.7 497
8942.5 494
8943.2 491
8943.2 491
8943.6 527
8944 540
8944.3 540
8944.7 539
8945.1 537
8945.4 537
8945.8 536
8946.1 535
8946.5 534
8946.9 534
8947.2 533
8947.6 531
8948 530
8948.3 528
8948.7 527
8949 525
8949.4 524
8949.8 522
8950.1 520
8950.5 518
8950.9 516
8951.2 514
8951.6 512
8951.9 510
8952.3 508
8953.1 505
8953.8 501
8954.6 498
8955.3 495
8956.1 492
8956.1 491
8956.5 527
8956.8 539
8957.2 540
8957.6 539
8957.9 538
8958.3 537
8958.7 536
8959 535
8959.4 535
8959.7 534
8960.1 533
8960.5 532
8960.8 530
8961.2 529
8961.6 527
8961.9 526
8962.3 524
8962.6 522
8963 520
8963.4 518
8963.7 517
8964.1 515
8964.5 513
8964.8 511
8965.2 509
8966 505
8966.7 502
8967.5 499
8968.2 495
8969 492
8969 492
8969.4 526
8969.7 539
8970.1 540
8970.5 539
8970.8 538
8971.2 537
8971.6 536
8971.9 536
8972.3 535
8972.6 534
8973 533
8973.4 532
8973.7 530
8974.1 529
8974.5 528
8974.8 526
8975.2 524
8975.5 522
8975.9 521
8976.3 519
8976.6 517
8977 515
8977.4 513
8977.7 511
8978.1 509
8978.9 506
8979.6 502
8980.4 499
8981.2 496
8981.9 493
8981.9 493
8982.3 525
8982.7 539
8983 540
8983.4 539
8983.8 538
8984.1 537
8984.5 536
8984.8 536
8985.2 535
8985.6 534
8985.9 533
8986.3 532
8986.7 530
8987 529
8987.4 528
8987.8 526
8988.1 524
8988.5 523
8988.8 521
8989.2 519
8989.6 517
8989.9 515
8990.3 513
8990.7 512
8991 510
8991.8 506
8992.6 503
8993.3 499
8994.1 496
8994.9 493
8994.9 493
8995.3 525
8995.6 538
8996 540
8996.4 539
8996.7 538
8997.1 537
8997.5 536
8997.8 536
8998.2 535
8998.5 534
8998.9 533
8999.3 532
8999.6 531
9000 529
9000.4 528
9000.7 526
9001.1 524
9001.4 522
9001.8 521
9002.2 519
9002.5 517
9002.9 515
9003.3 513
9003.6 511
9004 509
9004.8 506
9005.5 502
9006.3 499
9007.1 495
9007.9 492
9007.9 492
9008.3 523
9008.6 536
9009 538
9009.3 537
9009.7 536
9010.1 536
9010.4 535
9010.8 535
9011.2 534
9011.5 533
9011.9 532
9012.2 531
9012.6 530
9013 529
9013.3 527
9013.7 526
9014.1 524
9014.4 522
9014.8 520
9015.2 519
9015.5 517
9015.9 515
9016.2 513
9016.6 511
9017 509
9017.8 505
9018.5 502
9019.3 499
9020.1 495
9020.9 492
9020.9 492
9021.3 521
9021.6 535
9022 538
9022.4 537
9022.7 536
9023.1 536
9023.5 535
9023.8 535
9024.2 534
9024.5 533
9024.9 532
9025.3 531
9025.6 530
9026 529
9026.4 528
9026.7 526
9027.1 524
9027.4 523
9027.8 521
9028.2 519
9028.5 517
9028.9 516
9029.3 514
9029.6 512
9030 510
9030.8 506
9031.6 503
9032.4 499
9033.2 496
9034 493
9034 493
9034.3 521
9034.7 535
9035.1 538
9035.4 537
9035.8 537
9036.1 536
9036.5 536
9036.9 535
9037.2 535
9037.6 534
9038 533
9038.3 532
9038.7 531
9039 530
9039.4 529
9039.8 527
9040.1 526
9040.5 524
9040.9 522
9041.2 520
9041.6 519
9041.9 517
9042.3 515
9042.7 513
9043 511
9043.8 508
9044.6 504
9045.4 501
9046.2 497
9047 494
9047.1 494
9047.4 522
9047.8 536
9048.1 538
9048.5 538
9048.9 538
9049.2 537
9049.6 537
9050 536
9050.3 536
9050.7 535
9051 535
9051.4 534
9051.8 533
9052.1 531
9052.5 530
9052.9 529
9053.2 527
9053.6 526
9053.9 524
9054.3 522
9054.7 520
9055 519
9055.4 517
9055.8 515
9056.1 513
9056.9 509
9057.7 506
9058.5 503
9059.3 499
9060.2 496
9060.2 496
9060.5 522
9060.9 537
9061.3 539
9061.6 539
9062 539
9062.3 538
9062.7 538
9063.1 538
9063.4 538
9063.8 537
9064.2 536
9064.5 535
9064.9 534
9065.2 533
9065.6 532
9066 530
9066.3 529
9066.7 527
9067.1 526
9067.4 524
9067.8 522
9068.1 520
9068.5 519
9068.9 517
9069.2 515
9070 511
9070.9 508
9071.7 504
9072.5 501
9073.3 498
9073.3 498
9073.7 523
9074 538
9074.4 541
9074.8 541
9075.1 540
9075.5 540
9075.8 540
9076.2 539
9076.6 539
9076.9 539
9077.3 538
9077.7 537
9078 536
9078.4 535
9078.7 534
9079.1 532
9079.5 531
9079.8 529
9080.2 527
9080.6 526
9080.9 524
9081.3 522
9081.6 521
9082 519
9082.4 517
9083.2 513
9084 510
9084.8 506
9085.6 503
9086.5 500
9086.5 500
9086.8 524
9087.2 539
9087.6 542
9087.9 542
9088.3 542
9088.6 541
9089 541
9089.4 541
9089.7 541
9090.1 540
9090.5 539
9090.8 539
9091.2 538
9091.5 536
9091.9 535
9092.3 534
9092.6 532
9093 531
9093.4 529
9093.7 528
9094.1 526
9094.4 524
9094.8 522
9095.2 521
9095.5 519
9096.4 515
9097.2 512
9098 508
9098.8 505
9099.6 502
9099.7 502
9100 525
9100.4 540
9100.7 543
9101.1 543
9101.5 543
9101.8 543
9102.2 542
9102.6 542
9102.9 542
9103.3 541
9103.6 541
9104 540
9104.4 539
9104.7 538
9105.1 537
9105.5 535
9105.8 534
9106.2 532
9106.5 531
9106.9 529
9107.3 527
9107.6 526
9108 524
9108.4 522
9108.7 520
9109.6 517
9110.4 513
9111.2 510
9112 506
9112.9 503
9112.9 503
9113.3 526
9113.6 540
9114 544
9114.3 544
9114.7 544
9115.1 544
9115.4 543
9115.8 543
9116.2 543
9116.5 542
9116.9 542
9117.2 541
9117.6 540
9118 539
9118.3 538
9118.7 536
9119.1 535
9119.4 533
9119.8 532
9120.1 530
9120.5 529
9120.9 527
9121.2 525
9121.6 523
9122 522
9122.8 518
9123.6 514
9124.5 511
9125.3 508
9126.1 504
9126.2 504
9126.5 526
9126.9 541
9127.2 544
9127.6 545
9128 545
9128.3 544
9128.7 544
9129.1 544
9129.4 544
9129.8 543
9130.1 542
9130.5 542
9130.9 541
9131.2 540
9131.6 538
9132 537
9132.3 536
9132.7 534
9133 533
9133.4 531
9133.8 529
9134.1 528
9134.5 526
9134.9 524
9135.2 523
9136.1 519
9136.9 515
9137.8 512
9138.6 509
9139.5 505
9139.5 505
9139.8 526
9140.2 541
9140.6 545
9140.9 545
9141.3 545
9141.6 545
9142 545
9142.4 544
9142.7 544
9143.1 544
9143.5 543
9143.8 542
9144.2 541
9144.5 540
9144.9 539
9145.3 538
9145.6 536
9146 535
9146.4 533
9146.7 532
9147.1 530
9147.4 529
9147.8 527
9148.2 525
9148.5 523
9149.4 520
9150.2 516
9151.1 513
9151.9 510
9152.8 506
9152.8 506
9153.1 527
9153.5 541
9153.9 545
9154.2 546
9154.6 545
9155 545
9155.3 545
9155.7 545
9156 544
9156.4 544
9156.8 543
9157.1 543
9157.5 542
9157.9 541
9158.2 539
9158.6 538
9159 537
9159.3 535
9159.7 534
9160 532
9160.4 531
9160.8 529
9161.1 527
9161.5 526
9161.9 524
9162.7 520
9163.6 517
9164.4 514
9165.3 510
9166.1 507
9166.1 507
9166.5 526
9166.9 541
9167.2 545
9167.6 546
9168 546
9168.3 545
9168.7 545
9169 545
9169.4 545
9169.8 544
9170.1 544
9170.5 543
9170.9 542
9171.2 541
9171.6 540
9171.9 538
9172.3 537
9172.7 536
9173 534
9173.4 533
9173.8 531
9174.1 529
9174.5 528
9174.8 526
9175.2 524
9176.1 521
9176.9 517
9177.8 514
9178.7 511
9179.5 507
9179.5 507
9179.9 526
9180.3 540
9180.6 545
9181 546
9181.4 546
9181.7 545
9182.1 545
9182.4 545
9182.8 545
9183.2 544
9183.5 544
9183.9 543
9184.3 542
9184.6 541
9185 540
9185.3 539
9185.7 537
9186.1 536
9186.4 534
9186.8 533
9187.2 531
9187.5 530
9187.9 528
9188.2 526
9188.6 525
9189.5 521
9190.3 518
9191.2 514
9192.1 511
9192.9 508
9193 508
9193.3 526
9193.7 540
9194 545
9194.4 546
9194.8 546
9195.1 545
9195.5 545
9195.9 545
9196.2 545
9196.6 544
9196.9 544
9197.3 543
9197.7 542
9198 541
9198.4 540
9198.8 539
9199.1 537
9199.5 536
9199.8 534
9200.2 533
9200.6 531
9200.9 530
9201.3 528
9201.7 526
9202 524
9202.9 521
9203.8 517
9204.6 514
9205.5 510
9206.4 507
9206.4 507
9206.8 524
9207.1 538
9207.5 543
9207.9 544
9208.2 544
9208.6 544
9208.9 544
9209.3 544
9209.7 544
9210 543
9210.4 543
9210.8 542
9211.1 541
9211.5 540
9211.8 539
9212.2 538
9212.6 537
9212.9 535
9213.3 534
9213.7 532
9214 531
9214.4 529
9214.7 528
9215.1 526
9215.5 524
9216.4 520
9217.2 517
9218.1 513
9219 510
9219.9 507
9219.9 507
9220.3 524
9220.6 538
9221 543
9221.3 544
9221.7 545
9222.1 544
9222.4 544
9222.8 544
9223.2 543
9223.5 543
9223.9 542
9224.2 541
9224.6 540
9225 539
9225.3 538
9225.7 537
9226.1 536
9226.4 534
9226.8 533
9227.1 531
9227.5 530
9227.9 528
9228.2 526
9228.6 525
9229 523
9229.8 519
9230.7 516
9231.6 513
9232.5 509
9233.4 506
9233.4 506
9233.8 522
9234.1 536
9234.5 542
9234.9 543
9235.2 543
9235.6 543
9236 543
9236.3 543
9236.7 543
9237 542
9237.4 542
9237.8 541
9238.1 540
9238.5 539
9238.9 538
9239.2 537
9239.6 535
9239.9 534
9240.3 533
9240.7 531
9241 530
9241.4 528
9241.8 527
9242.1 525
9242.5 523
9243.4 520
9244.3 516
9245.2 513
9246.1 509
9247 506
9247 506
9247.3 522
9247.7 536
9248.1 541
9248.4 543
9248.8 543
9249.2 543
9249.5 543
9249.9 543
9250.2 543
9250.6 542
9251 542
9251.3 541
9251.7 541
9252.1 540
9252.4 539
9252.8 538
9253.1 536
9253.5 535
9253.9 534
9254.2 532
9254.6 531
9255 529
9255.3 528
9255.7 526
9256 525
9256.9 521
9257.8 517
9258.7 514
9259.6 511
9260.5 507
9260.6 507
9260.9 522
9261.3 536
9261.6 542
9262 543
9262.4 544
9262.7 544
9263.1 544
9263.5 544
9263.8 544
9264.2 544
9264.5 543
9264.9 543
9265.3 542
9265.6 541
9266 540
9266.4 539
9266.7 538
9267.1 537
9267.5 535
9267.8 534
9268.2 532
9268.5 531
9268.9 529
9269.3 528
9269.6 526
9270.5 523
9271.4 519
9272.4 516
9273.3 512
9274.2 509
9274.2 509
9274.5 523
9274.9 537
9275.3 543
9275.6 544
9276 545
9276.4 545
9276.7 545
9277.1 545
9277.4 545
9277.8 545
9278.2 545
9278.5 544
9278.9 544
9279.3 543
9279.6 542
9280 541
9280.3 540
9280.7 538
9281.1 537
9281.4 536
9281.8 534
9282.2 533
9282.5 531
9282.9 530
9283.2 528
9284.2 525
9285.1 521
9286 518
9286.9 514
9287.8 511
9287.8 511
9288.2 525
9288.6 538
9288.9 544
9289.3 546
9289.7 546
9290 547
9290.4 547
9290.7 547
9291.1 547
9291.5 547
9291.8 546
9292.2 546
9292.6 545
9292.9 544
9293.3 543
9293.6 542
9294 541
9294.4 540
9294.7 539
9295.1 537
9295.5 536
9295.8 535
9296.2 533
9296.5 532
9296.9 530
9297.8 526
9298.7 523
9299.7 520
9300.6 516
9301.5 513
9301.5 513
9301.9 526
9302.2 539
9302.6 545
9303 547
9303.3 548
9303.7 548
9304.1 548
9304.4 548
9304.8 548
9305.1 548
9305.5 548
9305.9 547
9306.2 547
9306.6 546
9307 545
9307.3 544
9307.7 543
9308 542
9308.4 540
9308.8 539
9309.1 538
9309.5 536
9309.9 535
9310.2 533
9310.6 532
9311.5 528
9312.4 525
9313.4 521
9314.3 518
9315.2 515
9315.2 515
9315.6 527
9316 540
9316.3 546
9316.7 548
9317 549
9317.4 549
9317.8 549
9318.1 549
9318.5 549
9318.9 549
9319.2 549
9319.6 548
9319.9 548
9320.3 547
9320.7 546
9321 545
9321.4 544
9321.8 543
9322.1 542
9322.5 540
9322.8 539
9323.2 538
9323.6 536
9323.9 535
9324.3 533
9325.2 529
9326.2 526
9327.1 523
9328 519
9329 516
9329 516
9329.3 528
9329.7 541
9330.1 547
9330.4 549
9330.8 550
9331.2 550
9331.5 550
9331.9 550
9332.2 550
9332.6 550
9333 550
9333.3 549
9333.7 549
9334.1 548
9334.4 547
9334.8 546
9335.1 545
9335.5 544
9335.9 543
9336.2 541
9336.6 540
9337 539
9337.3 537
9337.7 536
9338 534
9339 530
9339.9 527
9340.9 524
9341.8 520
9342.8 517
9342.8 517
9343.1 528
9343.5 541
9343.9 547
9344.2 549
9344.6 550
9344.9 551
9345.3 551
9345.7 551
9346 551
9346.4 551
9346.8 550
9347.1 550
9347.5 549
9347.8 549
9348.2 548
9348.6 547
9348.9 546
9349.3 545
9349.7 543
9350 542
9350.4 541
9350.7 539
9351.1 538
9351.5 536
9351.8 535
9352.8 531
9353.7 528
9354.7 524
9355.6 521
9356.6 518
9356.6 518
9357 529
9357.3 542
9357.7 547
9358.1 550
9358.4 551
9358.8 551
9359.1 551
9359.5 551
9359.9 551
9360.2 551
9360.6 551
9361 550
9361.3 550
9361.7 549
9362 548
9362.4 547
9362.8 546
9363.1 545
9363.5 544
9363.9 543
9364.2 541
9364.6 540
9364.9 538
9365.3 537
9365.7 536
9366.6 532
9367.6 528
9368.5 525
9369.5 522
9370.4 519
9370.4 518
9370.8 529
9371.2 542
9371.5 548
9371.9 550
9372.3 551
9372.6 551
9373 551
9373.3 552
9373.7 551
9374.1 551
9374.4 551
9374.8 551
9375.2 550
9375.5 549
9375.9 548
9376.3 548
9376.6 546
9377 545
9377.3 544
9377.7 543
9378.1 542
9378.4 540
9378.8 539
9379.2 537
9379.5 536
9380.5 532
9381.4 529
9382.4 526
9383.4 522
9384.3 519
9384.3 519
9384.7 529
9385.1 541
9385.4 547
9385.8 550
9386.1 551
9386.5 551
9386.9 551
9387.2 552
9387.6 552
9388 551
9388.3 551
9388.7 551
9389.1 550
9389.4 549
9389.8 549
9390.1 548
9390.5 547
9390.9 545
9391.2 544
9391.6 543
9392 542
9392.3 540
9392.7 539
9393 538
9393.4 536
9394.4 533
9395.3 529
9396.3 526
9397.3 523
9398.2 519
9398.2 519
9398.6 529
9399 541
9399.3 547
9399.7 550
9400.1 551
9400.4 551
9400.8 551
9401.1 552
9401.5 551
9401.9 551
9402.2 551
9402.6 551
9403 550
9403.3 549
9403.7 549
9404 548
9404.4 547
9404.8 545
9405.1 544
9405.5 543
9405.9 542
9406.2 541
9406.6 539
9406.9 538
9407.3 536
9408.3 533
9409.3 529
9410.2 526
9411.2 523
9412.2 519
9412.2 519
9412.5 529
9412.9 541
9413.3 547
9413.6 549
9414 550
9414.4 551
9414.7 551
9415.1 551
9415.4 551
9415.8 551
9416.2 551
9416.5 551
9416.9 550
9417.3 549
9417.6 548
9418 547
9418.4 546
9418.7 545
9419.1 544
9419.4 543
9419.8 542
9420.2 540
9420.5 539
9420.9 537
9421.3 536
9422.2 532
9423.2 529
9424.2 525
9425.2 522
9426.2 518
9426.2 518
9426.5 527
9426.9 539
9427.3 545
9427.6 548
9428 549
9428.3 550
9428.7 550
9429.1 550
9429.4 550
9429.8 550
9430.2 550
9430.5 549
9430.9 549
9431.2 548
9431.6 547
9432 547
9432.3 546
9432.7 545
9433.1 543
9433.4 542
9433.8 541
9434.1 540
9434.5 538
9434.9 537
9435.2 535
9436.2 532
9437.2 528
9438.2 525
9439.2 521
9440.2 518
9440.2 518
9440.6 527
9440.9 538
9441.3 544
9441.6 547
9442 548
9442.4 549
9442.7 549
9443.1 550
9443.5 550
9443.8 550
9444.2 549
9444.5 549
9444.9 549
9445.3 548
9445.6 547
9446 546
9446.4 546
9446.7 544
9447.1 543
9447.4 542
9447.8 541
9448.2 540
9448.5 538
9448.9 537
9449.3 536
9450.3 532
9451.2 528
9452.2 525
9453.2 522
9454.2 518
9454.2 518
9454.6 527
9455 538
9455.3 544
9455.7 547
9456 548
9456.4 549
9456.8 549
9457.1 550
9457.5 550
9457.9 550
9458.2 550
9458.6 550
9458.9 549
9459.3 548
9459.7 548
9460 547
9460.4 546
9460.8 545
9461.1 544
9461.5 543
9461.9 542
9462.2 540
9462.6 539
9462.9 538
9463.3 536
9464.3 533
9465.3 529
9466.3 526
9467.3 522
9468.3 519
9468.3 519
9468.7 527
9469 538
9469.4 545
9469.8 547
9470.1 549
9470.5 550
9470.9 550
9471.2 550
9471.6 551
9471.9 551
9472.3 550
9472.7 550
9473 550
9473.4 549
9473.8 549
9474.1 548
9474.5 547
9474.8 546
9475.2 545
9475.6 544
9475.9 543
9476.3 541
9476.7 540
9477 539
9477.4 537
9478.4 534
9479.4 530
9480.4 527
9481.4 524
9482.4 520
9482.4 520
9482.8 528
9483.2 539
9483.5 545
9483.9 548
9484.3 550
9484.6 550
9485 551
9485.3 551
9485.7 551
9486.1 552
9486.4 551
9486.8 551
9487.2 551
9487.5 550
9487.9 550
9488.2 549
9488.6 548
9489 547
9489.3 546
9489.7 545
9490.1 544
9490.4 543
9490.8 541
9491.1 540
9491.5 539
9492.5 535
9493.5 532
9494.5 528
9495.6 525
9496.6 522
9496.6 522
9496.9 529
9497.3 540
9497.7 546
9498 549
9498.4 550
9498.8 551
9499.1 552
9499.5 552
9499.8 552
9500.2 553
9500.6 553
9500.9 552
9501.3 552
9501.7 551
9502 551
9502.4 550
9502.7 549
9503.1 548
9503.5 547
9503.8 546
9504.2 545
9504.6 544
9504.9 543
9505.3 541
9505.6 540
9506.7 536
9507.7 533
9508.7 530
9509.7 526
9510.7 523
9510.8 523
9511.1 530
9511.5 541
9511.8 547
9512.2 550
9512.6 551
9512.9 552
9513.3 553
9513.7 553
9514 553
9514.4 554
9514.7 554
9515.1 553
9515.5 553
9515.8 553
9516.2 552
9516.6 551
9516.9 550
9517.3 549
9517.7 548
9518 547
9518.4 546
9518.7 545
9519.1 544
9519.5 543
9519.8 541
9520.9 538
9521.9 534
9522.9 531
9523.9 528
9525 524
9525 524
9525.3 531
9525.7 541
9526.1 548
9526.4 551
9526.8 552
9527.2 553
9527.5 554
9527.9 554
9528.2 554
9528.6 554
9529 554
9529.3 554
9529.7 554
9530.1 553
9530.4 553
9530.8 552
9531.1 551
9531.5 550
9531.9 549
9532.2 548
9532.6 547
9533 546
9533.3 545
9533.7 544
9534 542
9535.1 539
9536.1 535
9537.2 532
9538.2 529
9539.2 525
9539.2 525
9539.6 532
9540 542
9540.3 548
9540.7 551
9541.1 553
9541.4 554
9541.8 554
9542.1 555
9542.5 555
9542.9 555
9543.2 555
9543.6 555
9544 555
9544.3 554
9544.7 554
9545 553
9545.4 552
9545.8 551
9546.1 550
9546.5 549
9546.9 548
9547.2 547
9547.6 546
9547.9 544
9548.3 543
9549.4 540
9550.4 536
9551.4 533
9552.5 529
9553.5 526
9553.5 526
9553.9 532
9554.3 542
9554.6 548
9555 552
9555.4 553
9555.7 554
9556.1 555
9556.4 555
9556.8 555
9557.2 556
9557.5 556
9557.9 555
9558.3 555
9558.6 555
9559 554
9559.4 553
9559.7 553
9560.1 552
9560.4 551
9560.8 550
9561.2 549
9561.5 547
9561.9 546
9562.3 545
9562.6 544
9563.7 540
9564.7 537
9565.8 534
9566.8 530
9567.9 527
9567.9 527
9568.2 533
9568.6 542
9569 549
9569.3 552
9569.7 554
9570 554
9570.4 555
9570.8 556
9571.1 556
9571.5 556
9571.9 556
9572.2 556
9572.6 555
9572.9 555
9573.3 554
9573.7 554
9574 553
9574.4 552
9574.8 551
9575.1 550
9575.5 549
9575.8 548
9576.2 547
9576.6 546
9576.9 544
9578 541
9579.1 537
9580.1 534
9581.2 531
9582.2 527
9582.2 527
9582.6 533
9583 543
9583.3 549
9583.7 552
9584 554
9584.4 555
9584.8 555
9585.1 556
9585.5 556
9585.9 556
9586.2 556
9586.6 556
9586.9 556
9587.3 555
9587.7 555
9588 554
9588.4 553
9588.8 552
9589.1 551
9589.5 550
9589.8 549
9590.2 548
9590.6 547
9590.9 546
9591.3 545
9592.4 541
9593.4 538
9594.5 534
9595.6 531
9596.6 528
9596.6 528
9597 533
9597.4 543
9597.7 549
9598.1 552
9598.5 554
9598.8 555
9599.2 555
9599.5 556
9599.9 556
9600.3 556
9600.6 556
9601 556
9601.4 556
9601.7 555
9602.1 555
9602.4 554
9602.8 553
9603.2 552
9603.5 552
9603.9 551
9604.3 550
9604.6 548
9605 547
9605.3 546
9605.7 545
9606.8 541
9607.8 538
9608.9 535
9610 531
9611.1 528
9611.1 528
9611.4 533
9611.8 542
9612.1 549
9612.5 552
9612.9 554
9613.2 555
9613.6 555
9614 556
9614.3 556
9614.7 556
9615.1 556
9615.4 556
9615.8 556
9616.1 555
9616.5 555
9616.9 554
9617.2 553
9617.6 552
9618 552
9618.3 551
9618.7 550
9619 548
9619.4 547
9619.8 546
9620.1 545
9621.2 541
9622.3 538
9623.4 535
9624.4 532
9625.5 528
9625.5 528
9625.9 533
9626.3 542
9626.6 548
9627 552
9627.3 553
9627.7 554
9628.1 555
9628.4 556
9628.8 556
9629.2 556
9629.5 556
9629.9 556
9630.2 555
9630.6 555
9631 555
9631.3 554
9631.7 553
9632.1 552
9632.4 551
9632.8 551
9633.1 550
9633.5 548
9633.9 547
9634.2 546
9634.6 545
9635.7 541
9636.8 538
9637.9 535
9638.9 532
9640 528
9640 528
9640.4 533
9640.8 542
9641.1 548
9641.5 551
9641.8 553
9642.2 554
9642.6 555
9642.9 555
9643.3 556
9643.7 556
9644 556
9644.4 556
9644.7 555
9645.1 555
9645.5 554
9645.8 554
9646.2 553
9646.6 552
9646.9 551
9647.3 550
9647.7 549
9648 548
9648.4 547
9648.7 546
9649.1 545
9650.2 541
9651.3 537
9652.4 534
9653.5 531
9654.6 527
9654.6 527
9654.9 532
9655.3 540
9655.7 546
9656 550
9656.4 552
9656.8 553
9657.1 554
9657.5 554
9657.8 554
9658.2 555
9658.6 555
9658.9 554
9659.3 554
9659.7 554
9660 553
9660.4 553
9660.7 552
9661.1 551
9661.5 550
9661.8 549
9662.2 548
9662.6 547
9662.9 546
9663.3 545
9663.7 544
9664.7 540
9665.8 537
9666.9 533
9668 530
9669.1 527
9669.1 527
9669.5 531
9669.9 539
9670.2 546
9670.6 549
9671 551
9671.3 552
9671.7 553
9672.1 553
9672.4 554
9672.8 554
9673.1 554
9673.5 554
9673.9 554
9674.2 554
9674.6 553
9675 553
9675.3 552
9675.7 551
9676 550
9676.4 549
9676.8 548
9677.1 547
9677.5 546
9677.9 545
9678.2 544
9679.3 540
9680.4 537
9681.5 534
9682.6 530
9683.7 527
9683.8 527
9684.1 531
9684.5 539
9684.8 545
9685.2 549
9685.6 551
9685.9 552
9686.3 553
9686.7 553
9687 554
9687.4 554
9687.7 554
9688.1 554
9688.5 554
9688.8 554
9689.2 553
9689.6 553
9689.9 552
9690.3 551
9690.7 551
9691 550
9691.4 549
9691.7 548
9692.1 547
9692.5 546
9692.8 544
9693.9 541
9695 538
9696.2 534
9697.3 531
9698.4 528
9698.4 528
9698.7 531
9699.1 540
9699.5 546
9699.8 549
9700.2 551
9700.6 552
9700.9 553
9701.3 554
9701.7 554
9702 555
9702.4 555
9702.7 555
9703.1 555
9703.5 554
9703.8 554
9704.2 554
9704.6 553
9704.9 552
9705.3 551
9705.6 551
9706 550
9706.4 549
9706.7 548
9707.1 546
9707.5 545
9708.6 542
9709.7 539
9710.8 535
9711.9 532
9713 529
9713.1 529
9713.4 532
9713.8 540
9714.1 546
9714.5 550
9714.9 552
9715.2 553
9715.6 554
9716 555
9716.3 555
9716.7 555
9717 556
9717.4 556
9717.8 556
9718.1 555
9718.5 555
9718.9 554
9719.2 554
9719.6 553
9719.9 552
9720.3 552
9720.7 551
9721 550
9721.4 549
9721.8 548
9722.1 546
9723.3 543
9724.4 540
9725.5 536
9726.6 533
9727.8 530
9727.8 530
9728.1 533
9728.5 541
9728.9 547
9729.2 550
9729.6 553
9729.9 554
9730.3 555
9730.7 555
9731 556
9731.4 556
9731.8 556
9732.1 557
9732.5 556
9732.8 556
9733.2 556
9733.6 555
9733.9 555
9734.3 554
9734.7 553
9735 553
9735.4 552
9735.8 551
9736.1 550
9736.5 549
9736.8 548
9738 544
9739.1 541
9740.2 538
9741.4 534
9742.5 531
9742.5 531
9742.9 534
9743.3 542
9743.6 548
9744 551
9744.3 553
9744.7 555
9745.1 556
9745.4 556
9745.8 557
9746.2 557
9746.5 557
9746.9 557
9747.2 557
9747.6 557
9748 557
9748.3 556
9748.7 556
9749.1 555
9749.4 554
9749.8 554
9750.1 553
9750.5 552
9750.9 551
9751.2 550
9751.6 549
9752.7 545
9753.9 542
9755 539
9756.2 535
9757.3 532
9757.3 532
9757.7 535
9758.1 542
9758.4 548
9758.8 552
9759.1 554
9759.5 555
9759.9 556
9760.2 557
9760.6 558
9761 558
9761.3 558
9761.7 558
9762 558
9762.4 558
9762.8 558
9763.1 557
9763.5 557
9763.9 556
9764.2 555
9764.6 554
9764.9 554
9765.3 553
9765.7 552
9766 551
9766.4 550
9767.5 546
9768.7 543
9769.8 540
9771 536
9772.1 533
9772.1 533
9772.5 536
9772.9 543
9773.2 549
9773.6 553
9774 555
9774.3 556
9774.7 557
9775 558
9775.4 558
9775.8 559
9776.1 559
9776.5 559
9776.9 559
9777.2 559
9777.6 558
9777.9 558
9778.3 557
9778.7 557
9779 556
9779.4 555
9779.8 554
9780.1 553
9780.5 552
9780.9 551
9781.2 550
9782.4 547
9783.5 544
9784.7 540
9785.8 537
9787 534
9787 534
9787.4 536
9787.7 544
9788.1 549
9788.5 553
9788.8 555
9789.2 556
9789.5 557
9789.9 558
9790.3 559
9790.6 559
9791 559
9791.4 559
9791.7 559
9792.1 559
9792.4 559
9792.8 558
9793.2 558
9793.5 557
9793.9 556
9794.3 556
9794.6 555
9795 554
9795.3 553
9795.7 552
9796.1 551
9797.2 548
9798.4 544
9799.6 541
9800.7 538
9801.9 534
9801.9 534
9802.3 537
9802.6 544
9803 550
9803.4 553
9803.7 555
9804.1 557
9804.5 558
9804.8 558
9805.2 559
9805.5 559
9805.9 559
9806.3 560
9806.6 559
9807 559
9807.4 559
9807.7 559
9808.1 558
9808.4 557
9808.8 557
9809.2 556
9809.5 555
9809.9 554
9810.3 553
9810.6 552
9811 551
9812.1 548
9813.3 545
9814.5 541
9815.7 538
9816.8 535
9816.8 535
9817.2 537
9817.6 544
9817.9 550
9818.3 553
9818.6 555
9819 557
9819.4 558
9819.7 559
9820.1 559
9820.5 559
9820.8 560
9821.2 560
9821.6 560
9821.9 559
9822.3 559
9822.6 559
9823 558
9823.4 558
9823.7 557
9824.1 556
9824.5 555
9824.8 555
9825.2 554
9825.5 553
9825.9 552
9827.1 548
9828.3 545
9829.4 542
9830.6 538
9831.8 535
9831.8 535
9832.2 538
9832.5 544
9832.9 550
9833.3 553
9833.6 555
9834 557
9834.3 558
9834.7 559
9835.1 559
9835.4 559
9835.8 560
9836.2 560
9836.5 560
9836.9 560
9837.2 559
9837.6 559
9838 558
9838.3 558
9838.7 557
9839.1 556
9839.4 555
9839.8 555
9840.1 554
9840.5 553
9840.9 552
9842.1 548
9843.2 545
9844.4 542
9845.6 539
9846.8 535
9846.8 535
9847.2 538
9847.5 544
9847.9 550
9848.3 553
9848.6 555
9849 557
9849.4 558
9849.7 558
9850.1 559
9850.4 559
9850.8 560
9851.2 560
9851.5 560
9851.9 559
9852.3 559
9852.6 559
9853 558
9853.3 558
9853.7 557
9854.1 556
9854.4 555
9854.8 555
9855.2 554
9855.5 553
9855.9 552
9857.1 548
9858.3 545
9859.5 542
9860.7 539
9861.9 535
9861.9 535
9862.2 538
9862.6 544
9863 549
9863.3 553
9863.7 555
9864 557
9864.4 558
9864.8 558
9865.1 559
9865.5 559
9865.9 559
9866.2 560
9866.6 559
9867 559
9867.3 559
9867.7 559
9868 558
9868.4 558
9868.8 557
9869.1 556
9869.5 555
9869.9 554
9870.2 553
9870.6 552
9870.9 551
9872.1 548
9873.3 545
9874.6 541
9875.8 538
9877 535
9877 535
9877.3 536
9877.7 542
9878.1 548
9878.4 552
9878.8 554
9879.1 555
9879.5 556
9879.9 557
9880.2 558
9880.6 558
9881 558
9881.3 558
9881.7 558
9882.1 558
9882.4 558
9882.8 558
9883.1 557
9883.5 557
9883.9 556
9884.2 555
9884.6 554
9885 554
9885.3 553
9885.7 552
9886 551
9887.2 547
9888.5 544
9889.7 541
9890.9 537
9892.1 534
9892.1 534
9892.5 536
9892.8 542
9893.2 547
9893.5 551
9893.9 553
9894.3 555
9894.6 556
9895 556
9895.4 557
9895.7 557
9896.1 558
9896.4 558
9896.8 558
9897.2 558
9897.5 558
9897.9 557
9898.3 557
9898.6 556
9899 556
9899.3 555
9899.7 554
9900.1 553
9900.4 553
9900.8 552
9901.2 551
9902.4 547
9903.6 544
9904.8 541
9906 537
9907.2 534
9907.3 534
9907.6 536
9908 542
9908.3 547
9908.7 551
9909.1 553
9909.4 554
9909.8 556
9910.2 556
9910.5 557
9910.9 557
9911.2 558
9911.6 558
9912 558
9912.3 558
9912.7 558
9913.1 557
9913.4 557
9913.8 557
9914.1 556
9914.5 555
9914.9 555
9915.2 554
9915.6 553
9916 552
9916.3 551
9917.5 548
9918.8 544
9920 541
9921.2 538
9922.4 535
9922.4 535
9922.8 536
9923.2 542
9923.5 547
9923.9 551
9924.3 553
9924.6 555
9925 556
9925.3 557
9925.7 557
9926.1 558
9926.4 558
9926.8 558
9927.2 559
9927.5 558
9927.9 558
9928.2 558
9928.6 558
9929 557
9929.3 557
9929.7 556
9930.1 555
9930.4 554
9930.8 554
9931.1 553
9931.5 552
9932.7 548
9934 545
9935.2 542
9936.4 539
9937.7 536
9937.7 536
9938 537
9938.4 543
9938.8 548
9939.1 552
9939.5 554
9939.8 556
9940.2 557
9940.6 558
9940.9 558
9941.3 559
9941.7 559
9942 559
9942.4 560
9942.7 560
9943.1 559
9943.5 559
9943.8 559
9944.2 558
9944.6 558
9944.9 557
9945.3 556
9945.6 556
9946 555
9946.4 554
9946.7 553
9948 550
9949.2 547
9950.5 543
9951.7 540
9952.9 537
9952.9 537
9953.3 538
9953.7 544
9954 549
9954.4 552
9954.8 555
9955.1 557
9955.5 558
9955.8 559
9956.2 559
9956.6 560
9956.9 560
9957.3 560
9957.7 561
9958 561
9958.4 560
9958.7 560
9959.1 560
9959.5 559
9959.8 559
9960.2 558
9960.6 557
9960.9 557
9961.3 556
9961.6 555
9962 554
9963.3 551
9964.5 548
9965.8 545
9967 541
9968.2 538
9968.3 538
9968.6 539
9969 545
9969.3 550
9969.7 553
9970.1 556
9970.4 557
9970.8 559
9971.2 559
9971.5 560
9971.9 561
9972.2 561
9972.6 561
9973 561
9973.3 561
9973.7 561
9974.1 561
9974.4 561
9974.8 560
9975.1 560
9975.5 559
9975.9 558
9976.2 558
9976.6 557
9977 556
9977.3 555
9978.6 552
9979.8 549
9981.1 546
9982.4 542
9983.6 539
9983.6 539
9984 540
9984.3 545
9984.7 550
9985.1 554
9985.4 556
9985.8 558
9986.2 559
9986.5 560
9986.9 561
9987.2 561
9987.6 562
9988 562
9988.3 562
9988.7 562
9989.1 562
9989.4 562
9989.8 561
9990.1 561
9990.5 560
9990.9 560
9991.2 559
9991.6 558
9992 558
9992.3 557
9992.7 556
9994 553
9995.2 550
9996.5 546
9997.8 543
9999 540
9999 540
9999.4 541
9999.8 546
10000 551
10000 554
10001 557
10001 559
10002 560
10002 561
10002 561
10003 562
10003 562
10003 562
10004 563
10004 563
10004 562
10005 562
10005 562
10006 561
10006 561
10006 560
10007 560
10007 559
10007 558
10008 557
10008 556
10009 553
10011 550
10012 547
10013 544
10014 541
10014 541
10015 542
10015 546
10016 551
10016 555
10016 557
10017 559
10017 560
10017 561
10018 562
10018 562
10018 563
10019 563
10019 563
10020 563
10020 563
10020 563
10021 562
10021 562
10021 561
10022 561
10022 560
10022 559
10023 559
10023 558
10024 557
10025 554
10026 551
10027 547
10029 544
10030 541
10030 541
10030 542
10031 546
10031 551
10031 555
10032 557
10032 559
10032 560
10033 561
10033 562
10034 562
10034 563
10034 563
10035 563
10035 563
10035 563
10036 563
10036 562
10036 562
10037 561
10037 561
10038 560
10038 560
10038 559
10039 558
10039 557
10040 554
10042 551
10043 548
10044 544
10045 541
10045 541
10046 542
10046 547
10047 551
10047 555
10047 557
10048 559
10048 560
10048 561
10049 562
10049 562
10049 563
10050 563
10050 563
10051 563
10051 563
10051 563
10052 562
10052 562
10052 562
10053 561
10053 560
10053 560
10054 559
10054 558
10054 557
10056 554
10057 551
10058 548
10060 545
10061 541
10061 541
10061 542
10062 547
10062 551
10062 555
10063 557
10063 559
10064 560
10064 561
10064 562
10065 562
10065 563
10065 563
10066 563
10066 563
10066 563
10067 563
10067 562
10067 562
10068 561
10068 561
10069 560
10069 560
10069 559
10070 558
10070 557
10071 554
10073 551
10074 548
10075 545
10077 541
10077 541
10077 542
10077 546
10078 551
10078 555
10078 557
10079 559
10079 560
10079 561
10080 561
10080 562
10081 562
10081 563
10081 563
10082 563
10082 563
10082 562
10083 562
10083 562
10083 561
10084 561
10084 560
10085 559
10085 559
10085 558
10086 557
10087 554
10088 551
10090 548
10091 545
10092 541
10092 541
10093 542
10093 546
10093 551
10094 554
10094 557
10094 558
10095 560
10095 560
10095 561
10096 562
10096 562
10097 562
10097 562
10097 562
10098 562
10098 562
10098 562
10099 561
10099 561
10099 560
10100 560
10100 559
10101 558
10101 558
10101 557
10103 554
10104 551
10105 548
10107 544
10108 541
10108 541
10108 542
10109 546
10109 550
10109 554
10110 556
10110 558
10110 559
10111 560
10111 561
10111 561
10112 562
10112 562
10113 562
10113 562
10113 562
10114 562
10114 562
10114 561
10115 561
10115 560
10115 560
10116 559
10116 558
10117 557
10117 556
10118 553
10120 550
10121 547
10122 544
10124 540
10124 540
10124 541
10124 545
10125 549
10125 552
10125 555
10126 557
10126 558
10126 559
10127 560
10127 560
10128 561
10128 561
10128 561
10129 561
10129 561
10129 561
10130 560
10130 560
10130 560
10131 559
10131 559
10132 558
10132 557
10132 556
10133 556
10134 552
10135 549
10137 546
10138 543
10139 540
10139 540
10140 540
10140 544
10140 548
10141 552
10141 554
10141 556
10142 557
10142 558
10143 559
10143 559
10143 560
10144 560
10144 560
10144 560
10145 560
10145 560
10145 560
10146 560
10146 559
10147 559
10147 558
10147 557
10148 557
10148 556
10148 555
10150 552
10151 549
10152 546
10154 543
10155 539
10155 539
10155 540
10156 543
10156 548
10156 551
10157 554
10157 555
10158 557
10158 558
10158 558
10159 559
10159 560
10159 560
10160 560
10160 560
10160 560
10161 560
10161 560
10162 560
10162 559
10162 559
10163 558
10163 558
10163 557
10164 556
10164 555
10165 552
10167 549
10168 546
10169 543
10171 540
10171 540
10171 540
10172 544
10172 548
10172 551
10173 554
10173 555
10173 557
10174 558
10174 559
10174 559
10175 560
10175 560
10176 560
10176 560
10176 560
10177 560
10177 560
10177 560
10178 559
10178 559
10178 559
10179 558
10179 557
10180 557
10180 556
10181 553
10183 550
10184 547
10185 543
10187 540
10187 540
10187 541
10187 544
10188 548
10188 552
10189 554
10189 556
10189 557
10190 558
10190 559
10190 560
10191 560
10191 561
10191 561
10192 561
10192 561
10193 561
10193 561
10193 560
10194 560
10194 560
10194 559
10195 559
10195 558
10195 557
10196 556
10197 554
10199 550
10200 547
10201 544
10203 541
10203 541
10203 541
10203 545
10204 549
10204 552
10204 554
10205 556
10205 558
10206 559
10206 559
10206 560
10207 561
10207 561
10207 561
10208 561
10208 562
10208 561
10209 561
10209 561
10210 561
10210 560
10210 560
10211 559
10211 559
10211 558
10212 557
10213 554
10214 551
10216 548
10217 545
10219 542
10219 542
10219 542
10219 545
10220 549
10220 553
10220 555
10221 557
10221 558
10221 559
10222 560
10222 561
10223 561
10223 562
10223 562
10224 562
10224 562
10224 562
10225 562
10225 562
10225 561
10226 561
10226 560
10227 560
10227 559
10227 559
10228 558
10229 555
10230 552
10232 549
10233 546
10235 543
10235 543
10235 543
10235 546
10236 550
10236 553
10236 556
10237 557
10237 559
10237 560
10238 561
10238 561
10239 562
10239 562
10239 562
10240 563
10240 563
10240 563
10241 562
10241 562
10241 562
10242 562
10242 561
10243 561
10243 560
10243 559
10244 559
10245 556
10246 553
10248 550
10249 546
10251 543
10251 543
10251 544
10251 546
10252 550
10252 554
10252 556
10253 558
10253 559
10253 560
10254 561
10254 562
10255 562
10255 563
10255 563
10256 563
10256 563
10256 563
10257 563
10257 563
10257 562
10258 562
10258 562
10259 561
10259 560
10259 560
10260 559
10261 556
10262 553
10264 550
10265 547
10267 544
10267 544
10267 544
10267 547
10268 551
10268 554
10268 556
10269 558
10269 559
10270 560
10270 561
10270 562
10271 563
10271 563
10271 563
10272 563
10272 563
10272 563
10273 563
10273 563
10274 563
10274 562
10274 562
10275 561
10275 561
10275 560
10276 559
10277 557
10278 554
10280 551
10281 547
10283 544
10283 544
10283 544
10283 547
10284 551
10284 554
10285 556
10285 558
10285 560
10286 561
10286 562
10286 562
10287 563
10287 563
10287 563
10288 564
10288 564
10289 564
10289 563
10289 563
10290 563
10290 563
10290 562
10291 562
10291 561
10291 560
10292 560
10293 557
10295 554
10296 551
10297 548
10299 545
10299 545
10299 545
10300 547
10300 551
10300 554
10301 557
10301 558
10301 560
10302 561
10302 562
10302 562
10303 563
10303 563
10304 563
10304 564
10304 564
10305 564
10305 564
10305 563
10306 563
10306 563
10306 562
10307 562
10307 561
10308 560
10308 560
10309 557
10311 554
10312 551
10314 548
10315 545
10315 545
10315 545
10316 547
10316 551
10316 554
10317 556
10317 558
10318 560
10318 561
10318 562
10319 562
10319 563
10319 563
10320 563
10320 564
10320 564
10321 564
10321 563
10322 563
10322 563
10322 563
10323 562
10323 562
10323 561
10324 560
10324 560
10326 557
10327 554
10328 551
10330 548
10331 545
10331 545
10332 545
10332 547
10332 551
10333 554
10333 556
10333 558
10334 559
10334 560
10335 561
10335 562
10335 563
10336 563
10336 563
10336 563
10337 563
10337 563
10337 563
10338 563
10338 563
10339 562
10339 562
10339 561
10340 561
10340 560
10340 560
10342 557
10343 554
10345 551
10346 548
10348 545
10348 545
10348 545
10348 547
10349 551
10349 554
10349 556
10350 558
10350 559
10350 560
10351 561
10351 562
10352 562
10352 563
10352 563
10353 563
10353 563
10353 563
10354 563
10354 563
10354 563
10355 562
10355 562
10356 561
10356 561
10356 560
10357 560
10358 557
10359 554
10361 551
10362 548
10364 545
10364 545
10364 545
10365 547
10365 550
10365 553
10366 556
10366 557
10366 559
10367 560
10367 561
10367 561
10368 562
10368 562
10369 563
10369 563
10369 563
10370 563
10370 563
10370 563
10371 562
10371 562
10371 561
10372 561
10372 560
10373 560
10373 559
10374 556
10376 553
10377 550
10379 547
10380 544
10380 544
10381 544
10381 546
10381 549
10382 552
10382 555
10382 556
10383 558
10383 559
10383 560
10384 560
10384 561
10385 561
10385 562
10385 562
10386 562
10386 562
10386 562
10387 562
10387 561
10387 561
10388 561
10388 560
10388 559
10389 559
10389 558
10391 555
10392 552
10394 549
10395 546
10397 543
10397 543
10397 543
10397 545
10398 548
10398 551
10398 554
10399 555
10399 557
10399 558
10400 559
10400 560
10401 560
10401 561
10401 561
10402 561
10402 561
10402 561
10403 561
10403 561
10403 561
10404 560
10404 560
10405 560
10405 559
10405 558
10406 558
10407 555
10409 552
10410 549
10411 546
10413 543
10413 543
10413 543
10414 545
10414 548
10414 551
10415 553
10415 555
10415 556
10416 558
10416 558
10417 559
10417 560
10417 560
10418 561
10418 561
10418 561
10419 561
10419 561
10419 561
10420 561
10420 560
10421 560
10421 560
10421 559
10422 558
10422 558
10423 555
10425 552
10426 549
10428 546
10429 543
10429 543
10430 543
10430 545
10431 548
10431 551
10431 553
10432 555
10432 556
10432 558
10433 558
10433 559
10433 560
10434 560
10434 561
10434 561
10435 561
10435 561
10436 561
10436 561
10436 561
10437 561
10437 560
10437 560
10438 559
10438 559
10438 558
10440 555
10441 553
10443 550
10444 547
10446 543
10446 543
10446 543
10447 545
10447 548
10447 551
10448 553
10448 555
10448 557
10449 558
10449 559
10450 560
10450 560
10450 561
10451 561
10451 561
10451 561
10452 562
10452 562
10452 561
10453 561
10453 561
10454 561
10454 560
10454 560
10455 559
10455 559
10456 556
10458 553
10459 550
10461 547
10462 544
10462 544
10463 544
10463 546
10464 549
10464 552
10464 554
10465 556
10465 557
10465 558
10466 559
10466 560
10466 561
10467 561
10467 562
10468 562
10468 562
10468 562
10469 562
10469 562
10469 562
10470 562
10470 561
10470 561
10471 560
10471 560
10472 559
10473 557
10475 554
10476 551
10478 548
10479 545
10479 545
10479 545
10480 546
10480 549
10481 552
10481 554
10481 556
10482 558
10482 559
10482 560
10483 560
10483 561
10483 562
10484 562
10484 562
10485 563
10485 563
10485 563
10486 563
10486 562
10486 562
10487 562
10487 561
10487 561
10488 560
10488 560
10490 557
10491 554
10493 552
10494 549
10496 545
10496 545
10496 545
10496 547
10497 550
10497 553
10498 555
10498 557
10498 558
10499 559
10499 560
10499 561
10500 562
10500 562
10500 563
10501 563
10501 563
10502 563
10502 563
10502 563
10503 563
10503 563
10503 562
10504 562
10504 561
10504 561
10505 560
10506 558
10508 555
10509 552
10511 549
10512 546
10512 546
10513 546
10513 547
10513 550
10514 553
10514 555
10515 557
10515 558
10515 560
10516 561
10516 561
10516 562
10517 563
10517 563
10517 563
10518 563
10518 564
10519 564
10519 563
10519 563
10520 563
10520 563
10520 562
10521 562
10521 561
10521 561
10523 558
10524 556
10526 553
10528 550
10529 547
10529 547
10529 546
10530 548
10530 551
10531 553
10531 556
10531 557
10532 559
10532 560
10532 561
10533 562
10533 562
10533 563
10534 563
10534 563
10535 564
10535 564
10535 564
10536 564
10536 564
10536 563
10537 563
10537 563
10537 562
10538 562
10538 561
10540 559
10541 556
10543 553
10544 550
10546 547
10546 547
10546 547
10547 548
10547 551
10547 553
10548 556
10548 557
10548 559
10549 560
10549 561
10549 562
10550 562
10550 563
10551 563
10551 564
10551 564
10552 564
10552 564
10552 564
10553 564
10553 563
10553 563
10554 563
10554 562
10555 562
10555 561
10556 559
10558 556
10560 553
10561 550
10563 547
10563 547
10563 547
10563 548
10564 551
10564 553
10564 556
10565 557
10565 559
10566 560
10566 561
10566 562
10567 562
10567 563
10567 563
10568 564
10568 564
10568 564
10569 564
10569 564
10570 564
10570 563
10570 563
10571 563
10571 562
10571 562
10572 561
10573 559
10575 556
10576 553
10578 550
10579 547
10580 547
10580 547
10580 548
10581 551
10581 553
10581 556
10582 557
10582 559
10582 560
10583 561
10583 562
10583 562
10584 563
10584 563
10585 564
10585 564
10585 564
10586 564
10586 564
10586 564
10587 563
10587 563
10587 563
10588 562
10588 562
10589 561
10590 559
10592 556
10593 553
10595 550
10596 547
10596 547
10597 547
10597 548
10597 551
10598 553
10598 555
10599 557
10599 559
10599 560
10600 561
10600 561
10600 562
10601 563
10601 563
10601 563
10602 564
10602 564
10603 564
10603 564
10603 563
10604 563
10604 563
10604 563
10605 562
10605 562
10605 561
10607 559
10609 556
10610 553
10612 550
10613 547
10613 547
10614 547
10614 548
10614 550
10615 553
10615 555
10616 557
10616 558
10616 560
10617 560
10617 561
10617 562
10618 562
10618 563
10618 563
10619 563
10619 563
10619 563
10620 563
10620 563
10621 563
10621 563
10621 562
10622 562
10622 561
10622 561
10624 558
10626 556
10627 553
10629 549
10630 546
10630 546
10631 546
10631 547
10631 550
10632 552
10632 554
10632 556
10633 557
10633 558
10634 559
10634 560
10634 561
10635 561
10635 562
10635 562
10636 562
10636 562
10636 562
10637 562
10637 562
10638 562
10638 562
10638 561
10639 561
10639 561
10639 560
10641 558
10643 555
10644 552
10646 549
10647 546
10647 546
10648 545
10648 546
10648 549
10649 551
10649 553
10649 555
10650 557
10650 558
10651 559
10651 559
10651 560
10652 561
10652 561
10652 561
10653 562
10653 562
10653 562
10654 562
10654 562
10655 562
10655 561
10655 561
10656 561
10656 560
10656 560
10658 557
10660 554
10661 552
10663 548
10664 545
10664 545
10665 545
10665 546
10665 548
10666 551
10666 553
10667 555
10667 556
10667 557
10668 558
10668 559
10668 560
10669 560
10669 561
10669 561
10670 561
10670 562
10671 562
10671 562
10671 562
10672 561
10672 561
10672 561
10673 561
10673 560
10673 560
10675 557
10677 554
10678 552
10680 549
10681 546
10681 546
10682 545
10682 546
10683 548
10683 551
10683 553
10684 555
10684 556
10684 557
10685 558
10685 559
10685 560
10686 560
10686 561
10687 561
10687 561
10687 562
10688 562
10688 562
10688 562
10689 562
10689 561
10689 561
10690 561
10690 560
10691 560
10692 557
10694 555
10695 552
10697 549
10699 546
10699 546
10699 546
10699 547
10700 549
10700 551
10700 553
10701 555
10701 556
10702 557
10702 558
10702 559
10703 560
10703 561
10703 561
10704 561
10704 562
10704 562
10705 562
10705 562
10706 562
10706 562
10706 562
10707 561
10707 561
10707 561
10708 560
10709 558
10711 555
10713 552
10714 549
10716 546
10716 546
10716 546
10717 547
10717 549
10717 551
10718 553
10718 555
10718 557
10719 558
10719 559
10719 560
10720 560
10720 561
10721 561
10721 562
10721 562
10722 562
10722 563
10722 563
10723 562
10723 562
10723 562
10724 562
10724 562
10725 561
10725 561
10727 558
10728 556
10730 553
10731 550
10733 547
10733 547
10733 547
10734 548
10734 550
10735 552
10735 554
10735 556
10736 557
10736 558
10736 559
10737 560
10737 561
10737 561
10738 562
10738 562
10738 563
10739 563
10739 563
10740 563
10740 563
10740 563
10741 563
10741 562
10741 562
10742 562
10742 561
10744 559
10745 556
10747 554
10749 551
10750 548
10750 548
10751 547
10751 548
10751 550
10752 553
10752 555
10752 556
10753 558
10753 559
10754 560
10754 561
10754 562
10755 562
10755 563
10755 563
10756 564
10756 564
10756 564
10757 564
10757 564
10758 564
10758 564
10758 563
10759 563
10759 563
10759 562
10761 560
10763 557
10764 555
10766 552
10768 549
10768 549
10768 548
10768 549
10769 551
10769 553
10769 555
10770 557
10770 559
10771 560
10771 561
10771 562
10772 562
10772 563
10772 564
10773 564
10773 564
10773 564
10774 565
10774 565
10775 565
10775 564
10775 564
10776 564
10776 564
10776 563
10777 563
10778 561
10780 558
10782 555
10783 552
10785 549
10785 549
10785 549
10786 550
10786 552
10786 554
10787 556
10787 558
10788 559
10788 560
10788 561
10789 562
10789 563
10789 563
10790 564
10790 564
10790 565
10791 565
10791 565
10792 565
10792 565
10792 565
10793 565
10793 564
10793 564
10794 564
10794 563
10796 561
10797 559
10799 556
10801 553
10802 550
10802 550
10803 549
10803 550
10803 552
10804 554
10804 556
10805 558
10805 559
10805 560
10806 561
10806 562
10806 563
10807 564
10807 564
10807 565
10808 565
10808 565
10809 565
10809 565
10809 565
10810 565
10810 565
10810 565
10811 564
10811 564
10811 564
10813 561
10815 559
10816 556
10818 553
10820 550
10820 550
10820 550
10821 550
10821 552
10821 554
10822 556
10822 558
10822 559
10823 560
10823 561
10823 562
10824 563
10824 564
10825 564
10825 565
10825 565
10826 565
10826 565
10826 565
10827 565
10827 565
10827 565
10828 565
10828 564
10829 564
10829 564
10831 561
10832 559
10834 556
10836 553
10837 550
10837 550
10838 550
10838 550
10838 552
10839 554
10839 556
10840 558
10840 559
10840 560
10841 561
10841 562
10841 563
10842 564
10842 564
10842 564
10843 565
10843 565
10844 565
10844 565
10844 565
10845 565
10845 565
10845 565
10846 564
10846 564
10846 564
10848 561
10850 559
10852 556
10853 553
10855 550
10855 550
10855 550
10856 550
10856 552
10856 554
10857 556
10857 558
10857 559
10858 560
10858 561
10859 562
10859 563
10859 563
10860 564
10860 564
10860 565
10861 565
10861 565
10861 565
10862 565
10862 565
10863 565
10863 564
10863 564
10864 564
10864 563
10866 561
10867 559
10869 556
10871 553
10872 550
10873 550
10873 550
10873 550
10874 552
10874 554
10874 556
10875 557
10875 559
10875 560
10876 561
10876 562
10876 562
10877 563
10877 563
10878 564
10878 564
10878 564
10879 565
10879 565
10879 565
10880 564
10880 564
10880 564
10881 564
10881 563
10882 563
10883 561
10885 558
10887 556
10888 553
10890 550
10890 550
10890 549
10891 550
10891 551
10892 553
10892 555
10892 557
10893 558
10893 559
10893 560
10894 561
10894 562
10894 563
10895 563
10895 564
10896 564
10896 564
10896 564
10897 564
10897 564
10897 564
10898 564
10898 564
10898 563
10899 563
10899 563
10901 560
10903 558
10904 555
10906 552
10908 549
10908 549
10908 548
10909 549
10909 550
10909 552
10910 554
10910 556
10910 557
10911 558
10911 559
10911 560
10912 561
10912 561
10912 562
10913 562
10913 563
10914 563
10914 563
10914 563
10915 563
10915 563
10915 563
10916 563
10916 562
10916 562
10917 562
10919 559
10920 557
10922 554
10924 551
10925 548
10926 548
10926 547
10926 548
10927 549
10927 551
10927 553
10928 555
10928 556
10928 557
10929 558
10929 559
10929 560
10930 560
10930 561
10931 561
10931 562
10931 562
10932 562
10932 562
10932 562
10933 562
10933 562
10933 562
10934 562
10934 561
10935 561
10936 559
10938 556
10940 553
10942 550
10943 547
10943 547
10944 547
10944 547
10944 549
10945 551
10945 553
10945 554
10946 556
10946 557
10947 558
10947 559
10947 559
10948 560
10948 560
10948 561
10949 561
10949 561
10949 562
10950 562
10950 562
10951 562
10951 562
10951 561
10952 561
10952 561
10952 561
10954 558
10956 556
10958 553
10959 550
10961 547
10961 547
10961 547
10962 547
10962 549
10963 550
10963 552
10963 554
10964 555
10964 556
10964 557
10965 558
10965 559
10965 560
10966 560
10966 561
10967 561
10967 561
10967 561
10968 562
10968 562
10968 562
10969 562
10969 561
10969 561
10970 561
10970 561
10972 558
10974 556
10975 553
10977 550
10979 547
10979 547
10979 547
10980 547
10980 549
10980 551
10981 552
10981 554
10981 555
10982 556
10982 557
10983 558
10983 559
10983 560
10984 560
10984 561
10984 561
10985 561
10985 562
10985 562
10986 562
10986 562
10987 562
10987 562
10987 561
10988 561
10988 561
10990 559
10992 556
10993 554
10995 551
10997 548
10997 548
10997 547
10998 548
10998 549
10998 551
10999 552
10999 554
10999 555
11000 557
11000 558
11000 559
11001 559
11001 560
11002 560
11002 561
11002 561
11003 562
11003 562
11003 562
11004 562
11004 562
11004 562
11005 562
11005 562
11006 561
11006 561
11008 559
11009 557
11011 554
11013 551
11015 548
11015 548
11015 548
11016 548
11016 549
11016 551
11017 553
11017 554
11017 556
11018 557
11018 558
11018 559
11019 560
11019 560
11020 561
11020 561
11020 562
11021 562
11021 562
11021 562
11022 562
11022 562
11022 562
11023 562
11023 562
11024 562
11024 561
11026 559
11027 557
11029 554
11031 552
11033 549
11033 549
11033 548
11034 548
11034 550
11034 551
11035 553
11035 555
11035 556
11036 557
11036 558
11036 559
11037 560
11037 560
11038 561
11038 561
11038 562
11039 562
11039 562
11039 563
11040 563
11040 563
11040 563
11041 562
11041 562
11041 562
11042 562
11044 560
11045 557
11047 555
11049 552
11051 549
11051 549
11051 549
11052 549
11052 550
11052 552
11053 553
11053 555
11053 556
11054 557
11054 558
11054 559
11055 560
11055 561
11056 561
11056 562
11056 562
11057 562
11057 563
11057 563
11058 563
11058 563
11058 563
11059 563
11059 562
11060 562
11060 562
11062 560
11063 558
11065 555
11067 552
11069 549
11069 549
11069 549
11070 549
11070 550
11070 552
11071 553
11071 555
11071 556
11072 557
11072 558
11073 559
11073 560
11073 561
11074 561
11074 562
11074 562
11075 562
11075 563
11075 563
11076 563
11076 563
11077 563
11077 563
11077 563
11078 562
11078 562
11080 560
11082 558
11083 555
11085 552
11087 549
11087 549
11087 549
11088 549
11088 550
11089 552
11089 553
11089 555
11090 556
11090 557
11090 558
11091 559
11091 560
11091 561
11092 561
11092 562
11092 562
11093 562
11093 563
11094 563
11094 563
11094 563
11095 563
11095 563
11095 563
11096 562
11096 562
11098 560
11100 558
11102 555
11103 552
11105 549
11105 549
11106 549
11106 549
11106 550
11107 552
11107 553
11107 555
11108 556
11108 557
11108 558
11109 559
11109 560
11110 561
11110 561
11110 562
11111 562
11111 562
11111 563
11112 563
11112 563
11112 563
11113 563
11113 563
11114 562
11114 562
11114 562
11116 560
11118 558
11120 555
11122 552
11123 549
11123 549
11124 549
11124 549
11125 550
11125 552
11125 553
11126 555
11126 556
11126 557
11127 558
11127 559
11127 560
11128 561
11128 561
11129 562
11129 562
11129 562
11130 562
11130 563
11130 563
11131 563
11131 563
11131 563
11132 562
11132 562
11133 562
11134 560
11136 558
11138 555
11140 552
11142 549
11142 549
11142 549
11142 549
11143 550
11143 552
11144 553
11144 555
11144 556
11145 557
11145 558
11145 559
11146 560
11146 560
11146 561
11147 561
11147 562
11147 562
11148 562
11148 562
11149 562
11149 562
11149 562
11150 562
11150 562
11150 562
11151 562
11153 560
11154 557
11156 555
11158 552
11160 549
11160 549
11160 549
11161 549
11161 550
11161 551
11162 553
11162 554
11163 556
11163 557
11163 558
11164 559
11164 559
11164 560
11165 561
11165 561
11165 561
11166 562
11166 562
11167 562
11167 562
11167 562
11168 562
11168 562
11168 562
11169 562
11169 561
11171 559
11173 557
11175 554
11176 551
11178 549
11178 549
11179 548
11179 548
11179 549
11180 550
11180 552
11181 553
11181 555
11181 556
11182 557
11182 558
11182 558
11183 559
11183 560
11183 560
11184 560
11184 561
11185 561
11185 561
11185 561
11186 561
11186 561
11186 561
11187 561
11187 561
11187 561
11189 559
11191 556
11193 554
11195 551
11197 548
11197 548
11197 547
11197 547
11198 548
11198 550
11199 551
11199 553
11199 554
11200 555
11200 556
11200 557
11201 558
11201 558
11201 559
11202 559
11202 560
11203 560
11203 560
11203 560
11204 561
11204 561
11204 561
11205 560
11205 560
11205 560
11206 560
11208 558
11210 556
11211 553
11213 550
11215 547
11215 547
11216 547
11216 547
11216 548
11217 549
11217 551
11217 552
11218 553
11218 554
11218 555
11219 556
11219 557
11220 558
11220 558
11220 559
11221 559
11221 560
11221 560
11222 560
11222 560
11222 560
11223 560
11223 560
11224 560
11224 560
11224 560
11226 558
11228 555
11230 553
11232 550
11234 547
11234 547
11234 547
11234 547
11235 548
11235 549
11236 550
11236 552
11236 553
11237 554
11237 555
11237 556
11238 557
11238 558
11238 558
11239 559
11239 559
11240 559
11240 560
11240 560
11241 560
11241 560
11241 560
11242 560
11242 560
11242 560
11243 560
11245 558
11247 556
11248 553
11250 550
11252 547
11252 547
11253 547
11253 547
11253 548
11254 549
11254 551
11254 552
11255 553
11255 554
11256 555
11256 556
11256 557
11257 558
11257 558
11257 559
11258 559
11258 560
11258 560
11259 560
11259 560
11259 560
11260 560
11260 560
11261 560
11261 560
11261 560
11263 558
11265 556
11267 553
11269 551
11271 548
11271 548
11271 547
11272 547
11272 548
11272 549
11273 551
11273 552
11273 553
11274 555
11274 556
11274 556
11275 557
11275 558
11276 559
11276 559
11276 560
11277 560
11277 560
11277 560
11278 561
11278 561
11278 561
11279 561
11279 561
11280 560
11280 560
11282 559
11284 556
11286 554
11288 551
11289 548
11289 548
11290 548
11290 548
11291 549
11291 550
11291 551
11292 553
11292 554
11292 555
11293 556
11293 557
11293 558
11294 558
11294 559
11295 559
11295 560
11295 560
11296 560
11296 561
11296 561
11297 561
11297 561
11297 561
11298 561
11298 561
11299 561
11300 559
11302 557
11304 554
11306 552
11308 549
11308 549
11309 548
11309 548
11309 549
11310 550
11310 552
11310 553
11311 554
11311 555
11311 556
11312 557
11312 558
11312 559
11313 559
11313 560
11314 560
11314 560
11314 561
11315 561
11315 561
11315 561
11316 561
11316 561
11316 561
11317 561
11317 561
11319 559
11321 557
11323 555
11325 552
11327 549
11327 549
11327 549
11328 549
11328 549
11328 550
11329 552
11329 553
11329 554
11330 555
11330 556
11331 557
11331 558
11331 559
11332 559
11332 560
11332 560
11333 561
11333 561
11333 561
11334 561
11334 561
11334 562
11335 562
11335 561
11336 561
11336 561
11338 559
11340 557
11342 555
11344 552
11346 549
11346 549
11346 549
11346 549
11347 549
11347 551
11347 552
11348 553
11348 555
11349 556
11349 557
11349 557
11350 558
11350 559
11350 560
11351 560
11351 560
11351 561
11352 561
11352 561
11353 562
11353 562
11353 562
11354 562
11354 562
11354 561
11355 561
11357 560
11359 557
11361 555
11363 552
11365 550
11365 550
11365 549
11365 549
11366 550
11366 551
11366 552
11367 553
11367 555
11367 556
11368 557
11368 558
11369 558
11369 559
11369 560
11370 560
11370 560
11370 561
11371 561
11371 561
11371 562
11372 562
11372 562
11373 562
11373 562
11373 561
11374 561
11376 560
11378 558
11379 555
11381 552
11383 550
11383 550
11384 549
11384 549
11384 550
11385 551
11385 552
11386 553
11386 555
11386 556
11387 557
11387 557
11387 558
11388 559
11388 560
11388 560
11389 560
11389 561
11390 561
11390 561
11390 561
11391 562
11391 562
11391 562
11392 562
11392 561
11392 561
11394 560
11396 558
11398 555
11400 552
11402 550
11402 550
11403 549
11403 549
11403 550
11404 551
11404 552
11404 553
11405 554
11405 556
11406 557
11406 557
11406 558
11407 559
11407 559
11407 560
11408 560
11408 561
11408 561
11409 561
11409 561
11410 561
11410 562
11410 561
11411 561
11411 561
11411 561
11413 560
11415 557
11417 555
11419 552
11421 550
11421 550
11422 549
11422 549
11422 550
11423 551
11423 552
11423 553
11424 554
11424 555
11425 556
11425 557
11425 558
11426 559
11426 559
11426 560
11427 560
11427 560
11427 561
11428 561
11428 561
11429 561
11429 561
11429 561
11430 561
11430 561
11430 561
11432 559
11434 557
11436 555
11438 552
11440 549
11440 549
11441 549
11441 549
11441 549
11442 550
11442 552
11442 553
11443 554
11443 555
11444 556
11444 557
11444 558
11445 558
11445 559
11445 559
11446 560
11446 560
11446 560
11447 561
11447 561
11448 561
11448 561
11448 561
11449 561
11449 561
11449 561
11451 559
11453 557
11455 555
11457 552
11459 549
11459 549
11460 549
11460 549
11460 549
11461 550
11461 551
11462 553
11462 554
11462 555
11463 556
11463 557
11463 557
11464 558
11464 559
11464 559
11465 560
11465 560
11466 560
11466 560
11466 561
11467 561
11467 561
11467 561
11468 561
11468 561
11468 560
11470 559
11472 557
11474 554
11476 551
11479 548
11479 548
11479 548
11479 548
11480 548
11480 549
11480 550
11481 552
11481 553
11481 554
11482 555
11482 556
11483 556
11483 557
11483 558
11484 558
11484 558
11484 559
11485 559
11485 559
11485 560
11486 560
11486 560
11486 560
11487 560
11487 560
11488 559
11490 558
11492 556
11494 553
11496 550
11498 548
11498 548
11498 547
11498 547
11499 547
11499 548
11500 549
11500 551
11500 552
11501 553
11501 554
11501 555
11502 555
11502 556
11502 557
11503 557
11503 558
11503 558
11504 558
11504 559
11505 559
11505 559
11505 559
11506 559
11506 559
11506 559
11507 559
11509 557
11511 555
11513 553
11515 550
11517 547
11517 547
11517 547
11518 546
11518 547
11518 548
11519 549
11519 550
11519 551
11520 552
11520 553
11521 554
11521 555
11521 555
11522 556
11522 557
11522 557
11523 557
11523 558
11523 558
11524 558
11524 558
11525 558
11525 558
11525 558
11526 558
11526 558
11528 557
11530 555
11532 552
11534 550
11536 547
11536 547
11537 546
11537 546
11537 547
11538 548
11538 549
11538 550
11539 551
11539 552
11539 553
11540 554
11540 555
11541 555
11541 556
11541 556
11542 557
11542 557
11542 558
11543 558
11543 558
11543 558
11544 558
11544 558
11545 558
11545 558
11545 558
11547 557
11549 555
11551 552
11553 550
11555 547
11555 547
11556 547
11556 546
11557 547
11557 548
11557 549
11558 550
11558 551
11558 552
11559 553
11559 554
11559 555
11560 555
11560 556
11561 556
11561 557
11561 557
11562 558
11562 558
11562 558
11563 558
11563 558
11563 559
11564 559
11564 558
11565 558
11567 557
11569 555
11571 553
11573 550
11575 547
11575 547
11575 547
11576 547
11576 547
11576 548
11577 549
11577 550
11577 551
11578 552
11578 553
11578 554
11579 555
11579 556
11580 556
11580 557
11580 557
11581 558
11581 558
11581 558
11582 558
11582 559
11582 559
11583 559
11583 559
11584 559
11584 559
11586 557
11588 555
11590 553
11592 550
11594 548
11594 548
11595 547
11595 547
11595 547
11596 548
11596 549
11596 550
11597 552
11597 553
11598 553
11598 554
11598 555
11599 556
11599 556
11599 557
11600 557
11600 558
11600 558
11601 558
11601 559
11601 559
11602 559
11602 559
11603 559
11603 559
11603 559
11605 558
11607 556
11610 553
11612 551
11614 548
11614 548
11614 548
11614 547
11615 548
11615 548
11616 550
11616 551
11616 552
11617 553
11617 554
11617 555
11618 555
11618 556
11618 557
11619 557
11619 558
11620 558
11620 558
11620 559
11621 559
11621 559
11621 559
11622 559
11622 559
11622 559
11623 559
11625 558
11627 556
11629 554
11631 551
11633 548
11633 548
11634 548
11634 548
11634 548
11635 549
11635 550
11635 551
11636 552
11636 553
11636 554
11637 555
11637 555
11638 556
11638 557
11638 557
11639 558
11639 558
11639 559
11640 559
11640 559
11640 559
11641 559
11641 559
11642 559
11642 559
11642 559
11644 558
11646 556
11649 554
11651 551
11653 549
11653 549
11653 548
11653 548
11654 548
11654 549
11655 550
11655 551
11655 552
11656 553
11656 554
11656 555
11657 556
11657 556
11657 557
11658 557
11658 558
11659 558
11659 559
11659 559
11660 559
11660 559
11660 559
11661 560
11661 560
11661 559
11662 559
11664 558
11666 556
11668 554
11670 551
11672 549
11672 549
11673 548
11673 548
11673 548
11674 549
11674 550
11675 551
11675 552
11675 553
11676 554
11676 555
11676 556
11677 556
11677 557
11677 558
11678 558
11678 559
11679 559
11679 559
11679 559
11680 560
11680 560
11680 560
11681 560
11681 560
11681 560
11684 558
11686 557
11688 554
11690 552
11692 549
11692 549
11692 549
11693 548
11693 549
11693 549
11694 550
11694 551
11695 552
11695 553
11695 554
11696 555
11696 556
11696 557
11697 557
11697 558
11697 558
11698 559
11698 559
11699 559
11699 560
11699 560
11700 560
11700 560
11700 560
11701 560
11701 560
11703 559
11705 557
11707 554
11710 552
11712 549
11712 549
11712 549
11712 548
11713 549
11713 549
11714 550
11714 551
11714 552
11715 553
11715 554
11715 555
11716 556
11716 557
11716 557
11717 558
11717 558
11718 559
11718 559
11718 559
11719 560
11719 560
11719 560
11720 560
11720 560
11720 560
11721 560
11723 559
11725 557
11727 554
11729 552
11731 549
11731 549
11732 549
11732 548
11733 549
11733 549
11733 550
11734 551
11734 552
11734 553
11735 554
11735 555
11735 556
11736 556
11736 557
11737 558
11737 558
11737 559
11738 559
11738 559
11738 559
11739 560
11739 560
11739 560
11740 560
11740 560
11741 560
11743 558
11745 557
11747 554
11749 552
11751 549
11751 549
11752 549
11752 548
11752 549
11753 549
11753 550
11753 551
11754 552
11754 553
11755 554
11755 555
11755 556
11756 556
11756 557
11756 557
11757 558
11757 558
11757 559
11758 559
11758 559
11759 559
11759 559
11759 559
11760 560
11760 559
11760 559
11763 558
11765 556
11767 554
11769 551
11771 549
11771 549
11772 548
11772 548
11772 548
11773 549
11773 550
11773 551
11774 552
11774 553
11774 554
11775 554
11775 555
11775 556
11776 556
11776 557
11777 557
11777 558
11777 558
11778 559
11778 559
11778 559
11779 559
11779 559
11779 559
11780 559
11780 559
11782 558
11785 556
11787 553
11789 551
11791 548
11791 548
11791 547
11792 547
11792 547
11793 548
11793 549
11793 550
11794 551
11794 552
11794 553
11795 553
11795 554
11795 555
11796 555
11796 556
11797 556
11797 557
11797 557
11798 557
11798 558
11798 558
11799 558
11799 558
11799 558
11800 558
11800 558
11802 557
11804 555
11807 552
11809 550
11811 547
11811 547
11811 547
11812 546
11812 546
11812 547
11813 548
11813 549
11814 550
11814 551
11814 552
11815 552
11815 553
11815 554
11816 554
11816 555
11816 555
11817 556
11817 556
11818 557
11818 557
11818 557
11819 557
11819 557
11819 557
11820 557
11820 557
11822 556
11824 554
11827 552
11829 549
11831 546
11831 546
11831 546
11832 546
11832 546
11832 546
11833 547
11833 548
11834 549
11834 550
11834 551
11835 552
11835 553
11835 553
11836 554
11836 554
11836 555
11837 555
11837 556
11838 556
11838 556
11838 556
11839 557
11839 557
11839 557
11840 557
11840 557
11842 556
11844 554
11847 551
11849 549
11851 546
11851 546
11851 546
11852 546
11852 546
11853 546
11853 547
11853 548
11854 549
11854 550
11854 551
11855 551
11855 552
11855 553
11856 554
11856 554
11857 555
11857 555
11857 555
11858 556
11858 556
11858 556
11859 556
11859 556
11859 556
11860 556
11860 556
11862 555
11865 554
11867 551
11869 549
11871 546
11871 546
11872 546
11872 545
11872 546
11873 546
11873 547
11873 548
11874 549
11874 550
11874 551
11875 551
11875 552
11876 553
11876 553
11876 554
11877 554
11877 555
11877 555
11878 556
11878 556
11878 556
11879 556
11879 556
11880 556
11880 556
11880 556
11882 555
11885 554
11887 551
11889 549
11891 546
11891 546
11892 546
11892 546
11892 546
11893 546
11893 547
11894 548
11894 549
11894 550
11895 551
11895 551
11895 552
11896 553
11896 553
11896 554
11897 555
11897 555
11897 555
11898 556
11898 556
11899 556
11899 556
11899 556
11900 557
11900 557
11900 557
11903 556
11905 554
11907 552
11909 549
11912 547
11912 546
11912 546
11912 546
11913 546
11913 546
11913 547
11914 548
11914 549
11914 550
11915 551
11915 552
11916 552
11916 553
11916 554
11917 554
11917 555
11917 555
11918 555
11918 556
11918 556
11919 556
11919 556
11920 557
11920 557
11920 557
11921 557
11923 556
11925 554
11927 552
11930 549
11932 547
11932 547
11932 546
11933 546
11933 546
11933 547
11934 547
11934 548
11934 549
11935 550
11935 551
11935 552
11936 552
11936 553
11937 554
11937 554
11937 555
11938 555
11938 556
11938 556
11939 556
11939 556
11939 557
11940 557
11940 557
11941 557
11941 557
11943 556
11945 554
11948 552
11950 550
11952 547
11952 547
11952 546
11953 546
11953 546
11954 547
11954 547
11954 548
11955 549
11955 550
11955 551
11956 552
11956 552
11956 553
11957 554
11957 554
11958 555
11958 555
11958 556
11959 556
11959 556
11959 556
11960 557
11960 557
11960 557
11961 557
11961 557
11963 556
11966 554
11968 552
11970 550
11972 547
11972 547
11973 547
11973 546
11974 546
11974 547
11974 548
11975 548
11975 549
11975 550
11976 551
11976 552
11976 552
11977 553
11977 554
11978 554
11978 555
11978 555
11979 556
11979 556
11979 556
11980 556
11980 557
11980 557
11981 557
11981 557
11982 557
11984 556
11986 554
11988 552
11991 550
11993 547
11993 547
11993 547
11994 546
11994 546
11994 547
11995 548
11995 548
11995 549
11996 550
11996 551
11997 552
11997 552
11997 553
11998 554
11998 554
11998 555
11999 555
11999 556
11999 556
12000 556
12000 556
12001 557
12001 557
12001 557
12002 557
12002 557
12004 556
12007 554
12009 552
12011 550
12013 547
12013 547
12014 547
12014 546
12014 546
12015 547
12015 547
12016 548
12016 549
12016 550
12017 551
12017 552
12017 552
12018 553
12018 554
12018 554
12019 555
12019 555
12020 555
12020 556
12020 556
12021 556
12021 556
12021 557
12022 557
12022 557
12022 557
12025 556
12027 554
12029 552
12032 550
12034 547
12034 547
12034 547
12035 546
12035 546
12035 547
12036 547
12036 548
12036 549
12037 550
12037 551
12038 551
12038 552
12038 553
12039 553
12039 554
12039 554
12040 555
12040 555
12040 556
12041 556
12041 556
12041 556
12042 556
12042 556
12043 557
12043 557
12045 556
12048 554
12050 552
12052 549
12054 547
12054 547
12055 546
12055 546
12056 546
12056 546
12056 547
12057 548
12057 549
12057 550
12058 550
12058 551
12058 552
12059 553
12059 553
12060 554
12060 554
12060 555
12061 555
12061 555
12061 556
12062 556
12062 556
12062 556
12063 556
12063 556
12064 556
12066 555
12068 554
12070 552
12073 549
12075 547
12075 547
12075 546
12076 546
12076 546
12077 546
12077 547
12077 548
12078 548
12078 549
12078 550
12079 551
12079 552
12079 552
12080 553
12080 553
12081 554
12081 554
12081 555
12082 555
12082 555
12082 555
12083 556
12083 556
12083 556
12084 556
12084 556
12086 555
12089 553
12091 551
12093 549
12096 546
12096 546
12096 545
12096 545
12097 545
12097 545
12098 546
12098 547
12098 548
12099 548
12099 549
12099 550
12100 551
12100 551
12100 552
12101 552
12101 553
12102 553
12102 554
12102 554
12103 554
12103 555
12103 555
12104 555
12104 555
12104 555
12105 555
12107 554
12109 552
12112 550
12114 548
12116 545
12116 545
12117 545
12117 544
12118 544
12118 545
12118 545
12119 546
12119 547
12119 548
12120 548
12120 549
12120 550
12121 550
12121 551
12122 552
12122 552
12122 553
12123 553
12123 553
12123 554
12124 554
12124 554
12124 554
12125 554
12125 554
12126 554
12128 553
12130 552
12133 550
12135 547
12137 545
12137 545
12138 544
12138 544
12138 544
12139 544
12139 545
12139 545
12140 546
12140 547
12141 548
12141 549
12141 549
12142 550
12142 550
12142 551
12143 552
12143 552
12143 552
12144 553
12144 553
12145 553
12145 553
12145 554
12146 554
12146 554
12146 554
12149 553
12151 551
12153 549
12156 547
12158 544
12158 544
12158 544
12159 544
12159 544
12160 544
12160 544
12160 545
12161 546
12161 547
12161 548
12162 548
12162 549
12162 550
12163 550
12163 551
12164 551
12164 552
12164 552
12165 552
12165 553
12165 553
12166 553
12166 553
12166 554
12167 554
12167 554
12169 553
12172 551
12174 549
12177 547
12179 544
12179 544
12179 544
12180 544
12180 544
12180 544
12181 544
12181 545
12181 546
12182 547
12182 547
12183 548
12183 549
12183 550
12184 550
12184 551
12184 551
12185 552
12185 552
12185 552
12186 553
12186 553
12187 553
12187 553
12187 554
12188 554
12188 554
12190 553
12193 551
12195 549
12197 547
12200 544
12200 544
12200 544
12201 544
12201 544
12201 544
12202 545
12202 545
12202 546
12203 547
12203 548
12203 548
12204 549
12204 550
12205 550
12205 551
12205 551
12206 552
12206 552
12206 553
12207 553
12207 553
12207 553
12208 553
12208 554
12209 554
12209 554
12211 553
12214 552
12216 550
12218 547
12221 545
12221 545
12221 544
12222 544
12222 544
12222 544
12223 545
12223 545
12223 546
12224 547
12224 548
12224 548
12225 549
12225 550
12226 550
12226 551
12226 551
12227 552
12227 552
12227 553
12228 553
12228 553
12228 553
12229 554
12229 554
12230 554
12230 554
12232 553
12235 552
12237 550
12240 547
12242 545
12242 545
12242 544
12243 544
12243 544
12243 544
12244 545
12244 546
12244 546
12245 547
12245 548
12246 549
12246 549
12246 550
12247 550
12247 551
12247 551
12248 552
12248 552
12248 553
12249 553
12249 553
12250 554
12250 554
12250 554
12251 554
12251 554
12253 553
12256 552
12258 550
12261 548
12263 545
12263 545
12263 545
12264 544
12264 544
12264 545
12265 545
12265 546
12266 546
12266 547
12266 548
12267 549
12267 549
12267 550
12268 551
12268 551
12268 552
12269 552
12269 552
12270 553
12270 553
12270 553
12271 554
12271 554
12271 554
12272 554
12272 554
12274 554
12277 552
12279 550
12282 548
12284 545
12284 545
12285 545
12285 544
12285 544
12286 545
12286 545
12286 546
12287 546
12287 547
12287 548
12288 549
12288 549
12289 550
12289 551
12289 551
12290 552
12290 552
12290 552
12291 553
12291 553
12291 553
12292 554
12292 554
12293 554
12293 554
12293 554
12296 554
12298 552
12300 550
12303 548
12305 545
12305 545
12306 545
12306 545
12306 544
12307 545
12307 545
12308 546
12308 547
12308 547
12309 548
12309 549
12309 549
12310 550
12310 551
12310 551
12311 552
12311 552
12312 552
12312 553
12312 553
12313 553
12313 554
12313 554
12314 554
12314 554
12314 554
12317 554
12319 552
12322 550
12324 548
12327 545
12327 545
12327 545
12327 545
12328 544
12328 545
12328 545
12329 546
12329 546
12329 547
12330 548
12330 549
12331 549
12331 550
12331 550
12332 551
12332 552
12332 552
12333 552
12333 553
12333 553
12334 553
12334 554
12335 554
12335 554
12335 554
12336 554
12338 553
12341 552
12343 550
12345 548
12348 545
12348 545
12348 545
12349 544
12349 544
12349 545
12350 545
12350 546
12350 546
12351 547
12351 548
12352 548
12352 549
12352 550
12353 550
12353 551
12353 551
12354 552
12354 552
12354 553
12355 553
12355 553
12355 553
12356 554
12356 554
12357 554
12357 554
12359 553
12362 552
12364 550
12367 548
12369 545
12369 545
12370 545
12370 544
12370 544
12371 544
12371 545
12371 545
12372 546
12372 547
12373 548
12373 548
12373 549
12374 549
12374 550
12374 551
12375 551
12375 552
12375 552
12376 552
12376 553
12377 553
12377 553
12377 553
12378 553
12378 554
12378 554
12381 553
12383 552
12386 550
12388 547
12391 545
12391 545
12391 544
12391 544
12392 544
12392 544
12392 545
12393 545
12393 546
12394 546
12394 547
12394 548
12395 549
12395 549
12395 550
12396 550
12396 551
12396 551
12397 552
12397 552
12398 552
12398 553
12398 553
12399 553
12399 553
12399 553
12400 553
12402 553
12405 551
12407 549
12410 547
12412 544
12412 544
12413 544
12413 544
12413 544
12414 544
12414 544
12414 545
12415 545
12415 546
12415 547
12416 548
12416 548
12417 549
12417 549
12417 550
12418 550
12418 551
12418 551
12419 552
12419 552
12419 552
12420 552
12420 553
12421 553
12421 553
12421 553
12424 552
12426 551
12429 549
12431 546
12434 544
12434 544
12434 543
12434 543
12435 543
12435 543
12436 543
12436 544
12436 545
12437 545
12437 546
12437 547
12438 547
12438 548
12438 548
12439 549
12439 549
12439 550
12440 550
12440 551
12441 551
12441 551
12441 551
12442 552
12442 552
12442 552
12443 552
12445 551
12448 550
12450 548
12453 546
12455 543
12455 543
12456 543
12456 542
12456 542
12457 542
12457 543
12457 543
12458 544
12458 544
12459 545
12459 546
12459 546
12460 547
12460 548
12460 548
12461 549
12461 549
12461 549
12462 550
12462 550
12462 550
12463 551
12463 551
12464 551
12464 551
12464 551
12467 551
12469 549
12472 547
12474 545
12477 542
12477 542
12477 542
12478 542
12478 542
12478 542
12479 542
12479 543
12479 543
12480 544
12480 544
12480 545
12481 546
12481 546
12482 547
12482 547
12482 548
12483 548
12483 549
12483 549
12484 550
12484 550
12484 550
12485 550
12485 550
12486 551
12486 551
12488 550
12491 549
12493 547
12496 545
12499 542
12499 542
12499 542
12499 541
12500 541
12500 541
12500 542
12501 542
12501 543
12501 543
12502 544
12502 545
12503 545
12503 546
12503 547
12504 547
12504 548
12504 548
12505 549
12505 549
12505 549
12506 550
12506 550
12507 550
12507 550
12507 550
12508 550
12510 550
12513 549
12515 547
12518 545
12520 542
12520 542
12521 542
12521 541
12521 541
12522 541
12522 542
12522 542
12523 543
12523 543
12524 544
12524 545
12524 545
12525 546
12525 546
12525 547
12526 548
12526 548
12526 548
12527 549
12527 549
12528 549
12528 550
12528 550
12529 550
12529 550
12529 550
12532 550
12534 549
12537 547
12540 545
12542 542
12542 542
12542 542
12543 541
12543 541
12544 541
12544 542
12544 542
12545 543
12545 543
12545 544
12546 545
12546 545
12546 546
12547 546
12547 547
12548 548
12548 548
12548 548
12549 549
12549 549
12549 549
12550 550
12550 550
12550 550
12551 550
12551 550
12554 550
12556 549
12559 547
12561 545
12564 542
12564 542
12564 542
12565 542
12565 541
12565 541
12566 542
12566 542
12566 543
12567 543
12567 544
12568 545
12568 545
12568 546
12569 547
12569 547
12569 548
12570 548
12570 548
12570 549
12571 549
12571 550
12572 550
12572 550
12572 550
12573 550
12573 550
12576 550
12578 549
12581 547
12583 545
12586 542
12586 542
12586 542
12587 542
12587 542
12587 542
12588 542
12588 542
12588 543
12589 544
12589 544
12589 545
12590 546
12590 546
12591 547
12591 547
12591 548
12592 548
12592 549
12592 549
12593 549
12593 550
12593 550
12594 550
12594 550
12595 550
12595 551
12597 550
12600 549
12603 547
12605 545
12608 543
12608 543
12608 542
12608 542
12609 542
12609 542
12610 542
12610 542
12610 543
12611 544
12611 544
12611 545
12612 546
12612 546
12612 547
12613 547
12613 548
12614 548
12614 549
12614 549
12615 549
12615 550
12615 550
12616 550
12616 550
12616 550
12617 551
12619 550
12622 549
12625 547
12627 545
12630 543
12630 543
12630 542
12630 542
12631 542
12631 542
12632 542
12632 543
12632 543
12633 544
12633 544
12633 545
12634 546
12634 546
12634 547
12635 547
12635 548
12636 548
12636 549
12636 549
12637 549
12637 550
12637 550
12638 550
12638 550
12638 550
12639 551
12641 550
12644 549
12647 547
12649 545
12652 543
12652 543
12652 542
12653 542
12653 542
12653 542
12654 542
12654 543
12654 543
12655 544
12655 544
12655 545
12656 546
12656 546
12657 547
12657 547
12657 548
12658 548
12658 549
12658 549
12659 549
12659 550
12659 550
12660 550
12660 550
12661 550
12661 551
12663 550
12666 549
12669 547
12671 545
12674 543
12674 543
12674 542
12675 542
12675 542
12675 542
12676 542
12676 542
12676 543
12677 544
12677 544
12678 545
12678 545
12678 546
12679 547
12679 547
12679 548
12680 548
12680 548
12680 549
12681 549
12681 549
12682 550
12682 550
12682 550
12683 550
12683 550
12686 550
12688 549
12691 547
12693 545
12696 542
12696 542
12696 542
12697 542
12697 542
12698 542
12698 542
12698 542
12699 543
12699 543
12699 544
12700 545
12700 545
12700 546
12701 546
12701 547
12702 547
12702 548
12702 548
12703 549
12703 549
12703 549
12704 550
12704 550
12704 550
12705 550
12705 550
12708 550
12710 549
12713 547
12716 545
12718 542
12718 542
12719 542
12719 542
12719 541
12720 541
12720 542
12721 542
12721 543
12721 543
12722 544
12722 544
12722 545
12723 546
12723 546
12723 547
12724 547
12724 548
12725 548
12725 549
12725 549
12726 549
12726 549
12726 550
12727 550
12727 550
12727 550
12730 550
12733 549
12735 547
12738 545
12741 543
12741 542
12741 542
12741 542
12742 542
12742 542
12742 542
12743 542
12743 543
12744 543
12744 544
12744 545
12745 545
12745 546
12745 546
12746 547
12746 547
12746 548
12747 548
12747 549
12748 549
12748 549
12748 550
12749 550
12749 550
12749 550
12750 550
12752 550
12755 549
12758 547
12760 545
12763 543
12763 543
12763 542
12764 542
12764 542
12764 542
12765 542
12765 542
12766 543
12766 543
12766 544
12767 545
12767 545
12767 546
12768 546
12768 547
12768 547
12769 548
12769 548
12770 549
12770 549
12770 549
12771 550
12771 550
12771 550
12772 550
12772 550
12775 550
12777 549
12780 547
12783 545
12785 542
12785 542
12786 542
12786 541
12786 541
12787 541
12787 541
12788 542
12788 542
12788 543
12789 543
12789 544
12789 545
12790 545
12790 546
12790 546
12791 547
12791 547
12792 547
12792 548
12792 548
12793 548
12793 549
12793 549
12794 549
12794 549
12794 549
12797 549
12800 548
12802 546
12805 544
12808 541
12808 541
12808 541
12809 541
12809 540
12809 540
12810 541
12810 541
12810 541
12811 542
12811 543
12811 543
12812 544
12812 544
12813 545
12813 545
12813 546
12814 546
12814 547
12814 547
12815 547
12815 548
12815 548
12816 548
12816 548
12817 549
12817 549
12820 549
12822 547
12825 546
12828 543
12830 541
12830 541
12831 540
12831 540
12831 540
12832 540
12832 540
12833 540
12833 541
12833 541
12834 542
12834 543
12834 543
12835 544
12835 544
12835 545
12836 545
12836 546
12836 546
12837 546
12837 547
12838 547
12838 547
12838 548
12839 548
12839 548
12839 548
12842 548
12845 547
12847 545
12850 543
12853 540
12853 540
12853 540
12854 540
12854 540
12854 540
12855 540
12855 540
12855 541
12856 541
12856 542
12857 542
12857 543
12857 543
12858 544
12858 544
12858 545
12859 545
12859 546
12859 546
12860 546
12860 547
12861 547
12861 547
12861 547
12862 548
12862 548
12865 548
12867 547
12870 545
12873 543
12876 540
12876 540
12876 540
12876 540
12877 539
12877 539
12877 539
12878 540
12878 540
12878 541
12879 541
12879 542
12880 542
12880 543
12880 544
12881 544
12881 545
12881 545
12882 545
12882 546
12882 546
12883 546
12883 547
12884 547
12884 547
12884 547
12885 548
12887 547
12890 546
12893 545
12895 543
12898 540
12898 540
12899 540
12899 539
12899 539
12900 539
12900 539
12900 540
12901 540
12901 541
12901 541
12902 542
12902 542
12903 543
12903 543
12903 544
12904 544
12904 545
12904 545
12905 546
12905 546
12905 546
12906 547
12906 547
12907 547
12907 547
12907 547
12910 547
12913 546
12915 545
12918 543
12921 540
12921 540
12921 540
12922 539
12922 539
12922 539
12923 539
12923 540
12923 540
12924 541
12924 541
12925 542
12925 542
12925 543
12926 543
12926 544
12926 544
12927 545
12927 545
12927 546
12928 546
12928 546
12929 547
12929 547
12929 547
12930 547
12930 547
12933 547
12935 546
12938 545
12941 543
12944 540
12944 540
12944 540
12944 540
12945 539
12945 539
12946 539
12946 540
12946 540
12947 541
12947 541
12947 542
12948 542
12948 543
12948 543
12949 544
12949 544
12950 545
12950 545
12950 546
12951 546
12951 546
12951 547
12952 547
12952 547
12952 547
12953 547
12956 547
12958 546
12961 545
12964 543
12967 540
12967 540
12967 540
12967 540
12968 539
12968 539
12968 539
12969 540
12969 540
12969 541
12970 541
12970 542
12971 542
12971 543
12971 543
12972 544
12972 544
12972 545
12973 545
12973 546
12973 546
12974 546
12974 546
12975 547
12975 547
12975 547
12976 547
12978 547
12981 546
12984 545
12987 543
12989 540
12989 540
12990 540
12990 540
12991 539
12991 539
12991 539
12992 540
12992 540
12992 541
12993 541
12993 542
12993 542
12994 543
12994 543
12995 544
12995 544
12995 545
12996 545
12996 545
12996 546
12997 546
12997 546
12997 547
12998 547
12998 547
12998 547
13001 547
13004 546
13007 545
13010 542
13012 540
13012 540
13013 540
13013 539
13013 539
13014 539
13014 539
13015 540
13015 540
13015 540
13016 541
13016 541
13016 542
13017 543
13017 543
13017 544
13018 544
13018 544
13019 545
13019 545
13019 546
13020 546
13020 546
13020 546
13021 547
13021 547
13021 547
13024 547
13027 546
13030 544
13033 542
13035 540
13035 540
13036 540
13036 539
13037 539
13037 539
13037 539
13038 539
13038 540
13038 540
13039 541
13039 541
13039 542
13040 542
13040 543
13040 543
13041 544
13041 544
13042 545
13042 545
13042 545
13043 546
13043 546
13043 546
13044 546
13044 547
13044 547
13047 547
13050 546
13053 544
13056 542
13058 540
13058 540
13059 539
13059 539
13060 539
13060 539
13060 539
13061 539
13061 540
13061 540
13062 541
13062 541
13062 542
13063 542
13063 543
13064 543
13064 544
13064 544
13065 544
13065 545
13065 545
13066 545
13066 546
13066 546
13067 546
13067 546
13068 546
13070 547
13073 546
13076 544
13079 542
13082 539
13082 539
13082 539
13082 539
13083 539
13083 539
13083 539
13084 539
13084 539
13085 540
13085 540
13085 541
13086 541
13086 542
13086 542
13087 543
13087 543
13087 544
13088 544
13088 544
13088 545
13089 545
13089 545
13090 546
13090 546
13090 546
13091 546
13093 546
13096 545
13099 544
13102 542
13105 539
13105 539
13105 539
13106 539
13106 538
13106 538
13107 538
13107 539
13107 539
13108 539
13108 540
13108 540
13109 541
13109 541
13110 542
13110 542
13110 543
13111 543
13111 544
13111 544
13112 544
13112 545
13112 545
13113 545
13113 545
13114 546
13114 546
13117 546
13120 545
13122 543
13125 541
13128 539
13128 539
13128 538
13129 538
13129 538
13129 538
13130 538
13130 538
13131 538
13131 539
13131 539
13132 540
13132 540
13132 541
13133 541
13133 542
13133 542
13134 542
13134 543
13135 543
13135 544
13135 544
13136 544
13136 544
13136 545
13137 545
13137 545
13140 545
13143 544
13146 542
13148 540
13151 538
13151 538
13152 537
13152 537
13152 537
13153 537
13153 537
13153 537
13154 537
13154 538
13155 538
13155 539
13155 539
13156 540
13156 540
13156 541
13157 541
13157 542
13157 542
13158 542
13158 543
13159 543
13159 543
13159 544
13160 544
13160 544
13160 544
13163 544
13166 543
13169 542
13172 540
13175 537
13175 537
13175 537
13175 536
13176 536
13176 536
13176 536
13177 536
13177 537
13178 537
13178 538
13178 538
13179 539
13179 539
13179 540
13180 540
13180 541
13180 541
13181 541
13181 542
13182 542
13182 542
13182 543
13183 543
13183 543
13183 543
13184 544
13187 544
13189 543
13192 541
13195 539
13198 537
13198 537
13198 536
13199 536
13199 536
13200 536
13200 536
13200 536
13201 536
13201 537
13201 537
13202 538
13202 538
13202 539
13203 539
13203 540
13204 540
13204 541
13204 541
13205 541
13205 542
13205 542
13206 542
13206 543
13206 543
13207 543
13207 543
13210 543
13213 543
13216 541
13219 539
13222 537
13222 537
13222 536
13222 536
13223 536
13223 536
13223 536
13224 536
13224 536
13224 537
13225 537
13225 537
13226 538
13226 538
13226 539
13227 539
13227 540
13227 540
13228 541
13228 541
13228 541
13229 542
13229 542
13230 542
13230 543
13230 543
13231 543
13234 543
13236 542
13239 541
13242 539
13245 536
13245 536
13245 536
13246 536
13246 536
13247 536
13247 536
13247 536
13248 536
13248 537
13248 537
13249 537
13249 538
13249 538
13250 539
13250 539
13251 540
13251 540
13251 541
13252 541
13252 541
13252 542
13253 542
13253 542
13253 543
13254 543
13254 543
13257 543
13260 542
13263 541
13266 539
13269 537
13269 537
13269 536
13269 536
13270 536
13270 536
13271 536
13271 536
13271 536
13272 537
13272 537
13272 537
13273 538
13273 538
13273 539
13274 539
13274 540
13275 540
13275 541
13275 541
13276 541
13276 542
13276 542
13277 542
13277 543
13277 543
13278 543
13281 543
13284 542
13287 541
13289 539
13292 537
13292 537
13293 536
13293 536
13293 536
13294 536
13294 536
13295 536
13295 536
13295 537
13296 537
13296 537
13296 538
13297 538
13297 539
13297 539
13298 540
13298 540
13299 541
13299 541
13299 541
13300 542
13300 542
13300 542
13301 543
13301 543
13301 543
13304 543
13307 542
13310 541
13313 539
13316 537
13316 537
13316 536
13317 536
13317 536
13318 536
13318 536
13318 536
13319 536
13319 537
13319 537
13320 538
13320 538
13320 538
13321 539
13321 539
13322 540
13322 540
13322 541
13323 541
13323 541
13323 542
13324 542
13324 542
13324 543
13325 543
13325 543
13328 543
13331 543
13334 541
13337 539
13340 537
13340 537
13340 536
13341 536
13341 536
13341 536
13342 536
13342 536
13342 536
13343 537
13343 537
13343 537
13344 538
13344 538
13345 539
13345 539
13345 540
13346 540
13346 541
13346 541
13347 541
13347 542
13347 542
13348 542
13348 543
13349 543
13349 543
13352 543
13355 542
13358 541
13361 539
13364 537
13364 537
13364 536
13364 536
13365 536
13365 536
13365 536
13366 536
13366 536
13367 537
13367 537
13367 537
13368 538
13368 538
13368 539
13369 539
13369 540
13369 540
13370 541
13370 541
13371 541
13371 542
13371 542
13372 542
13372 542
13372 543
13373 543
13376 543
13379 542
13382 541
13385 539
13388 537
13388 537
13388 536
13388 536
13389 536
13389 536
13389 536
13390 536
13390 536
13390 536
13391 537
13391 537
13392 538
13392 538
13392 539
13393 539
13393 540
13393 540
13394 540
13394 541
13394 541
13395 541
13395 542
13396 542
13396 542
13396 542
13397 543
13400 543
13403 542
13406 541
13409 539
13412 536
13412 536
13412 536
13412 536
13413 536
13413 535
13413 535
13414 536
13414 536
13414 536
13415 537
13415 537
13416 537
13416 538
13416 538
13417 539
13417 539
13417 540
13418 540
13418 540
13418 541
13419 541
13419 541
13420 542
13420 542
13420 542
13421 542
13424 543
13427 542
13430 540
13433 538
13436 536
13436 536
13436 536
13436 536
13437 535
13437 535
13437 535
13438 535
13438 536
13438 536
13439 536
13439 537
13440 537
13440 538
13440 538
13441 539
13441 539
13441 539
13442 540
13442 540
13442 541
13443 541
13443 541
13444 541
13444 542
13444 542
13445 542
13448 542
13451 542
13454 540
13457 538
13460 536
13460 536
13460 536
13460 535
13461 535
13461 535
13461 535
13462 535
13462 535
13462 536
13463 536
13463 537
13464 537
13464 537
13464 538
13465 538
13465 539
13465 539
13466 540
13466 540
13466 540
13467 541
13467 541
13468 541
13468 541
13468 542
13469 542
13472 542
13475 541
13478 540
13481 538
13484 536
13484 536
13484 535
13484 535
13485 535
13485 535
13485 535
13486 535
13486 535
13487 535
13487 536
13487 536
13488 537
13488 537
13488 538
13489 538
13489 538
13489 539
13490 539
13490 540
13491 540
13491 540
13491 541
13492 541
13492 541
13492 541
13493 541
13496 542
13499 541
13502 539
13505 537
13508 535
13508 535
13508 535
13509 534
13509 534
13509 534
13510 534
13510 534
13510 534
13511 535
13511 535
13511 535
13512 536
13512 536
13513 537
13513 537
13513 538
13514 538
13514 538
13514 539
13515 539
13515 539
13515 540
13516 540
13516 540
13517 540
13517 541
13520 541
13523 540
13526 539
13529 537
13532 534
13532 534
13532 534
13533 534
13533 533
13534 533
13534 533
13534 533
13535 534
13535 534
13535 534
13536 535
13536 535
13536 535
13537 536
13537 536
13538 537
13538 537
13538 537
13539 538
13539 538
13539 539
13540 539
13540 539
13540 539
13541 540
13541 540
13544 540
13547 539
13550 538
13553 536
13556 534
13556 534
13557 533
13557 533
13557 533
13558 533
13558 533
13559 533
13559 533
13559 533
13560 534
13560 534
13560 534
13561 535
13561 535
13561 536
13562 536
13562 536
13563 537
13563 537
13563 538
13564 538
13564 538
13564 538
13565 539
13565 539
13565 539
13569 540
13572 539
13575 537
13578 535
13581 533
13581 533
13581 533
13581 533
13582 532
13582 532
13583 532
13583 532
13583 532
13584 533
13584 533
13584 534
13585 534
13585 534
13585 535
13586 535
13586 536
13587 536
13587 536
13587 537
13588 537
13588 537
13588 538
13589 538
13589 538
13589 539
13590 539
13593 539
13596 539
13599 537
13602 535
13605 533
13605 533
13606 533
13606 532
13606 532
13607 532
13607 532
13607 532
13608 532
13608 533
13608 533
13609 533
13609 534
13610 534
13610 535
13610 535
13611 535
13611 536
13611 536
13612 537
13612 537
13612 537
13613 538
13613 538
13614 538
13614 538
13614 539
13617 539
13620 538
13623 537
13627 535
13630 533
13630 533
13630 533
13630 532
13631 532
13631 532
13631 532
13632 532
13632 532
13633 532
13633 533
13633 533
13634 534
13634 534
13634 534
13635 535
13635 535
13635 536
13636 536
13636 536
13637 537
13637 537
13637 537
13638 538
13638 538
13638 538
13639 538
13642 539
13645 538
13648 537
13651 535
13654 533
13654 533
13655 533
13655 532
13655 532
13656 532
13656 532
13656 532
13657 532
13657 533
13657 533
13658 533
13658 534
13659 534
13659 534
13659 535
13660 535
13660 536
13660 536
13661 536
13661 537
13661 537
13662 537
13662 538
13663 538
13663 538
13663 538
13666 539
13669 538
13673 537
13676 535
13679 533
13679 533
13679 533
13679 532
13680 532
13680 532
13681 532
13681 532
13681 532
13682 533
13682 533
13682 533
13683 534
13683 534
13683 534
13684 535
13684 535
13685 536
13685 536
13685 536
13686 537
13686 537
13686 537
13687 538
13687 538
13687 538
13688 538
13691 539
13694 538
13697 537
13700 535
13703 533
13703 533
13704 533
13704 532
13704 532
13705 532
13705 532
13706 532
13706 532
13706 533
13707 533
13707 533
13707 534
13708 534
13708 534
13708 535
13709 535
13709 536
13710 536
13710 536
13710 537
13711 537
13711 537
13711 538
13712 538
13712 538
13712 538
13716 539
13719 538
13722 537
13725 535
13728 533
13728 533
13728 533
13729 532
13729 532
13730 532
13730 532
13730 532
13731 532
13731 533
13731 533
13732 533
13732 534
13732 534
13733 534
13733 535
13734 535
13734 536
13734 536
13735 536
13735 537
13735 537
13736 537
13736 538
13736 538
13737 538
13737 538
13740 539
13743 538
13747 537
13750 535
13753 533
13753 533
13753 533
13754 532
13754 532
13754 532
13755 532
13755 532
13755 532
13756 532
13756 533
13757 533
13757 533
13757 534
13758 534
13758 535
13758 535
13759 535
13759 536
13759 536
13760 537
13760 537
13761 537
13761 537
13761 538
13762 538
13762 538
13765 539
13768 538
13771 537
13775 535
13778 533
13778 533
13778 533
13778 532
13779 532
13779 532
13780 532
13780 532
13780 532
13781 532
13781 533
13781 533
13782 533
13782 534
13782 534
13783 535
13783 535
13784 535
13784 536
13784 536
13785 536
13785 537
13785 537
13786 537
13786 538
13786 538
13787 538
13790 539
13793 538
13796 537
13799 535
13803 533
13803 533
13803 532
13803 532
13804 532
13804 532
13804 532
13805 532
13805 532
13806 532
13806 532
13806 533
13807 533
13807 534
13807 534
13808 534
13808 535
13808 535
13809 535
13809 536
13810 536
13810 536
13810 537
13811 537
13811 537
13811 538
13812 538
13815 538
13818 538
13821 537
13824 535
13828 532
13828 532
13828 532
13828 532
13829 532
13829 531
13829 531
13830 531
13830 532
13831 532
13831 532
13831 532
13832 533
13832 533
13832 534
13833 534
13833 534
13833 535
13834 535
13834 536
13835 536
13835 536
13835 536
13836 537
13836 537
13836 537
13837 537
13840 538
13843 538
13846 536
13849 534
13853 532
13853 532
13853 532
13853 532
13854 531
13854 531
13854 531
13855 531
13855 531
13856 532
13856 532
13856 532
13857 533
13857 533
13857 533
13858 534
13858 534
13858 534
13859 535
13859 535
13860 536
13860 536
13860 536
13861 536
13861 537
13861 537
13862 537
13865 538
13868 537
13871 536
13875 534
13878 532
13878 532
13878 531
13878 531
13879 531
13879 531
13880 531
13880 531
13880 531
13881 531
13881 531
13881 531
13882 532
13882 532
13882 533
13883 533
13883 533
13884 534
13884 534
13884 534
13885 535
13885 535
13885 535
13886 536
13886 536
13886 536
13887 536
13890 537
13893 536
13896 535
13900 533
13903 531
13903 531
13903 531
13904 530
13904 530
13904 530
13905 530
13905 530
13905 530
13906 530
13906 530
13906 531
13907 531
13907 531
13908 532
13908 532
13908 533
13909 533
13909 533
13909 534
13910 534
13910 534
13910 535
13911 535
13911 535
13912 535
13912 536
13915 536
13918 536
13922 534
13925 532
13928 530
13928 530
13928 530
13929 529
13929 529
13930 529
13930 529
13930 529
13931 529
13931 529
13931 529
13932 530
13932 530
13932 531
13933 531
13933 531
13934 532
13934 532
13934 532
13935 533
13935 533
13935 533
13936 534
13936 534
13936 534
13937 534
13937 535
13940 535
13944 535
13947 533
13950 532
13953 529
13953 529
13954 529
13954 529
13954 528
13955 528
13955 528
13956 528
13956 528
13956 529
13957 529
13957 529
13957 529
13958 530
13958 530
13958 531
13959 531
13959 531
13960 532
13960 532
13960 532
13961 533
13961 533
13961 533
13962 534
13962 534
13962 534
13966 535
13969 534
13972 533
13975 531
13979 529
13979 529
13979 529
13979 528
13980 528
13980 528
13980 528
13981 528
13981 528
13982 528
13982 528
13982 529
13983 529
13983 529
13983 530
13984 530
13984 531
13984 531
13985 531
13985 532
13986 532
13986 532
13986 533
13987 533
13987 533
13987 533
13988 534
13991 534
13994 534
13998 533
14001 531
14004 529
14004 529
14004 529
14005 528
14005 528
14006 528
14006 528
14006 528
14007 528
14007 528
14007 528
14008 529
14008 529
14008 529
14009 530
14009 530
14010 530
14010 531
14010 531
14011 532
14011 532
14011 532
14012 533
14012 533
14012 533
14013 533
14013 534
14016 534
14020 534
14023 533
14026 531
14029 529
14030 529
14030 529
14030 528
14031 528
14031 528
14031 528
14032 528
14032 528
14032 528
14033 528
14033 529
14033 529
14034 529
14034 530
14035 530
14035 530
14035 531
14036 531
14036 532
14036 532
14037 532
14037 533
14037 533
14038 533
14038 533
14039 534
14042 534
14045 534
14048 533
14052 531
14055 529
14055 529
14055 529
14056 528
14056 528
14056 528
14057 528
14057 528
14058 528
14058 528
14058 528
14059 529
14059 529
14059 529
14060 530
14060 530
14060 531
14061 531
14061 531
14062 532
14062 532
14062 532
14063 533
14063 533
14063 533
14064 533
14064 534
14067 534
14071 534
14074 533
14077 531
14081 529
14081 529
14081 529
14081 528
14082 528
14082 528
14082 528
14083 528
14083 528
14083 528
14084 528
14084 529
14085 529
14085 529
14085 530
14086 530
14086 531
14086 531
14087 531
14087 532
14087 532
14088 532
14088 533
14089 533
14089 533
14089 533
14090 534
14093 534
14096 534
14100 533
14103 531
14106 529
14106 529
14107 529
14107 528
14107 528
14108 528
14108 528
14108 528
14109 528
14109 528
14110 528
14110 529
14110 529
14111 529
14111 530
14111 530
14112 531
14112 531
14112 531
14113 532
14113 532
14113 532
14114 533
14114 533
14115 533
14115 533
14115 534
14119 534
14122 534
14125 533
14129 531
14132 529
14132 529
14132 529
14133 528
14133 528
14133 528
14134 528
14134 528
14134 528
14135 528
14135 528
14136 529
14136 529
14136 529
14137 530
14137 530
14137 530
14138 531
14138 531
14138 532
14139 532
14139 532
14140 532
14140 533
14140 533
14141 533
14141 533
14144 534
14148 534
14151 533
14154 531
14158 529
14158 529
14158 529
14158 528
14159 528
14159 528
14159 528
14160 528
14160 528
14161 528
14161 528
14161 529
14162 529
14162 529
14162 530
14163 530
14163 530
14163 531
14164 531
14164 531
14165 532
14165 532
14165 532
14166 533
14166 533
14166 533
14167 533
14170 534
14173 534
14177 533
14180 531
14183 529
14184 529
14184 529
14184 528
14185 528
14185 528
14185 528
14186 528
14186 528
14186 528
14187 528
14187 528
14187 529
14188 529
14188 529
14189 530
14189 530
14189 531
14190 531
14190 531
14190 532
14191 532
14191 532
14191 532
14192 533
14192 533
14193 533
14196 534
14199 534
14203 533
14206 531
14209 529
14209 529
14210 528
14210 528
14210 528
14211 528
14211 528
14212 528
14212 528
14212 528
14213 528
14213 528
14213 529
14214 529
14214 529
14214 530
14215 530
14215 530
14216 531
14216 531
14216 531
14217 532
14217 532
14217 532
14218 532
14218 533
14218 533
14222 534
14225 533
14229 532
14232 531
14235 528
14235 528
14236 528
14236 528
14236 528
14237 527
14237 527
14237 527
14238 527
14238 528
14239 528
14239 528
14239 528
14240 529
14240 529
14240 529
14241 530
14241 530
14241 530
14242 531
14242 531
14243 531
14243 532
14243 532
14244 532
14244 532
14244 533
14248 534
14251 533
14255 532
14258 530
14261 528
14261 528
14262 528
14262 528
14262 527
14263 527
14263 527
14263 527
14264 527
14264 527
14265 527
14265 528
14265 528
14266 528
14266 529
14266 529
14267 529
14267 530
14267 530
14268 530
14268 531
14269 531
14269 531
14269 532
14270 532
14270 532
14270 532
14274 533
14277 533
14281 532
14284 530
14287 527
14287 527
14288 527
14288 527
14288 527
14289 527
14289 526
14290 526
14290 526
14290 527
14291 527
14291 527
14291 527
14292 528
14292 528
14292 528
14293 529
14293 529
14294 529
14294 530
14294 530
14295 530
14295 530
14295 531
14296 531
14296 531
14296 531
14300 532
14303 532
14307 531
14310 529
14314 527
14314 527
14314 526
14314 526
14315 526
14315 526
14315 526
14316 526
14316 526
14316 526
14317 526
14317 526
14318 526
14318 527
14318 527
14319 527
14319 528
14319 528
14320 528
14320 529
14320 529
14321 529
14321 530
14322 530
14322 530
14322 530
14323 531
14326 532
14329 531
14333 530
14336 528
14340 526
14340 526
14340 526
14340 525
14341 525
14341 525
14342 525
14342 525
14342 525
14343 525
14343 525
14343 525
14344 526
14344 526
14344 526
14345 527
14345 527
14346 527
14346 528
14346 528
14347 528
14347 529
14347 529
14348 529
14348 530
14348 530
14349 530
14352 531
14356 531
14359 529
14363 528
14366 526
14366 526
14366 525
14367 525
14367 525
14367 525
14368 525
14368 524
14369 525
14369 525
14369 525
14370 525
14370 525
14370 526
14371 526
14371 526
14371 527
14372 527
14372 527
14373 528
14373 528
14373 528
14374 529
14374 529
14374 529
14375 529
14375 530
14379 531
14382 530
14385 529
14389 527
14392 525
14392 525
14393 525
14393 525
14393 525
14394 524
14394 524
14395 524
14395 524
14395 524
14396 525
14396 525
14396 525
14397 525
14397 526
14397 526
14398 526
14398 527
14399 527
14399 527
14399 528
14400 528
14400 528
14400 529
14401 529
14401 529
14401 529
14405 530
14408 530
14412 529
14415 527
14419 525
14419 525
14419 525
14419 525
14420 524
14420 524
14421 524
14421 524
14421 524
14422 524
14422 524
14422 525
14423 525
14423 525
14423 526
14424 526
14424 526
14425 527
14425 527
14425 527
14426 527
14426 528
14426 528
14427 528
14427 529
14427 529
14428 529
14431 530
14435 530
14438 529
14442 527
14445 525
14445 525
14446 525
14446 525
14446 524
14447 524
14447 524
14447 524
14448 524
14448 524
14448 524
14449 525
14449 525
14450 525
14450 525
14450 526
14451 526
14451 526
14451 527
14452 527
14452 527
14452 528
14453 528
14453 528
14454 529
14454 529
14454 529
14458 530
14461 530
14465 529
14468 527
14472 525
14472 525
14472 525
14472 525
14473 524
14473 524
14474 524
14474 524
14474 524
14475 524
14475 524
14475 525
14476 525
14476 525
14476 525
14477 526
14477 526
14478 526
14478 527
14478 527
14479 527
14479 528
14479 528
14480 528
14480 528
14480 529
14481 529
14484 530
14488 530
14491 529
14495 527
14498 525
14498 525
14499 525
14499 525
14499 524
14500 524
14500 524
14500 524
14501 524
14501 524
14502 524
14502 524
14502 525
14503 525
14503 525
14503 526
14504 526
14504 526
14504 527
14505 527
14505 527
14506 528
14506 528
14506 528
14507 528
14507 529
14507 529
14511 530
14514 530
14518 529
14521 527
14525 525
14525 525
14525 525
14526 524
14526 524
14526 524
14527 524
14527 524
14528 524
14528 524
14528 524
14529 524
14529 525
14529 525
14530 525
14530 525
14530 526
14531 526
14531 526
14532 527
14532 527
14532 527
14533 528
14533 528
14533 528
14534 528
14534 529
14538 530
14541 530
14545 528
14548 527
14552 525
14552 525
14552 525
14552 524
14553 524
14553 524
14554 524
14554 524
14554 524
14555 524
14555 524
14555 524
14556 524
14556 525
14556 525
14557 525
14557 526
14557 526
14558 526
14558 527
14559 527
14559 527
14559 527
14560 528
14560 528
14560 528
14561 528
14564 530
14568 529
14571 528
14575 527
14578 525
14578 525
14579 524
14579 524
14580 524
14580 524
14580 524
14581 524
14581 524
14581 524
14582 524
14582 524
14582 524
14583 525
14583 525
14584 525
14584 525
14584 526
14585 526
14585 526
14585 527
14586 527
14586 527
14586 528
14587 528
14587 528
14587 528
14591 529
14595 529
14598 528
14602 527
14605 524
14605 524
14606 524
14606 524
14606 524
14607 524
14607 523
14607 523
14608 523
14608 523
14609 524
14609 524
14609 524
14610 524
14610 525
14610 525
14611 525
14611 526
14611 526
14612 526
14612 526
14613 527
14613 527
14613 527
14614 528
14614 528
14614 528
14618 529
14621 529
14625 528
14629 526
14632 524
14632 524
14633 524
14633 524
14633 524
14634 523
14634 523
14634 523
14635 523
14635 523
14635 523
14636 524
14636 524
14636 524
14637 524
14637 525
14638 525
14638 525
14638 526
14639 526
14639 526
14639 526
14640 527
14640 527
14640 527
14641 528
14641 528
14645 529
14648 529
14652 528
14656 526
14659 524
14659 524
14659 524
14660 523
14660 523
14661 523
14661 523
14661 523
14662 523
14662 523
14662 523
14663 523
14663 523
14663 524
14664 524
14664 524
14665 525
14665 525
14665 525
14666 526
14666 526
14666 526
14667 526
14667 527
14667 527
14668 527
14668 527
14672 529
14675 528
14679 527
14683 526
14686 524
14686 524
14687 523
14687 523
14687 523
14688 523
14688 523
14688 522
14689 522
14689 523
14689 523
14690 523
14690 523
14691 523
14691 524
14691 524
14692 524
14692 525
14692 525
14693 525
14693 525
14693 526
14694 526
14694 526
14694 527
14695 527
14695 527
14699 528
14702 528
14706 527
14710 525
14713 523
14713 523
14714 523
14714 522
14714 522
14715 522
14715 522
14715 522
14716 522
14716 522
14717 522
14717 522
14717 522
14718 523
14718 523
14718 523
14719 523
14719 524
14719 524
14720 524
14720 525
14721 525
14721 525
14721 525
14722 526
14722 526
14722 526
14726 527
14730 527
14733 526
14737 524
14740 522
14740 522
14741 522
14741 522
14742 521
14742 521
14742 521
14743 521
14743 521
14743 521
14744 521
14744 521
14744 522
14745 522
14745 522
14746 522
14746 523
14746 523
14747 523
14747 524
14747 524
14748 524
14748 524
14748 525
14749 525
14749 525
14749 525
14753 526
14757 526
14760 525
14764 524
14768 521
14768 521
14768 521
14768 521
14769 521
14769 521
14769 520
14770 520
14770 520
14771 520
14771 520
14771 521
14772 521
14772 521
14772 521
14773 522
14773 522
14773 522
14774 523
14774 523
14775 523
14775 523
14775 524
14776 524
14776 524
14776 524
14777 525
14780 526
14784 526
14788 525
14791 523
14795 521
14795 521
14795 521
14796 521
14796 520
14796 520
14797 520
14797 520
14797 520
14798 520
14798 520
14799 520
14799 520
14799 521
14800 521
14800 521
14800 522
14801 522
14801 522
14801 522
14802 523
14802 523
14803 523
14803 524
14803 524
14804 524
14804 524
14808 525
14811 525
14815 524
14819 523
14822 521
14822 521
14823 521
14823 520
14823 520
14824 520
14824 520
14824 520
14825 520
14825 520
14826 520
14826 520
14826 520
14827 520
14827 521
14827 521
14828 521
14828 522
14828 522
14829 522
14829 522
14830 523
14830 523
14830 523
14831 524
14831 524
14831 524
14835 525
14839 525
14842 524
14846 523
14850 521
14850 521
14850 520
14850 520
14851 520
14851 520
14852 520
14852 519
14852 519
14853 520
14853 520
14853 520
14854 520
14854 520
14854 520
14855 521
14855 521
14855 521
14856 522
14856 522
14857 522
14857 523
14857 523
14858 523
14858 523
14858 524
14859 524
14862 525
14866 525
14870 524
14873 523
14877 520
14877 520
14878 520
14878 520
14878 520
14879 520
14879 520
14879 519
14880 519
14880 519
14880 520
14881 520
14881 520
14882 520
14882 520
14882 521
14883 521
14883 521
14883 522
14884 522
14884 522
14884 522
14885 523
14885 523
14886 523
14886 523
14886 524
14890 525
14894 525
14897 524
14901 522
14905 520
14905 520
14905 520
14905 520
14906 520
14906 520
14907 519
14907 519
14907 519
14908 519
14908 519
14908 520
14909 520
14909 520
14909 520
14910 521
14910 521
14911 521
14911 521
14911 522
14912 522
14912 522
14912 523
14913 523
14913 523
14913 523
14914 524
14918 525
14921 525
14925 524
14929 522
14932 520
14932 520
14933 520
14933 520
14933 520
14934 520
14934 519
14935 519
14935 519
14935 519
14936 519
14936 520
14936 520
14937 520
14937 520
14937 521
14938 521
14938 521
14939 521
14939 522
14939 522
14940 522
14940 523
14940 523
14941 523
14941 523
14941 524
14945 525
14949 525
14953 524
14956 522
14960 520
14960 520
14960 520
14961 520
14961 520
14962 519
14962 519
14962 519
14963 519
14963 519
14963 519
14964 519
14964 520
14964 520
14965 520
14965 520
14966 521
14966 521
14966 521
14967 522
14967 522
14967 522
14968 522
14968 523
14968 523
14969 523
14969 523
14973 525
14977 525
14980 524
14984 522
14988 520
14988 520
14988 520
14989 520
14989 520
14989 519
14990 519
14990 519
14990 519
14991 519
14991 519
14991 519
14992 520
14992 520
14993 520
14993 520
14993 521
14994 521
14994 521
14994 521
14995 522
14995 522
14995 522
14996 522
14996 523
14997 523
14997 523
15001 525
15004 524
15008 524
15012 522
15016 520
15016 520
15016 520
15016 520
15017 519
15017 519
15017 519
15018 519
15018 519
15019 519
15019 519
15019 519
15020 519
15020 520
15020 520
15021 520
15021 520
15021 521
15022 521
15022 521
15023 521
15023 522
15023 522
15024 522
15024 523
15024 523
15025 523
15028 524
15032 524
15036 523
15040 522
15043 520
15043 520
15044 520
15044 519
15045 519
15045 519
15045 519
15046 519
15046 519
15046 519
15047 519
15047 519
15047 519
15048 519
15048 520
15049 520
15049 520
15049 520
15050 521
15050 521
15050 521
15051 522
15051 522
15051 522
15052 522
15052 523
15053 523
15056 524
15060 524
15064 523
15068 522
15071 520
15071 520
15072 519
15072 519
15073 519
15073 519
15073 519
15074 519
15074 518
15074 518
15075 519
15075 519
15075 519
15076 519
15076 519
15077 520
15077 520
15077 520
15078 520
15078 521
15078 521
15079 521
15079 521
15079 522
15080 522
15080 522
15081 522
15084 524
15088 524
15092 523
15096 521
15099 519
15099 519
15100 519
15100 519
15101 519
15101 518
15101 518
15102 518
15102 518
15102 518
15103 518
15103 518
15103 519
15104 519
15104 519
15105 519
15105 519
15105 520
15106 520
15106 520
15106 521
15107 521
15107 521
15107 521
15108 522
15108 522
15109 522
15112 523
15116 523
15120 522
15124 521
15128 519
15128 519
15128 519
15128 518
15129 518
15129 518
15129 518
15130 518
15130 518
15130 518
15131 518
15131 518
15132 518
15132 518
15132 518
15133 519
15133 519
15133 519
15134 519
15134 520
15134 520
15135 520
15135 520
15136 521
15136 521
15136 521
15137 521
15140 523
15144 523
15148 522
15152 520
15156 518
15156 518
15156 518
15156 518
15157 517
15157 517
15158 517
15158 517
15158 517
15159 517
15159 517
15159 517
15160 517
15160 517
15160 518
15161 518
15161 518
15162 518
15162 519
15162 519
15163 519
15163 519
15163 520
15164 520
15164 520
15164 520
15165 521
15169 522
15172 522
15176 521
15180 519
15184 517
15184 517
15184 517
15185 517
15185 517
15185 517
15186 516
15186 516
15186 516
15187 516
15187 516
15188 516
15188 517
15188 517
15189 517
15189 517
15189 517
15190 518
15190 518
15190 518
15191 518
15191 519
15192 519
15192 519
15192 520
15193 520
15193 520
15197 521
15201 521
15205 520
15208 519
15212 517
15212 517
15213 517
15213 516
15213 516
15214 516
15214 516
15214 516
15215 516
15215 516
15215 516
15216 516
15216 516
15217 516
15217 516
15217 517
15218 517
15218 517
15218 518
15219 518
15219 518
15219 518
15220 519
15220 519
15221 519
15221 519
15221 520
15225 521
15229 521
15233 520
15237 519
15241 517
15241 517
15241 516
15241 516
15242 516
15242 516
15242 516
15243 516
15243 516
15243 516
15244 516
15244 516
15245 516
15245 516
15245 516
15246 517
15246 517
15246 517
15247 517
15247 518
15247 518
15248 518
15248 518
15249 519
15249 519
15249 519
15250 519
15253 521
15257 521
15261 520
15265 519
15269 517
15269 517
15269 517
15270 516
15270 516
15270 516
15271 516
15271 516
15271 516
15272 516
15272 516
15273 516
15273 516
15273 516
15274 516
15274 517
15274 517
15275 517
15275 517
15275 518
15276 518
15276 518
15277 519
15277 519
15277 519
15278 519
15278 520
15282 521
15286 521
15290 520
15294 519
15297 517
15297 517
15298 517
15298 517
15299 516
15299 516
15299 516
15300 516
15300 516
15300 516
15301 516
15301 516
15301 516
15302 516
15302 517
15303 517
15303 517
15303 517
15304 518
15304 518
15304 518
15305 518
15305 519
15305 519
15306 519
15306 519
15307 520
15310 521
15314 521
15318 520
15322 519
15326 517
15326 517
15326 517
15327 517
15327 516
15327 516
15328 516
15328 516
15329 516
15329 516
15329 516
15330 516
15330 516
15330 516
15331 517
15331 517
15331 517
15332 517
15332 518
15332 518
15333 518
15333 518
15334 519
15334 519
15334 519
15335 519
15335 520
15339 521
15343 521
15347 520
15351 519
15355 517
15355 517
15355 517
15355 517
15356 516
15356 516
15356 516
15357 516
15357 516
15357 516
15358 516
15358 516
15359 516
15359 516
15359 517
15360 517
15360 517
15360 517
15361 518
15361 518
15361 518
15362 518
15362 519
15363 519
15363 519
15363 519
15364 520
15368 521
15371 521
15375 520
15379 519
15383 517
15383 517
15384 517
15384 517
15384 516
15385 516
15385 516
15385 516
15386 516
15386 516
15387 516
15387 516
15387 516
15388 516
15388 516
15388 517
15389 517
15389 517
15389 517
15390 518
15390 518
15391 518
15391 518
15391 519
15392 519
15392 519
15392 519
15396 521
15400 521
15404 520
15408 519
15412 517
15412 517
15412 517
15413 516
15413 516
15413 516
15414 516
15414 516
15415 516
15415 516
15415 516
15416 516
15416 516
15416 516
15417 516
15417 517
15417 517
15418 517
15418 517
15419 518
15419 518
15419 518
15420 518
15420 519
15420 519
15421 519
15421 519
15425 521
15429 521
15433 520
15437 519
15441 517
15441 517
15441 516
15442 516
15442 516
15442 516
15443 516
15443 516
15443 515
15444 515
15444 516
15444 516
15445 516
15445 516
15446 516
15446 516
15446 517
15447 517
15447 517
15447 517
15448 518
15448 518
15448 518
15449 518
15449 519
15450 519
15450 519
15454 520
15458 521
15462 520
15466 518
15470 516
15470 516
15470 516
15470 516
15471 516
15471 516
15471 515
15472 515
15472 515
15473 515
15473 515
15473 515
15474 515
15474 516
15474 516
15475 516
15475 516
15475 516
15476 517
15476 517
15477 517
15477 517
15477 518
15478 518
15478 518
15478 518
15479 519
15483 520
15487 520
15491 519
15495 518
15499 516
15499 516
15499 516
15499 516
15500 515
15500 515
15500 515
15501 515
15501 515
15502 515
15502 515
15502 515
15503 515
15503 515
15503 515
15504 516
15504 516
15504 516
15505 516
15505 517
15506 517
15506 517
15506 517
15507 518
15507 518
15507 518
15508 518
15512 520
15516 520
15520 519
15524 518
15528 516
15528 516
15528 515
15528 515
15529 515
15529 515
15530 515
15530 515
15530 514
15531 514
15531 514
15531 515
15532 515
15532 515
15532 515
15533 515
15533 515
15534 516
15534 516
15534 516
15535 516
15535 517
15535 517
15536 517
15536 517
15536 518
15537 518
15541 519
15545 519
15549 519
15553 517
15557 515
15557 515
15557 515
15558 515
15558 515
15558 514
15559 514
15559 514
15559 514
15560 514
15560 514
15560 514
15561 514
15561 514
15561 515
15562 515
15562 515
15563 515
15563 515
15563 516
15564 516
15564 516
15564 516
15565 517
15565 517
15565 517
15566 517
15570 519
15574 519
15578 518
15582 517
15586 514
15586 514
15586 514
15587 514
15587 514
15587 514
15588 514
15588 513
15588 513
15589 513
15589 513
15590 513
15590 513
15590 514
15591 514
15591 514
15591 514
15592 514
15592 515
15592 515
15593 515
15593 515
15594 516
15594 516
15594 516
15595 516
15595 517
15599 518
15603 518
15607 517
15611 516
15615 514
15615 514
15616 513
15616 513
15616 513
15617 513
15617 513
15617 513
15618 513
15618 512
15618 512
15619 513
15619 513
15619 513
15620 513
15620 513
15621 513
15621 514
15621 514
15622 514
15622 514
15622 515
15623 515
15623 515
15623 515
15624 515
15624 516
15628 517
15632 517
15636 516
15640 515
15644 513
15644 513
15645 513
15645 513
15646 512
15646 512
15646 512
15647 512
15647 512
15647 512
15648 512
15648 512
15648 512
15649 512
15649 512
15649 512
15650 513
15650 513
15651 513
15651 513
15651 514
15652 514
15652 514
15652 514
15653 515
15653 515
15653 515
15658 516
15662 517
15666 516
15670 514
15674 512
15674 512
15674 512
15675 512
15675 512
15675 512
15676 512
15676 511
15676 511
15677 511
15677 511
15677 511
15678 511
15678 512
15678 512
15679 512
15679 512
15680 512
15680 513
15680 513
15681 513
15681 513
15681 514
15682 514
15682 514
15682 514
15683 514
15687 516
15691 516
15695 515
15699 514
15703 512
15703 512
15704 512
15704 512
15704 511
15705 511
15705 511
15705 511
15706 511
15706 511
15706 511
15707 511
15707 511
15708 511
15708 511
15708 512
15709 512
15709 512
15709 512
15710 512
15710 513
15710 513
15711 513
15711 513
15712 514
15712 514
15712 514
15716 516
15720 516
15725 515
15729 514
15733 512
15733 512
15733 512
15733 511
15734 511
15734 511
15735 511
15735 511
15735 511
15736 511
15736 511
15736 511
15737 511
15737 511
15737 511
15738 511
15738 511
15739 512
15739 512
15739 512
15740 512
15740 513
15740 513
15741 513
15741 513
15741 514
15742 514
15746 515
15750 516
15754 515
15758 514
15762 512
15762 512
15763 511
15763 511
15763 511
15764 511
15764 511
15765 511
15765 510
15765 510
15766 510
15766 511
15766 511
15767 511
15767 511
15767 511
15768 511
15768 511
15769 512
15769 512
15769 512
15770 512
15770 513
15770 513
15771 513
15771 513
15771 514
15776 515
15780 515
15784 515
15788 513
15792 511
15792 511
15792 511
15793 511
15793 511
15793 511
15794 511
15794 510
15795 510
15795 510
15795 510
15796 510
15796 510
15796 511
15797 511
15797 511
15797 511
15798 511
15798 512
15799 512
15799 512
15799 512
15800 513
15800 513
15800 513
15801 513
15801 513
15805 515
15809 515
15813 515
15818 513
15822 511
15822 511
15822 511
15822 511
15823 511
15823 511
15823 510
15824 510
15824 510
15825 510
15825 510
15825 510
15826 510
15826 510
15826 511
15827 511
15827 511
15827 511
15828 511
15828 512
15829 512
15829 512
15829 512
15830 513
15830 513
15830 513
15831 513
15835 515
15839 515
15843 514
15847 513
15851 511
15851 511
15852 511
15852 511
15853 511
15853 511
15853 510
15854 510
15854 510
15854 510
15855 510
15855 510
15855 510
15856 510
15856 511
15856 511
15857 511
15857 511
15858 511
15858 512
15858 512
15859 512
15859 512
15859 512
15860 513
15860 513
15860 513
15865 515
15869 515
15873 514
15877 513
15881 511
15881 511
15882 511
15882 511
15882 511
15883 510
15883 510
15883 510
15884 510
15884 510
15885 510
15885 510
15885 510
15886 510
15886 510
15886 510
15887 511
15887 511
15887 511
15888 511
15888 512
15889 512
15889 512
15889 512
15890 512
15890 513
15890 513
15894 514
15899 515
15903 514
15907 513
15911 511
15911 511
15912 511
15912 511
15912 510
15913 510
15913 510
15913 510
15914 510
15914 510
15914 510
15915 510
15915 510
15916 510
15916 510
15916 510
15917 510
15917 511
15917 511
15918 511
15918 511
15918 512
15919 512
15919 512
15920 512
15920 512
15920 513
15924 514
15929 515
15933 514
15937 512
15941 511
15941 511
15942 510
15942 510
15942 510
15943 510
15943 510
15943 510
15944 510
15944 509
15944 509
15945 509
15945 510
15946 510
15946 510
15946 510
15947 510
15947 510
15947 511
15948 511
15948 511
15948 511
15949 511
15949 512
15950 512
15950 512
15950 512
15954 514
15959 514
15963 514
15967 512
15971 510
15971 510
15972 510
15972 510
15972 510
15973 510
15973 509
15973 509
15974 509
15974 509
15974 509
15975 509
15975 509
15976 509
15976 510
15976 510
15977 510
15977 510
15977 510
15978 510
15978 511
15978 511
15979 511
15979 511
15980 512
15980 512
15980 512
15985 514
15989 514
15993 513
15997 512
16001 510
16001 510
16002 510
16002 510
16002 509
16003 509
16003 509
16004 509
16004 509
16004 509
16005 509
16005 509
16005 509
16006 509
16006 509
16006 509
16007 510
16007 510
16008 510
16008 510
16008 510
16009 511
16009 511
16009 511
16010 511
16010 511
16010 512
16015 513
16019 514
16023 513
16027 511
16032 510
16032 510
16032 509
16032 509
16033 509
16033 509
16033 509
16034 509
16034 509
16034 508
16035 508
16035 508
16036 509
16036 509
16036 509
16037 509
16037 509
16037 509
16038 510
16038 510
16038 510
16039 510
16039 510
16040 511
16040 511
16040 511
16041 511
16045 513
16049 513
16053 512
16058 511
16062 509
16062 509
16062 509
16063 509
16063 508
16063 508
16064 508
16064 508
16064 508
16065 508
16065 508
16065 508
16066 508
16066 508
16067 508
16067 508
16067 508
16068 509
16068 509
16068 509
16069 509
16069 509
16069 510
16070 510
16070 510
16070 510
16071 511
16075 512
16079 512
16084 512
16088 510
16092 508
16092 508
16092 508
16093 508
16093 508
16094 508
16094 507
16094 507
16095 507
16095 507
16095 507
16096 507
16096 507
16096 507
16097 507
16097 507
16098 508
16098 508
16098 508
16099 508
16099 508
16099 509
16100 509
16100 509
16100 509
16101 510
16101 510
16105 511
16110 512
16114 511
16118 509
16123 508
16123 508
16123 507
16123 507
16124 507
16124 507
16124 507
16125 507
16125 506
16125 506
16126 506
16126 506
16127 506
16127 507
16127 507
16128 507
16128 507
16128 507
16129 507
16129 508
16129 508
16130 508
16130 508
16131 508
16131 509
16131 509
16132 509
16136 511
16140 511
16144 510
16149 509
16153 507
16153 507
16153 507
16154 507
16154 507
16154 506
16155 506
16155 506
16156 506
16156 506
16156 506
16157 506
16157 506
16157 506
16158 506
16158 506
16158 506
16159 507
16159 507
16160 507
16160 507
16160 507
16161 508
16161 508
16161 508
16162 508
16162 509
16166 510
16171 510
16175 510
16179 509
16184 507
16184 507
16184 506
16184 506
16185 506
16185 506
16185 506
16186 506
16186 506
16186 506
16187 505
16187 506
16188 506
16188 506
16188 506
16189 506
16189 506
16189 506
16190 506
16190 507
16190 507
16191 507
16191 507
16192 508
16192 508
16192 508
16193 508
16197 510
16201 510
16206 510
16210 508
16214 506
16214 506
16215 506
16215 506
16215 506
16216 506
16216 506
16216 505
16217 505
16217 505
16217 505
16218 505
16218 505
16219 505
16219 506
16219 506
16220 506
16220 506
16220 506
16221 506
16221 507
16221 507
16222 507
16222 507
16223 507
16223 508
16223 508
16228 510
16232 510
16236 509
16241 508
16245 506
16245 506
16245 506
16246 506
16246 506
16246 506
16247 505
16247 505
16247 505
16248 505
16248 505
16249 505
16249 505
16249 505
16250 505
16250 506
16250 506
16251 506
16251 506
16251 506
16252 506
16252 507
16253 507
16253 507
16253 507
16254 508
16254 508
16258 509
16263 510
16267 509
16271 508
16276 506
16276 506
16276 506
16276 506
16277 506
16277 505
16277 505
16278 505
16278 505
16279 505
16279 505
16279 505
16280 505
16280 505
16280 505
16281 505
16281 506
16281 506
16282 506
16282 506
16283 506
16283 507
16283 507
16284 507
16284 507
16284 507
16285 508
16289 509
16293 510
16298 509
16302 508
16306 506
16306 506
16307 506
16307 506
16308 506
16308 505
16308 505
16309 505
16309 505
16309 505
16310 505
16310 505
16310 505
16311 505
16311 505
16312 505
16312 505
16312 506
16313 506
16313 506
16313 506
16314 506
16314 507
16314 507
16315 507
16315 507
16316 507
16320 509
16324 510
16329 509
16333 508
16337 506
16337 506
16338 506
16338 506
16338 505
16339 505
16339 505
16340 505
16340 505
16340 505
16341 505
16341 505
16341 505
16342 505
16342 505
16342 505
16343 505
16343 505
16344 506
16344 506
16344 506
16345 506
16345 506
16345 507
16346 507
16346 507
16346 507
16351 509
16355 509
16360 509
16364 508
16368 506
16368 506
16369 506
16369 505
16369 505
16370 505
16370 505
16371 505
16371 505
16371 505
16372 505
16372 505
16372 505
16373 505
16373 505
16373 505
16374 505
16374 505
16375 505
16375 506
16375 506
16376 506
16376 506
16376 506
16377 507
16377 507
16377 507
16382 509
16386 509
16391 509
16395 507
16399 506
16399 506
16400 505
16400 505
16401 505
16401 505
16401 505
16402 505
16402 504
16402 504
16403 504
16403 504
16403 504
16404 504
16404 505
16405 505
16405 505
16405 505
16406 505
16406 505
16406 506
16407 506
16407 506
16407 506
16408 506
16408 507
16409 507
16413 508
16417 509
16422 508
16426 507
16431 505
16431 505
16431 505
16431 505
16432 505
16432 505
16432 504
16433 504
16433 504
16433 504
16434 504
16434 504
16435 504
16435 504
16435 504
16436 504
16436 505
16436 505
16437 505
16437 505
16437 505
16438 505
16438 506
16439 506
16439 506
16439 506
16440 507
16444 508
16448 509
16453 508
16457 507
16462 505
16462 505
16462 505
16462 505
16463 504
16463 504
16464 504
16464 504
16464 504
16465 504
16465 504
16465 504
16466 504
16466 504
16466 504
16467 504
16467 504
16468 504
16468 505
16468 505
16469 505
16469 505
16469 505
16470 506
16470 506
16470 506
16471 506
16475 508
16480 508
16484 508
16489 506
16493 505
16493 505
16493 505
16494 504
16494 504
16494 504
16495 504
16495 504
16496 504
16496 504
16496 504
16497 504
16497 504
16497 504
16498 504
16498 504
16498 504
16499 504
16499 504
16499 504
16500 505
16500 505
16501 505
16501 505
16501 505
16502 506
16502 506
16506 508
16511 508
16515 507
16520 506
16524 504
16524 504
16525 504
16525 504
16525 504
16526 503
16526 503
16526 503
16527 503
16527 503
16528 503
16528 503
16528 503
16529 503
16529 503
16529 503
16530 503
16530 503
16530 504
16531 504
16531 504
16532 504
16532 504
16532 505
16533 505
16533 505
16533 505
16538 507
16542 507
16547 507
16551 505
16556 503
16556 503
16556 503
16556 503
16557 503
16557 503
16557 503
16558 502
16558 502
16559 502
16559 502
16559 502
16560 502
16560 502
16560 502
16561 502
16561 503
16561 503
16562 503
16562 503
16563 503
16563 503
16563 504
16564 504
16564 504
16564 504
16565 504
16569 506
16574 506
16578 506
16583 505
16587 503
16587 503
16588 503
16588 502
16588 502
16589 502
16589 502
16589 502
16590 502
16590 502
16590 502
16591 502
16591 502
16592 502
16592 502
16592 502
16593 502
16593 502
16593 502
16594 502
16594 503
16594 503
16595 503
16595 503
16596 503
16596 504
16596 504
16601 505
16605 506
16610 505
16614 504
16619 502
16619 502
16619 502
16619 502
16620 502
16620 502
16621 501
16621 501
16621 501
16622 501
16622 501
16622 501
16623 501
16623 501
16623 501
16624 501
16624 501
16625 502
16625 502
16625 502
16626 502
16626 502
16626 503
16627 503
16627 503
16627 503
16628 503
16632 505
16637 505
16641 505
16646 504
16650 502
16650 502
16651 502
16651 502
16651 501
16652 501
16652 501
16653 501
16653 501
16653 501
16654 501
16654 501
16654 501
16655 501
16655 501
16655 501
16656 501
16656 501
16657 501
16657 502
16657 502
16658 502
16658 502
16658 502
16659 503
16659 503
16659 503
16664 505
16668 505
16673 505
16677 503
16682 502
16682 502
16682 502
16683 501
16683 501
16683 501
16684 501
16684 501
16685 501
16685 501
16685 501
16686 501
16686 501
16686 501
16687 501
16687 501
16687 501
16688 501
16688 501
16689 501
16689 502
16689 502
16690 502
16690 502
16690 502
16691 503
16691 503
16696 504
16700 505
16705 505
16709 503
16714 502
16714 502
16714 501
16715 501
16715 501
16715 501
16716 501
16716 501
16716 501
16717 500
16717 500
16717 500
16718 500
16718 500
16719 501
16719 501
16719 501
16720 501
16720 501
16720 501
16721 501
16721 502
16721 502
16722 502
16722 502
16723 502
16723 503
16727 504
16732 505
16737 504
16741 503
16746 501
16746 501
16746 501
16746 501
16747 501
16747 501
16747 501
16748 501
16748 500
16749 500
16749 500
16749 500
16750 500
16750 500
16750 500
16751 501
16751 501
16751 501
16752 501
16752 501
16753 501
16753 501
16753 502
16754 502
16754 502
16754 502
16755 502
16759 504
16764 505
16768 504
16773 503
16778 501
16778 501
16778 501
16778 501
16779 501
16779 501
16779 501
16780 501
16780 500
16780 500
16781 500
16781 500
16782 500
16782 500
16782 500
16783 501
16783 501
16783 501
16784 501
16784 501
16784 501
16785 502
16785 502
16785 502
16786 502
16786 502
16787 503
16791 504
16796 505
16800 504
16805 503
16809 502
16810 502
16810 501
16810 501
16811 501
16811 501
16811 501
16812 501
16812 500
16812 500
16813 500
16813 500
16813 500
16814 500
16814 500
16815 501
16815 501
16815 501
16816 501
16816 501
16816 501
16817 502
16817 502
16817 502
16818 502
16818 502
16819 502
16823 504
16828 505
16832 504
16837 503
16842 501
16842 501
16842 501
16842 501
16843 501
16843 501
16843 501
16844 501
16844 500
16844 500
16845 500
16845 500
16846 500
16846 500
16846 500
16847 500
16847 501
16847 501
16848 501
16848 501
16848 501
16849 501
16849 502
16850 502
16850 502
16850 502
16851 502
16855 504
16860 505
16864 504
16869 503
16874 501
16874 501
16874 501
16874 501
16875 501
16875 501
16876 501
16876 500
16876 500
16877 500
16877 500
16877 500
16878 500
16878 500
16878 500
16879 500
16879 500
16880 501
16880 501
16880 501
16881 501
16881 501
16881 501
16882 502
16882 502
16882 502
16883 502
16887 504
16892 504
16897 504
16901 503
16906 501
16906 501
16906 501
16907 501
16907 501
16907 500
16908 500
16908 500
16908 500
16909 500
16909 500
16910 500
16910 500
16910 500
16911 500
16911 500
16911 500
16912 500
16912 500
16912 501
16913 501
16913 501
16914 501
16914 501
16914 502
16915 502
16915 502
16920 504
16924 504
16929 504
16934 503
16938 501
16938 501
16939 501
16939 501
16939 500
16940 500
16940 500
16940 500
16941 500
16941 500
16941 500
16942 500
16942 500
16943 500
16943 500
16943 500
16944 500
16944 500
16944 500
16945 500
16945 501
16945 501
16946 501
16946 501
16947 501
16947 501
16947 502
16952 503
16957 504
16961 503
16966 502
16971 500
16971 500
16971 500
16971 500
16972 500
16972 500
16972 500
16973 500
16973 499
16973 499
16974 499
16974 499
16975 499
16975 499
16975 499
16976 499
16976 500
16976 500
16977 500
16977 500
16977 500
16978 500
16978 500
16979 501
16979 501
16979 501
16980 501
16984 503
16989 503
16994 503
16998 502
17003 500
17003 500
17003 500
17004 500
17004 500
17004 499
17005 499
17005 499
17006 499
17006 499
17006 499
17007 499
17007 499
17007 499
17008 499
17008 499
17008 499
17009 499
17009 499
17010 500
17010 500
17010 500
17011 500
17011 500
17011 500
17012 501
17012 501
17017 502
17021 503
17026 502
17031 501
17035 499
17035 499
17036 499
17036 499
17037 499
17037 499
17037 499
17038 499
17038 498
17038 498
17039 498
17039 498
17039 498
17040 498
17040 498
17041 498
17041 498
17041 499
17042 499
17042 499
17042 499
17043 499
17043 499
17043 499
17044 500
17044 500
17045 500
17049 502
17054 502
17059 502
17063 500
17068 499
17068 499
17068 498
17069 498
17069 498
17070 498
17070 498
17070 498
17071 498
17071 497
17071 497
17072 497
17072 497
17072 497
17073 497
17073 497
17074 498
17074 498
17074 498
17075 498
17075 498
17075 498
17076 498
17076 499
17076 499
17077 499
17077 499
17082 501
17087 501
17091 501
17096 500
17101 498
17101 498
17101 498
17101 498
17102 497
17102 497
17103 497
17103 497
17103 497
17104 497
17104 497
17104 497
17105 497
17105 497
17105 497
17106 497
17106 497
17107 497
17107 497
17107 497
17108 497
17108 498
17108 498
17109 498
17109 498
17109 498
17110 498
17115 500
17119 501
17124 500
17129 499
17133 497
17134 497
17134 497
17134 497
17135 497
17135 497
17135 496
17136 496
17136 496
17136 496
17137 496
17137 496
17137 496
17138 496
17138 496
17139 496
17139 496
17139 496
17140 496
17140 497
17140 497
17141 497
17141 497
17141 497
17142 497
17142 498
17143 498
17147 500
17152 500
17157 500
17162 499
17166 497
17166 497
17167 497
17167 496
17167 496
17168 496
17168 496
17168 496
17169 496
17169 496
17170 496
17170 496
17170 496
17171 496
17171 496
17171 496
17172 496
17172 496
17172 496
17173 496
17173 496
17174 496
17174 497
17174 497
17175 497
17175 497
17175 497
17180 499
17185 500
17190 499
17194 498
17199 496
17199 496
17200 496
17200 496
17200 496
17201 496
17201 496
17201 496
17202 495
17202 495
17202 495
17203 495
17203 495
17203 495
17204 495
17204 495
17205 496
17205 496
17205 496
17206 496
17206 496
17206 496
17207 496
17207 497
17207 497
17208 497
17208 497
17213 499
17218 499
17223 499
17227 498
17232 496
17232 496
17232 496
17233 496
17233 496
17234 496
17234 496
17234 495
17235 495
17235 495
17235 495
17236 495
17236 495
17236 495
17237 495
17237 495
17238 495
17238 495
17238 496
17239 496
17239 496
17239 496
17240 496
17240 496
17240 496
17241 497
17241 497
17246 499
17251 499
17255 499
17260 498
17265 496
17265 496
17265 496
17266 496
17266 496
17267 495
17267 495
17267 495
17268 495
17268 495
17268 495
17269 495
17269 495
17269 495
17270 495
17270 495
17271 495
17271 495
17271 495
17272 495
17272 496
17272 496
17273 496
17273 496
17273 496
17274 496
17274 497
17279 498
17284 499
17289 499
17293 498
17298 496
17298 496
17299 496
17299 496
17299 495
17300 495
17300 495
17300 495
17301 495
17301 495
17301 495
17302 495
17302 495
17303 495
17303 495
17303 495
17304 495
17304 495
17304 495
17305 495
17305 495
17305 496
17306 496
17306 496
17307 496
17307 496
17307 496
17312 498
17317 499
17322 498
17327 497
17331 496
17331 496
17332 496
17332 495
17332 495
17333 495
17333 495
17334 495
17334 495
17334 495
17335 495
17335 494
17335 494
17336 494
17336 495
17336 495
17337 495
17337 495
17338 495
17338 495
17338 495
17339 495
17339 495
17339 496
17340 496
17340 496
17340 496
17345 498
17350 499
17355 498
17360 497
17365 495
17365 495
17365 495
17365 495
17366 495
17366 495
17366 495
17367 495
17367 494
17367 494
17368 494
17368 494
17369 494
17369 494
17369 494
17370 494
17370 494
17370 495
17371 495
17371 495
17371 495
17372 495
17372 495
17373 495
17373 496
17373 496
17374 496
17379 498
17383 498
17388 498
17393 497
17398 495
17398 495
17398 495
17399 495
17399 495
17399 495
17400 494
17400 494
17400 494
17401 494
17401 494
17402 494
17402 494
17402 494
17403 494
17403 494
17403 494
17404 494
17404 494
17404 495
17405 495
17405 495
17406 495
17406 495
17406 495
17407 495
17407 496
17412 497
17417 498
17422 498
17426 497
17431 495
17431 495
17432 495
17432 495
17432 494
17433 494
17433 494
17433 494
17434 494
17434 494
17435 494
17435 494
17435 494
17436 494
17436 494
17436 494
17437 494
17437 494
17437 494
17438 494
17438 494
17439 495
17439 495
17439 495
17440 495
17440 495
17440 495
17445 497
17450 498
17455 497
17460 496
17465 495
17465 495
17465 494
17465 494
17466 494
17466 494
17467 494
17467 494
17467 494
17468 494
17468 493
17468 493
17469 493
17469 493
17469 493
17470 493
17470 494
17471 494
17471 494
17471 494
17472 494
17472 494
17472 494
17473 494
17473 495
17473 495
17474 495
17479 497
17484 497
17488 497
17493 496
17498 494
17498 494
17499 494
17499 494
17499 494
17500 494
17500 494
17500 493
17501 493
17501 493
17502 493
17502 493
17502 493
17503 493
17503 493
17503 493
17504 493
17504 493
17504 493
17505 494
17505 494
17506 494
17506 494
17506 494
17507 494
17507 494
17507 495
17512 496
17517 497
17522 497
17527 495
17532 494
17532 494
17532 494
17533 493
17533 493
17533 493
17534 493
17534 493
17534 493
17535 493
17535 493
17536 493
17536 492
17536 492
17537 492
17537 493
17537 493
17538 493
17538 493
17538 493
17539 493
17539 493
17540 493
17540 493
17540 494
17541 494
17541 494
17546 496
17551 496
17556 496
17561 495
17566 493
17566 493
17566 493
17566 493
17567 493
17567 492
17567 492
17568 492
17568 492
17569 492
17569 492
17569 492
17570 492
17570 492
17570 492
17571 492
17571 492
17571 492
17572 492
17572 492
17573 492
17573 492
17573 493
17574 493
17574 493
17574 493
17575 493
17580 495
17585 496
17590 495
17594 494
17599 492
17599 492
17600 492
17600 492
17601 492
17601 492
17601 492
17602 491
17602 491
17602 491
17603 491
17603 491
17603 491
17604 491
17604 491
17604 491
17605 491
17605 491
17606 491
17606 491
17606 492
17607 492
17607 492
17607 492
17608 492
17608 492
17608 493
17613 494
17618 495
17623 495
17628 493
17633 492
17633 492
17634 492
17634 492
17634 491
17635 491
17635 491
17635 491
17636 491
17636 491
17637 491
17637 491
17637 491
17638 491
17638 491
17638 491
17639 491
17639 491
17639 491
17640 491
17640 491
17641 491
17641 491
17641 492
17642 492
17642 492
17642 492
17647 494
17652 494
17657 494
17662 493
17667 491
17667 491
17668 491
17668 491
17668 491
17669 491
17669 491
17669 491
17670 490
17670 490
17670 490
17671 490
17671 490
17672 490
17672 490
17672 490
17673 490
17673 490
17673 491
17674 491
17674 491
17674 491
17675 491
17675 491
17676 491
17676 492
17676 492
17681 493
17686 494
17691 494
17696 493
17701 491
17701 491
17702 491
17702 491
17702 491
17703 491
17703 490
17703 490
17704 490
17704 490
17704 490
17705 490
17705 490
17706 490
17706 490
17706 490
17707 490
17707 490
17707 490
17708 490
17708 490
17708 491
17709 491
17709 491
17710 491
17710 491
17710 491
17715 493
17720 494
17725 494
17730 493
17735 491
17735 491
17736 491
17736 491
17736 491
17737 490
17737 490
17737 490
17738 490
17738 490
17739 490
17739 490
17739 490
17740 490
17740 490
17740 490
17741 490
17741 490
17741 490
17742 490
17742 490
17743 490
17743 491
17743 491
17744 491
17744 491
17744 491
17749 493
17754 494
17759 493
17764 492
17769 491
17769 491
17770 491
17770 491
17771 490
17771 490
17771 490
17772 490
17772 490
17772 490
17773 490
17773 490
17773 490
17774 490
17774 490
17774 490
17775 490
17775 490
17776 490
17776 490
17776 490
17777 490
17777 490
17777 491
17778 491
17778 491
17778 491
17784 493
17789 494
17794 493
17799 492
17804 491
17804 491
17804 491
17804 490
17805 490
17805 490
17805 490
17806 490
17806 490
17807 490
17807 490
17807 489
17808 489
17808 489
17808 489
17809 489
17809 490
17809 490
17810 490
17810 490
17811 490
17811 490
17811 490
17812 490
17812 491
17812 491
17813 491
17818 493
17823 493
17828 493
17833 492
17838 490
17838 490
17838 490
17839 490
17839 490
17839 490
17840 490
17840 490
17841 490
17841 489
17841 489
17842 489
17842 489
17842 489
17843 489
17843 489
17843 489
17844 489
17844 490
17845 490
17845 490
17845 490
17846 490
17846 490
17846 490
17847 490
17847 491
17852 492
17857 493
17862 493
17867 492
17872 490
17872 490
17873 490
17873 490
17873 490
17874 490
17874 490
17875 489
17875 489
17875 489
17876 489
17876 489
17876 489
17877 489
17877 489
17877 489
17878 489
17878 489
17879 489
17879 489
17879 490
17880 490
17880 490
17880 490
17881 490
17881 490
17881 490
17887 492
17892 493
17897 493
17902 492
17907 490
17907 490
17907 490
17908 490
17908 490
17908 489
17909 489
17909 489
17909 489
17910 489
17910 489
17910 489
17911 489
17911 489
17912 489
17912 489
17912 489
17913 489
17913 489
17913 489
17914 489
17914 489
17914 490
17915 490
17915 490
17916 490
17916 490
17921 492
17926 493
17931 492
17936 491
17941 490
17941 490
17942 490
17942 489
17943 489
17943 489
17943 489
17944 489
17944 489
17944 489
17945 489
17945 489
17945 489
17946 489
17946 489
17946 489
17947 489
17947 489
17948 489
17948 489
17948 489
17949 489
17949 489
17949 489
17950 490
17950 490
17950 490
17956 492
17961 492
17966 492
17971 491
17976 489
17976 489
17976 489
17977 489
17977 489
17977 489
17978 489
17978 489
17979 489
17979 488
17979 488
17980 488
17980 488
17980 488
17981 488
17981 488
17981 488
17982 488
17982 488
17983 489
17983 489
17983 489
17984 489
17984 489
17984 489
17985 489
17985 490
17990 491
17995 492
18000 492
18006 491
18011 489
18011 489
18011 489
18011 489
18012 489
18012 489
18013 488
18013 488
18013 488
18014 488
18014 488
18014 488
18015 488
18015 488
18015 488
18016 488
18016 488
18016 488
18017 488
18017 488
18018 488
18018 488
18018 489
18019 489
18019 489
18019 489
18020 489
18025 491
18030 492
18035 491
18040 490
18045 489
18045 489
18046 489
18046 489
18047 488
18047 488
18047 488
18048 488
18048 488
18048 488
18049 488
18049 488
18049 488
18050 488
18050 488
18051 488
18051 488
18051 488
18052 488
18052 488
18052 488
18053 488
18053 488
18053 488
18054 489
18054 489
18055 489
18060 491
18065 491
18070 491
18075 490
18080 488
18080 488
18081 488
18081 488
18081 488
18082 488
18082 488
18083 487
18083 487
18083 487
18084 487
18084 487
18084 487
18085 487
18085 487
18085 487
18086 487
18086 487
18086 487
18087 487
18087 487
18088 487
18088 488
18088 488
18089 488
18089 488
18089 488
18095 490
18100 491
18105 490
18110 489
18115 487
18115 487
18116 487
18116 487
18116 487
18117 487
18117 487
18117 487
18118 487
18118 486
18118 486
18119 486
18119 486
18120 486
18120 486
18120 486
18121 486
18121 486
18121 486
18122 486
18122 487
18122 487
18123 487
18123 487
18124 487
18124 487
18124 487
18129 489
18135 490
18140 490
18145 488
18150 487
18150 487
18151 487
18151 487
18151 486
18152 486
18152 486
18152 486
18153 486
18153 486
18153 486
18154 486
18154 486
18155 486
18155 486
18155 486
18156 486
18156 486
18156 486
18157 486
18157 486
18157 486
18158 486
18158 486
18159 486
18159 487
18159 487
18164 488
18170 489
18175 489
18180 488
18185 486
18185 486
18186 486
18186 486
18186 486
18187 486
18187 486
18187 486
18188 485
18188 485
18189 485
18189 485
18189 485
18190 485
18190 485
18190 485
18191 485
18191 485
18191 485
18192 485
18192 485
18193 486
18193 486
18193 486
18194 486
18194 486
18194 486
18200 488
18205 489
18210 489
18215 488
18220 486
18220 486
18221 486
18221 486
18222 486
18222 485
18222 485
18223 485
18223 485
18223 485
18224 485
18224 485
18224 485
18225 485
18225 485
18226 485
18226 485
18226 485
18227 485
18227 485
18227 485
18228 485
18228 485
18228 485
18229 486
18229 486
18230 486
18235 488
18240 488
18245 488
18250 487
18256 486
18256 486
18256 486
18256 485
18257 485
18257 485
18257 485
18258 485
18258 485
18259 485
18259 485
18259 485
18260 484
18260 484
18260 484
18261 484
18261 485
18261 485
18262 485
18262 485
18263 485
18263 485
18263 485
18264 485
18264 485
18264 485
18265 486
18270 487
18275 488
18280 488
18286 487
18291 485
18291 485
18291 485
18292 485
18292 485
18292 485
18293 485
18293 485
18294 485
18294 485
18294 484
18295 484
18295 484
18295 484
18296 484
18296 484
18296 484
18297 484
18297 484
18298 485
18298 485
18298 485
18299 485
18299 485
18299 485
18300 485
18300 485
18305 487
18311 488
18316 488
18321 487
18326 485
18326 485
18327 485
18327 485
18327 485
18328 485
18328 485
18329 485
18329 484
18329 484
18330 484
18330 484
18330 484
18331 484
18331 484
18331 484
18332 484
18332 484
18333 484
18333 484
18333 484
18334 485
18334 485
18334 485
18335 485
18335 485
18335 485
18341 487
18346 488
18351 488
18357 487
18362 485
18362 485
18362 485
18363 485
18363 485
18363 485
18364 484
18364 484
18364 484
18365 484
18365 484
18366 484
18366 484
18366 484
18367 484
18367 484
18367 484
18368 484
18368 484
18368 484
18369 484
18369 484
18369 484
18370 485
18370 485
18371 485
18371 485
18376 487
18382 488
18387 487
18392 486
18397 485
18397 485
18398 485
18398 485
18399 485
18399 484
18399 484
18400 484
18400 484
18400 484
18401 484
18401 484
18401 484
18402 484
18402 484
18402 484
18403 484
18403 484
18404 484
18404 484
18404 484
18405 484
18405 484
18405 484
18406 485
18406 485
18406 485
18412 487
18417 487
18422 487
18428 486
18433 485
18433 485
18433 485
18434 484
18434 484
18435 484
18435 484
18435 484
18436 484
18436 484
18436 484
18437 484
18437 484
18437 484
18438 484
18438 484
18438 484
18439 484
18439 484
18440 484
18440 484
18440 484
18441 484
18441 484
18441 484
18442 484
18442 485
18447 486
18453 487
18458 487
18463 486
18469 485
18469 485
18469 485
18470 485
18470 484
18470 484
18471 484
18471 484
18471 484
18472 484
18472 484
18472 484
18473 484
18473 484
18473 484
18474 484
18474 484
18475 484
18475 484
18475 484
18476 484
18476 484
18476 484
18477 484
18477 484
18477 485
18478 485
18483 487
18489 487
18494 487
18499 486
18505 485
18505 485
18505 485
18505 485
18506 484
18506 484
18506 484
18507 484
18507 484
18507 484
18508 484
18508 484
18509 484
18509 484
18509 484
18510 484
18510 484
18510 484
18511 484
18511 484
18511 484
18512 484
18512 484
18513 484
18513 484
18513 484
18514 485
18519 486
18524 487
18530 487
18535 486
18540 485
18540 485
18541 484
18541 484
18541 484
18542 484
18542 484
18543 484
18543 484
18543 484
18544 484
18544 483
18544 483
18545 483
18545 483
18545 483
18546 483
18546 483
18547 484
18547 484
18547 484
18548 484
18548 484
18548 484
18549 484
18549 484
18549 484
18555 486
18560 487
18566 487
18571 486
18576 484
18576 484
18577 484
18577 484
18577 484
18578 484
18578 484
18579 484
18579 484
18579 483
18580 483
18580 483
18580 483
18581 483
18581 483
18581 483
18582 483
18582 483
18583 483
18583 483
18583 483
18584 484
18584 484
18584 484
18585 484
18585 484
18585 484
18591 486
18596 487
18602 487
18607 486
18612 484
18612 484
18613 484
18613 484
18613 484
18614 484
18614 483
18615 483
18615 483
18615 483
18616 483
18616 483
18616 483
18617 483
18617 483
18617 483
18618 483
18618 483
18619 483
18619 483
18619 483
18620 483
18620 483
18620 483
18621 484
18621 484
18621 484
18627 486
18632 486
18638 486
18643 485
18649 483
18649 483
18649 483
18649 483
18650 483
18650 483
18650 483
18651 483
18651 483
18651 482
18652 482
18652 482
18653 482
18653 482
18653 482
18654 482
18654 482
18654 482
18655 482
18655 482
18655 482
18656 483
18656 483
18657 483
18657 483
18657 483
18658 483
18663 485
18668 486
18674 485
18679 484
18685 483
18685 483
18685 483
18685 482
18686 482
18686 482
18687 482
18687 482
18687 482
18688 482
18688 482
18688 482
18689 481
18689 481
18689 481
18690 481
18690 481
18691 481
18691 481
18691 482
18692 482
18692 482
18692 482
18693 482
18693 482
18693 482
18694 482
18699 484
18705 485
18710 485
18715 484
18721 482
18721 482
18721 482
18722 482
18722 482
18722 481
18723 481
18723 481
18723 481
18724 481
18724 481
18725 481
18725 481
18725 481
18726 481
18726 481
18726 481
18727 481
18727 481
18727 481
18728 481
18728 481
18729 481
18729 481
18729 481
18730 481
18730 482
18735 483
18741 484
18746 484
18752 483
18757 481
18757 481
18758 481
18758 481
18758 481
18759 481
18759 481
18759 481
18760 481
18760 480
18761 480
18761 480
18761 480
18762 480
18762 480
18762 480
18763 480
18763 480
18763 480
18764 480
18764 480
18765 480
18765 481
18765 481
18766 481
18766 481
18766 481
18772 483
18777 484
18783 483
18788 482
18794 481
18794 481
18794 481
18794 481
18795 481
18795 480
18795 480
18796 480
18796 480
18797 480
18797 480
18797 480
18798 480
18798 480
18798 480
18799 480
18799 480
18799 480
18800 480
18800 480
18801 480
18801 480
18801 480
18802 480
18802 480
18802 480
18803 481
18808 482
18814 483
18819 483
18825 482
18830 481
18830 481
18831 480
18831 480
18831 480
18832 480
18832 480
18832 480
18833 480
18833 480
18833 480
18834 479
18834 479
18835 479
18835 479
18835 479
18836 479
18836 479
18836 479
18837 479
18837 480
18837 480
18838 480
18838 480
18839 480
18839 480
18839 480
18845 482
18850 483
18856 483
18861 482
18867 480
18867 480
18867 480
18867 480
18868 480
18868 480
18869 480
18869 480
18869 479
18870 479
18870 479
18870 479
18871 479
18871 479
18871 479
18872 479
18872 479
18873 479
18873 479
18873 479
18874 479
18874 479
18874 479
18875 480
18875 480
18875 480
18876 480
18881 482
18887 483
18892 482
18898 482
18903 480
18903 480
18904 480
18904 480
18905 480
18905 480
18905 479
18906 479
18906 479
18906 479
18907 479
18907 479
18907 479
18908 479
18908 479
18909 479
18909 479
18909 479
18910 479
18910 479
18910 479
18911 479
18911 479
18911 479
18912 479
18912 479
18913 480
18918 481
18924 482
18929 482
18935 481
18940 480
18940 480
18941 480
18941 480
18941 479
18942 479
18942 479
18942 479
18943 479
18943 479
18943 479
18944 479
18944 479
18945 479
18945 479
18945 479
18946 479
18946 479
18946 479
18947 479
18947 479
18947 479
18948 479
18948 479
18949 479
18949 479
18949 479
18955 481
18960 482
18966 482
18971 481
18977 479
18977 479
18977 479
18978 479
18978 479
18978 479
18979 479
18979 479
18980 479
18980 479
18980 478
18981 478
18981 478
18981 478
18982 478
18982 478
18982 478
18983 478
18983 478
18984 478
18984 478
18984 479
18985 479
18985 479
18985 479
18986 479
18986 479
18992 481
18997 482
19003 482
19008 481
19014 479
19014 479
19014 479
19015 479
19015 479
19015 479
19016 479
19016 479
19016 478
19017 478
19017 478
19018 478
19018 478
19018 478
19019 478
19019 478
19019 478
19020 478
19020 478
19020 478
19021 478
19021 478
19021 478
19022 478
19022 479
19023 479
19023 479
19029 481
19034 481
19040 481
19045 480
19051 479
19051 479
19051 479
19052 479
19052 479
19052 478
19053 478
19053 478
19053 478
19054 478
19054 478
19054 478
19055 478
19055 478
19056 478
19056 478
19056 478
19057 478
19057 478
19057 478
19058 478
19058 478
19058 478
19059 478
19059 478
19060 478
19060 478
19066 480
19071 481
19077 481
19082 480
19088 479
19088 479
19088 479
19089 478
19089 478
19089 478
19090 478
19090 478
19090 478
19091 478
19091 478
19092 478
19092 477
19092 477
19093 477
19093 477
19093 477
19094 477
19094 477
19094 477
19095 478
19095 478
19096 478
19096 478
19096 478
19097 478
19097 478
19103 480
19108 481
19114 481
19119 480
19125 478
19125 478
19125 478
19126 478
19126 478
19127 478
19127 478
19127 478
19128 477
19128 477
19128 477
19129 477
19129 477
19129 477
19130 477
19130 477
19131 477
19131 477
19131 477
19132 477
19132 477
19132 477
19133 477
19133 477
19133 478
19134 478
19134 478
19140 480
19145 480
19151 480
19157 479
19162 478
19162 478
19163 478
19163 478
19163 478
19164 477
19164 477
19164 477
19165 477
19165 477
19166 477
19166 477
19166 477
19167 477
19167 477
19167 477
19168 477
19168 477
19168 477
19169 477
19169 477
19170 477
19170 477
19170 477
19171 477
19171 477
19171 477
19177 479
19183 480
19188 480
19194 479
19200 477
19200 477
19200 477
19200 477
19201 477
19201 477
19201 477
19202 477
19202 477
19203 476
19203 476
19203 476
19204 476
19204 476
19204 476
19205 476
19205 476
19205 476
19206 476
19206 476
19206 476
19207 476
19207 476
19208 476
19208 477
19208 477
19209 477
19214 478
19220 479
19226 479
19231 478
19237 477
19237 477
19237 476
19238 476
19238 476
19238 476
19239 476
19239 476
19240 476
19240 476
19240 476
19241 475
19241 475
19241 475
19242 475
19242 475
19242 475
19243 475
19243 475
19244 475
19244 475
19244 475
19245 476
19245 476
19245 476
19246 476
19246 476
19252 478
19257 478
19263 478
19269 477
19274 476
19274 476
19275 476
19275 476
19276 476
19276 475
19276 475
19277 475
19277 475
19277 475
19278 475
19278 475
19278 475
19279 475
19279 475
19280 475
19280 475
19280 475
19281 475
19281 475
19281 475
19282 475
19282 475
19282 475
19283 475
19283 475
19284 475
19289 477
19295 478
19301 478
19306 477
19312 475
19312 475
19312 475
19313 475
19313 475
19313 475
19314 475
19314 475
19315 475
19315 475
19315 474
19316 474
19316 474
19316 474
19317 474
19317 474
19317 474
19318 474
19318 474
19319 474
19319 474
19319 474
19320 474
19320 474
19320 475
19321 475
19321 475
19327 477
19332 477
19338 477
19344 476
19350 475
19350 475
19350 475
19350 475
19351 475
19351 475
19351 474
19352 474
19352 474
19353 474
19353 474
19353 474
19354 474
19354 474
19354 474
19355 474
19355 474
19355 474
19356 474
19356 474
19357 474
19357 474
19357 474
19358 474
19358 474
19358 474
19359 474
19364 476
19370 477
19376 477
19382 476
19387 475
19387 475
19388 475
19388 474
19388 474
19389 474
19389 474
19390 474
19390 474
19390 474
19391 474
19391 474
19391 474
19392 474
19392 473
19392 473
19393 473
19393 473
19394 473
19394 474
19394 474
19395 474
19395 474
19395 474
19396 474
19396 474
19396 474
19402 476
19408 477
19414 477
19419 476
19425 474
19425 474
19426 474
19426 474
19426 474
19427 474
19427 474
19427 474
19428 474
19428 474
19428 473
19429 473
19429 473
19430 473
19430 473
19430 473
19431 473
19431 473
19431 473
19432 473
19432 473
19432 473
19433 473
19433 474
19434 474
19434 474
19434 474
19440 476
19446 477
19452 476
19457 476
19463 474
19463 474
19463 474
19464 474
19464 474
19464 474
19465 474
19465 474
19466 473
19466 473
19466 473
19467 473
19467 473
19467 473
19468 473
19468 473
19468 473
19469 473
19469 473
19470 473
19470 473
19470 473
19471 473
19471 473
19471 473
19472 474
19472 474
19478 475
19484 476
19489 476
19495 475
19501 474
19501 474
19501 474
19502 474
19502 474
19502 474
19503 473
19503 473
19504 473
19504 473
19504 473
19505 473
19505 473
19505 473
19506 473
19506 473
19506 473
19507 473
19507 473
19508 473
19508 473
19508 473
19509 473
19509 473
19509 473
19510 473
19510 473
19516 475
19522 476
19527 476
19533 475
19539 474
19539 474
19539 474
19540 474
19540 474
19540 473
19541 473
19541 473
19542 473
19542 473
19542 473
19543 473
19543 473
19543 473
19544 473
19544 473
19544 473
19545 473
19545 473
19546 473
19546 473
19546 473
19547 473
19547 473
19547 473
19548 473
19548 473
19554 475
19560 476
19565 476
19571 475
19577 474
19577 474
19577 474
19578 473
19578 473
19579 473
19579 473
19579 473
19580 473
19580 473
19580 473
19581 473
19581 473
19581 472
19582 472
19582 472
19583 472
19583 472
19583 472
19584 472
19584 473
19584 473
19585 473
19585 473
19585 473
19586 473
19586 473
19592 475
19598 476
19604 476
19609 475
19615 473
19615 473
19616 473
19616 473
19616 473
19617 473
19617 473
19617 473
19618 473
19618 473
19619 472
19619 472
19619 472
19620 472
19620 472
19620 472
19621 472
19621 472
19621 472
19622 472
19622 472
19623 472
19623 472
19623 472
19624 473
19624 473
19624 473
19630 474
19636 475
19642 475
19648 475
19654 473
19654 473
19654 473
19654 473
19655 473
19655 473
19655 473
19656 472
19656 472
19656 472
19657 472
19657 472
19658 472
19658 472
19658 472
19659 472
19659 472
19659 472
19660 472
19660 472
19660 472
19661 472
19661 472
19662 472
19662 472
19662 472
19663 472
19668 474
19674 475
19680 475
19686 474
19692 473
19692 473
19692 473
19693 473
19693 472
19693 472
19694 472
19694 472
19694 472
19695 472
19695 472
19696 472
19696 472
19696 472
19697 472
19697 472
19697 472
19698 472
19698 472
19698 472
19699 472
19699 472
19700 472
19700 472
19700 472
19701 472
19701 472
19707 474
19713 475
19719 475
19724 474
19730 472
19730 472
19731 472
19731 472
19731 472
19732 472
19732 472
19733 472
19733 472
19733 472
19734 471
19734 471
19734 471
19735 471
19735 471
19735 471
19736 471
19736 471
19737 471
19737 471
19737 471
19738 471
19738 471
19738 471
19739 472
19739 472
19739 472
19745 473
19751 474
19757 474
19763 473
19769 472
19769 472
19769 472
19770 472
19770 472
19770 472
19771 472
19771 471
19771 471
19772 471
19772 471
19773 471
19773 471
19773 471
19774 471
19774 471
19774 471
19775 471
19775 471
19775 471
19776 471
19776 471
19777 471
19777 471
19777 471
19778 471
19778 471
19784 473
19790 474
19796 474
19802 473
19808 471
19808 471
19808 471
19808 471
19809 471
19809 471
19809 471
19810 471
19810 471
19810 471
19811 471
19811 470
19812 470
19812 470
19812 470
19813 470
19813 470
19813 470
19814 470
19814 470
19814 470
19815 470
19815 470
19815 470
19816 471
19816 471
19817 471
19823 472
19828 473
19834 473
19840 472
19846 471
19846 471
19847 471
19847 471
19847 470
19848 470
19848 470
19848 470
19849 470
19849 470
19849 470
19850 470
19850 470
19851 470
19851 470
19851 470
19852 469
19852 469
19852 469
19853 470
19853 470
19853 470
19854 470
19854 470
19855 470
19855 470
19855 470
19861 472
19867 472
19873 472
19879 472
19885 470
19885 470
19885 470
19886 470
19886 470
19886 470
19887 470
19887 469
19887 469
19888 469
19888 469
19889 469
19889 469
19889 469
19890 469
19890 469
19890 469
19891 469
19891 469
19891 469
19892 469
19892 469
19893 469
19893 469
19893 469
19894 469
19894 469
19900 471
19906 472
19912 472
19918 471
19924 470
19924 470
19924 469
19925 469
19925 469
19925 469
19926 469
19926 469
19926 469
19927 469
19927 469
19927 469
19928 469
19928 468
19929 468
19929 468
19929 468
19930 468
19930 468
19930 468
19931 468
19931 468
19931 469
19932 469
19932 469
19933 469
19933 469
19939 470
19945 471
19951 471
19957 471
19963 469
19963 469
19963 469
19964 469
19964 469
19964 469
19965 469
19965 469
19965 468
19966 468
19966 468
19966 468
19967 468
19967 468
19967 468
19968 468
19968 468
19969 468
19969 468
19969 468
19970 468
19970 468
19970 468
19971 468
19971 468
19971 468
19972 468
19978 470
19984 471
19990 471
19996 470
20002 469
20002 469
20002 469
20003 469
20003 469
20003 468
20004 468
20004 468
20004 468
20005 468
20005 468
20005 468
20006 468
20006 468
20007 468
20007 468
20007 468
20008 468
20008 468
20008 468
20009 468
20009 468
20009 468
20010 468
20010 468
20011 468
20011 468
20017 470
20023 471
20029 471
20035 470
20041 469
20041 469
20041 468
20042 468
20042 468
20042 468
20043 468
20043 468
20043 468
20044 468
20044 468
20045 468
20045 468
20045 467
20046 467
20046 467
20046 467
20047 467
20047 467
20047 467
20048 467
20048 467
20049 468
20049 468
20049 468
20050 468
20050 468
20056 469
20062 470
20068 471
20074 470
20080 468
20080 468
20081 468
20081 468
20081 468
20082 468
20082 468
20082 468
20083 468
20083 468
20083 467
20084 467
20084 467
20085 467
20085 467
20085 467
20086 467
20086 467
20086 467
20087 467
20087 467
20087 467
20088 467
20088 467
20088 467
20089 468
20089 468
20095 469
20101 470
20107 470
20113 470
20119 468
20119 468
20120 468
20120 468
20120 468
20121 468
20121 468
20122 468
20122 467
20122 467
20123 467
20123 467
20123 467
20124 467
20124 467
20124 467
20125 467
20125 467
20126 467
20126 467
20126 467
20127 467
20127 467
20127 467
20128 467
20128 467
20128 467
20135 469
20141 470
20147 470
20153 469
20159 468
20159 468
20159 468
20159 468
20160 468
20160 468
20161 467
20161 467
20161 467
20162 467
20162 467
20162 467
20163 467
20163 467
20163 467
20164 467
20164 467
20165 467
20165 467
20165 467
20166 467
20166 467
20166 467
20167 467
20167 467
20167 467
20168 467
20174 469
20180 470
20186 470
20192 469
20198 468
20198 468
20199 468
20199 468
20199 467
20200 467
20200 467
20200 467
20201 467
20201 467
20201 467
20202 467
20202 467
20203 467
20203 467
20203 467
20204 466
20204 466
20204 466
20205 467
20205 467
20205 467
20206 467
20206 467
20207 467
20207 467
20207 467
20213 469
20219 470
20226 470
20232 469
20238 467
20238 467
20238 467
20238 467
20239 467
20239 467
20240 467
20240 467
20240 467
20241 467
20241 467
20241 466
20242 466
20242 466
20242 466
20243 466
20243 466
20244 466
20244 466
20244 466
20245 466
20245 466
20245 466
20246 466
20246 466
20246 467
20247 467
20253 468
20259 469
20265 469
20271 469
20277 467
20277 467
20278 467
20278 467
20278 467
20279 467
20279 467
20280 467
20280 466
20280 466
20281 466
20281 466
20281 466
20282 466
20282 466
20282 466
20283 466
20283 466
20284 466
20284 466
20284 466
20285 466
20285 466
20285 466
20286 466
20286 466
20286 466
20293 468
20299 469
20305 469
20311 468
20317 467
20317 467
20317 467
20318 467
20318 466
20319 466
20319 466
20319 466
20320 466
20320 466
20320 466
20321 466
20321 466
20321 466
20322 466
20322 466
20323 466
20323 466
20323 466
20324 466
20324 466
20324 466
20325 466
20325 466
20325 466
20326 466
20326 466
20332 468
20338 469
20345 469
20351 468
20357 467
20357 467
20357 466
20358 466
20358 466
20358 466
20359 466
20359 466
20359 466
20360 466
20360 466
20361 466
20361 466
20361 465
20362 465
20362 465
20362 465
20363 465
20363 465
20363 465
20364 465
20364 465
20365 465
20365 466
20365 466
20366 466
20366 466
20372 467
20378 468
20384 468
20391 468
20397 466
20397 466
20397 466
20397 466
20398 466
20398 466
20399 466
20399 466
20399 466
20400 466
20400 466
20400 465
20401 465
20401 465
20401 465
20402 465
20402 465
20403 465
20403 465
20403 465
20404 465
20404 465
20404 465
20405 465
20405 465
20405 465
20406 466
20412 467
20418 468
20424 468
20430 467
20437 466
20437 466
20437 466
20437 466
20438 466
20438 466
20438 466
20439 465
20439 465
20440 465
20440 465
20440 465
20441 465
20441 465
20441 465
20442 465
20442 465
20442 465
20443 465
20443 465
20444 465
20444 465
20444 465
20445 465
20445 465
20445 465
20446 465
20452 467
20458 468
20464 468
20470 467
20477 465
20477 465
20477 465
20477 465
20478 465
20478 465
20479 465
20479 465
20479 465
20480 465
20480 465
20480 464
20481 464
20481 464
20481 464
20482 464
20482 464
20482 464
20483 464
20483 464
20484 464
20484 464
20484 464
20485 464
20485 464
20485 464
20486 464
20492 466
20498 467
20504 467
20511 466
20517 465
20517 465
20517 465
20518 465
20518 464
20518 464
20519 464
20519 464
20519 464
20520 464
20520 464
20520 464
20521 464
20521 464
20522 464
20522 464
20522 464
20523 464
20523 463
20523 464
20524 464
20524 464
20524 464
20525 464
20525 464
20526 464
20526 464
20532 465
20538 466
20545 466
20551 466
20557 464
20557 464
20557 464
20558 464
20558 464
20559 464
20559 464
20559 464
20560 464
20560 463
20560 463
20561 463
20561 463
20561 463
20562 463
20562 463
20562 463
20563 463
20563 463
20564 463
20564 463
20564 463
20565 463
20565 463
20565 463
20566 463
20566 463
20572 465
20579 466
20585 466
20591 465
20597 464
20597 464
20598 464
20598 464
20598 463
20599 463
20599 463
20600 463
20600 463
20600 463
20601 463
20601 463
20601 463
20602 463
20602 463
20602 463
20603 463
20603 463
20603 463
20604 463
20604 463
20605 463
20605 463
20605 463
20606 463
20606 463
20606 463
20613 464
20619 465
20625 465
20631 465
20638 463
20638 463
20638 463
20638 463
20639 463
20639 463
20640 463
20640 463
20640 463
20641 463
20641 463
20641 462
20642 462
20642 462
20642 462
20643 462
20643 462
20644 462
20644 462
20644 462
20645 462
20645 462
20645 462
20646 462
20646 462
20646 462
20647 462
20653 464
20659 465
20666 465
20672 464
20678 463
20678 463
20679 463
20679 463
20679 463
20680 463
20680 463
20680 463
20681 462
20681 462
20681 462
20682 462
20682 462
20683 462
20683 462
20683 462
20684 462
20684 462
20684 462
20685 462
20685 462
20685 462
20686 462
20686 462
20687 462
20687 462
20687 462
20694 464
20700 465
20706 465
20712 464
20719 463
20719 463
20719 463
20719 463
20720 463
20720 462
20721 462
20721 462
20721 462
20722 462
20722 462
20722 462
20723 462
20723 462
20723 462
20724 462
20724 462
20725 462
20725 462
20725 462
20726 462
20726 462
20726 462
20727 462
20727 462
20727 462
20728 462
20734 463
20740 464
20747 465
20753 464
20759 463
20759 463
20760 462
20760 462
20760 462
20761 462
20761 462
20762 462
20762 462
20762 462
20763 462
20763 462
20763 462
20764 461
20764 461
20764 461
20765 461
20765 461
20765 461
20766 461
20766 461
20767 461
20767 461
20767 461
20768 461
20768 462
20768 462
20775 463
20781 464
20787 464
20794 464
20800 462
20800 462
20800 462
20801 462
20801 462
20802 462
20802 462
20802 462
20803 462
20803 461
20803 461
20804 461
20804 461
20804 461
20805 461
20805 461
20805 461
20806 461
20806 461
20807 461
20807 461
20807 461
20808 461
20808 461
20808 461
20809 461
20809 461
20815 463
20822 464
20828 464
20835 463
20841 462
20841 462
20841 462
20842 462
20842 462
20842 462
20843 461
20843 461
20843 461
20844 461
20844 461
20845 461
20845 461
20845 461
20846 461
20846 461
20846 461
20847 461
20847 461
20847 461
20848 461
20848 461
20848 461
20849 461
20849 461
20850 461
20850 461
20856 463
20863 464
20869 464
20875 463
20882 462
20882 462
20882 462
20883 461
20883 461
20883 461
20884 461
20884 461
20884 461
20885 461
20885 461
20885 461
20886 461
20886 461
20887 460
20887 460
20887 460
20888 460
20888 460
20888 460
20889 460
20889 460
20889 460
20890 460
20890 461
20891 461
20891 461
20897 462
20904 463
20910 463
20916 463
20923 461
20923 461
20923 461
20924 461
20924 461
20924 461
20925 461
20925 461
20925 461
20926 461
20926 460
20926 460
20927 460
20927 460
20927 460
20928 460
20928 460
20929 460
20929 460
20929 460
20930 460
20930 460
20930 460
20931 460
20931 460
20931 460
20932 460
20938 462
20945 463
20951 463
20957 462
20964 461
20964 461
20964 461
20965 461
20965 461
20965 460
20966 460
20966 460
20966 460
20967 460
20967 460
20967 460
20968 460
20968 460
20969 460
20969 460
20969 460
20970 460
20970 460
20970 460
20971 460
20971 460
20971 460
20972 460
20972 460
20973 460
20973 460
20979 461
20986 462
20992 462
20999 462
21005 460
21005 460
21005 460
21006 460
21006 460
21006 460
21007 460
21007 460
21008 460
21008 460
21008 460
21009 460
21009 459
21009 459
21010 459
21010 459
21010 459
21011 459
21011 459
21012 459
21012 459
21012 459
21013 459
21013 459
21013 459
21014 459
21014 459
21021 461
21027 462
21033 462
21040 461
21046 460
21046 460
21047 460
21047 460
21047 460
21048 460
21048 459
21048 459
21049 459
21049 459
21050 459
21050 459
21050 459
21051 459
21051 459
21051 459
21052 459
21052 459
21052 459
21053 459
21053 459
21054 459
21054 459
21054 459
21055 459
21055 459
21055 459
21062 460
21068 461
21075 461
21081 461
21088 459
21088 459
21088 459
21088 459
21089 459
21089 459
21089 459
21090 459
21090 459
21090 458
21091 458
21091 458
21092 458
21092 458
21092 458
21093 458
21093 458
21093 458
21094 458
21094 458
21094 458
21095 458
21095 458
21096 458
21096 458
21096 458
21097 458
21103 460
21110 461
21116 461
21123 460
21129 459
21129 459
21129 458
21130 458
21130 458
21130 458
21131 458
21131 458
21132 458
21132 458
21132 458
21133 458
21133 458
21133 457
21134 457
21134 457
21134 457
21135 457
21135 457
21136 457
21136 457
21136 457
21137 457
21137 457
21137 457
21138 457
21138 457
21145 459
21151 460
21158 460
21164 459
21171 458
21171 458
21171 458
21171 458
21172 458
21172 458
21172 457
21173 457
21173 457
21173 457
21174 457
21174 457
21175 457
21175 457
21175 457
21176 457
21176 457
21176 457
21177 457
21177 457
21177 457
21178 457
21178 457
21179 457
21179 457
21179 457
21180 457
21186 458
21193 459
21199 459
21206 459
21212 457
21212 457
21213 457
21213 457
21213 457
21214 457
21214 457
21214 457
21215 457
21215 457
21215 457
21216 457
21216 457
21217 456
21217 456
21217 456
21218 456
21218 456
21218 456
21219 456
21219 456
21219 456
21220 456
21220 456
21221 456
21221 456
21221 456
21228 458
21234 459
21241 459
21247 458
21254 457
21254 457
21254 457
21255 457
21255 457
21255 457
21256 457
21256 457
21256 456
21257 456
21257 456
21257 456
21258 456
21258 456
21259 456
21259 456
21259 456
21260 456
21260 456
21260 456
21261 456
21261 456
21261 456
21262 456
21262 456
21263 456
21263 456
21269 458
21276 459
21282 459
21289 458
21296 457
