4993.6 25
4993.9 25
4994.3 25
4994.6 25
4995 25
4995.4 25
4995.7 25
4996.1 25
4996.5 25
4996.8 25
4997.2 25
4997.5 25
4997.9 25
4998.3 25
4998.6 25
4999 25
4999.4 25
4999.7 25
5000.1 25
5000.5 25
5000.8 25
5001.2 25
5001.5 25
5001.9 25
5002.3 25
5002.6 25
5002.8 25
5003 25
5003.2 25
5003.4 25
5003.5 25
5003.5 25
5003.9 25
5004.3 25
5004.6 25
5005 25
5005.4 25
5005.7 25
5006.1 25
5006.4 25
5006.8 25
5007.2 25
5007.5 25
5007.9 25
5008.3 25
5008.6 25
5009 25
5009.4 25
5009.7 25
5010.1 25
5010.4 25
5010.8 25
5011.2 25
5011.5 25
5011.9 25
5012.3 25
5012.6 25
5012.8 25
5013 25
5013.2 25
5013.3 25
5013.5 25
5013.5 25
5013.9 25
5014.3 25
5014.6 25
5015 25
5015.3 25
5015.7 25
5016.1 25
5016.4 25
5016.8 25
5017.2 25
5017.5 25
5017.9 25
5018.2 25
5018.6 25
5019 25
5019.3 25
5019.7 25
5020.1 25
5020.4 25
5020.8 25
5021.2 25
5021.5 25
5021.9 25
5022.2 25
5022.6 25
5022.8 25
5023 25
5023.1 25
5023.3 25
5023.5 25
5023.5 25
5023.9 25
5024.2 25
5024.6 25
5025 25
5025.3 25
5025.7 25
5026.1 25
5026.4 25
5026.8 25
5027.1 25
5027.5 25
5027.9 25
5028.2 25
5028.6 25
5029 25
5029.3 25
5029.7 25
5030.1 25
5030.4 25
5030.8 25
5031.1 25
5031.5 25
5031.9 25
5032.2 25
5032.6 25
5032.8 25
5033 25
5033.1 25
5033.3 25
5033.5 25
5033.5 25
5033.9 25
5034.2 25
5034.6 25
5035 25
5035.3 25
5035.7 25
5036 25
5036.4 25
5036.8 25
5037.1 25
5037.5 25
5037.9 25
5038.2 25
5038.6 25
5038.9 25
5039.3 25
5039.7 25
5040 25
5040.4 25
5040.8 25
5041.1 25
5041.5 25
5041.9 25
5042.2 25
5042.6 25
5042.8 25
5042.9 25
5043.1 25
5043.3 25
5043.5 25
5043.5 25
5043.9 25
5044.2 25
5044.6 25
5044.9 25
5045.3 25
5045.7 25
5046 25
5046.4 25
5046.8 25
5047.1 25
5047.5 25
5047.8 25
5048.2 25
5048.6 25
5048.9 25
5049.3 25
5049.7 25
5050 25
5050.4 25
5050.7 25
5051.1 25
5051.5 25
5051.8 25
5052.2 25
5052.6 25
5052.7 25
5052.9 25
5053.1 25
5053.3 25
5053.5 25
5053.5 25
5053.8 25
5054.2 25
5054.6 25
5054.9 25
5055.3 25
5055.7 25
5056 25
5056.4 25
5056.7 25
5057.1 25
5057.5 25
5057.8 25
5058.2 25
5058.6 25
5058.9 25
5059.3 25
5059.6 25
5060 25
5060.4 25
5060.7 25
5061.1 25
5061.5 25
5061.8 25
5062.2 25
5062.6 25
5062.7 25
5062.9 25
5063.1 25
5063.3 25
5063.5 25
5063.5 25
5063.8 25
5064.2 25
5064.6 25
5064.9 25
5065.3 25
5065.6 25
5066 25
5066.4 25
5066.7 25
5067.1 25
5067.5 25
5067.8 25
5068.2 25
5068.5 25
5068.9 25
5069.3 25
5069.6 25
5070 25
5070.4 25
5070.7 25
5071.1 25
5071.4 25
5071.8 25
5072.2 25
5072.5 25
5072.7 25
5072.9 25
5073.1 25
5073.3 25
5073.4 25
5073.5 25
5073.8 25
5074.2 25
5074.5 25
5074.9 25
5075.3 25
5075.6 25
5076 25
5076.4 25
5076.7 25
5077.1 25
5077.4 25
5077.8 25
5078.2 25
5078.5 25
5078.9 25
5079.3 25
5079.6 25
5080 25
5080.3 25
5080.7 25
5081.1 25
5081.4 25
5081.8 25
5082.2 25
5082.5 25
5082.7 25
5082.9 25
5083.1 25
5083.3 25
5083.4 25
5083.4 25
5083.8 25
5084.2 25
5084.5 25
5084.9 25
5085.3 25
5085.6 25
5086 25
5086.3 25
5086.7 25
5087.1 25
5087.4 25
5087.8 25
5088.2 25
5088.5 25
5088.9 25
5089.2 25
5089.6 25
5090 25
5090.3 25
5090.7 25
5091.1 25
5091.4 25
5091.8 25
5092.1 25
5092.5 25
5092.7 25
5092.9 25
5093.1 25
5093.2 25
5093.4 25
5093.4 25
5093.8 25
5094.2 25
5094.5 25
5094.9 25
5095.2 25
5095.6 25
5096 25
5096.3 25
5096.7 25
5097.1 25
5097.4 25
5097.8 25
5098.1 25
5098.5 25
5098.9 25
5099.2 25
5099.6 25
5100 25
5100.3 25
5100.7 25
5101 25
5101.4 25
5101.8 25
5102.1 25
5102.5 25
5102.7 25
5102.9 25
5103 25
5103.2 25
5103.4 25
5103.4 25
5103.8 25
5104.1 25
5104.5 25
5104.9 25
5105.2 25
5105.6 25
5106 25
5106.3 25
5106.7 25
5107 25
5107.4 25
5107.8 25
5108.1 25
5108.5 25
5108.9 25
5109.2 25
5109.6 25
5109.9 25
5110.3 25
5110.7 25
5111 25
5111.4 25
5111.8 25
5112.1 25
5112.5 25
5112.7 25
5112.8 25
5113 25
5113.2 25
5113.4 25
5113.4 25
5113.8 25
5114.1 25
5114.5 25
5114.9 25
5115.2 25
5115.6 25
5115.9 25
5116.3 25
5116.7 25
5117 25
5117.4 25
5117.8 25
5118.1 25
5118.5 25
5118.8 25
5119.2 25
5119.6 25
5119.9 25
5120.3 25
5120.7 25
5121 25
5121.4 25
5121.7 25
5122.1 25
5122.5 25
5122.7 25
5122.8 25
5123 25
5123.2 25
5123.4 25
5123.4 25
5123.8 25
5124.1 25
5124.5 25
5124.8 25
5125.2 25
5125.6 25
5125.9 25
5126.3 25
5126.7 25
5127 25
5127.4 25
5127.7 25
5128.1 25
5128.5 25
5128.8 25
5129.2 25
5129.6 25
5129.9 25
5130.3 25
5130.6 25
5131 25
5131.4 25
5131.7 25
5132.1 25
5132.5 25
5132.6 25
5132.8 25
5133 25
5133.2 25
5133.4 25
5133.4 25
5133.7 25
5134.1 25
5134.5 25
5134.8 25
5135.2 25
5135.6 25
5135.9 25
5136.3 25
5136.6 25
5137 25
5137.4 25
5137.7 25
5138.1 25
5138.5 25
5138.8 25
5139.2 25
5139.5 25
5139.9 25
5140.3 25
5140.6 25
5141 25
5141.4 25
5141.7 25
5142.1 25
5142.4 25
5142.6 25
5142.8 25
5143 25
5143.2 25
5143.4 25
5143.4 25
5143.7 25
5144.1 25
5144.5 25
5144.8 25
5145.2 25
5145.5 25
5145.9 25
5146.3 25
5146.6 25
5147 25
5147.4 25
5147.7 25
5148.1 25
5148.4 25
5148.8 25
5149.2 25
5149.5 25
5149.9 25
5150.3 25
5150.6 25
5151 25
5151.3 25
5151.7 25
5152.1 25
5152.4 25
5152.6 25
5152.8 25
5153 25
5153.2 25
5153.3 25
5153.4 25
5153.7 25
5154.1 25
5154.4 25
5154.8 25
5155.2 25
5155.5 25
5155.9 25
5156.3 25
5156.6 25
5157 25
5157.3 25
5157.7 25
5158.1 25
5158.4 25
5158.8 25
5159.2 25
5159.5 25
5159.9 25
5160.2 25
5160.6 25
5161 25
5161.3 25
5161.7 25
5162.1 25
5162.4 25
5162.6 25
5162.8 25
5163 25
5163.1 25
5163.3 25
5163.3 25
5163.7 25
5164.1 25
5164.4 25
5164.8 25
5165.2 25
5165.5 25
5165.9 25
5166.2 25
5166.6 25
5167 25
5167.3 25
5167.7 25
5168.1 25
5168.4 25
5168.8 25
5169.1 25
5169.5 25
5169.9 25
5170.2 25
5170.6 25
5171 25
5171.3 25
5171.7 25
5172 25
5172.4 25
5172.6 25
5172.8 25
5173 25
5173.1 25
5173.3 25
5173.3 25
5173.7 25
5174.1 25
5174.4 25
5174.8 25
5175.1 25
5175.5 25
5175.9 25
5176.2 25
5176.6 25
5177 25
5177.3 25
5177.7 25
5178 25
5178.4 25
5178.8 25
5179.1 25
5179.5 25
5179.9 25
5180.2 25
5180.6 25
5180.9 25
5181.3 25
5181.7 25
5182 25
5182.4 25
5182.6 25
5182.8 25
5182.9 25
5183.1 25
5183.3 25
5183.3 25
5183.7 25
5184 25
5184.4 25
5184.8 25
5185.1 25
5185.5 25
5185.9 25
5186.2 25
5186.6 25
5186.9 25
5187.3 25
5187.7 25
5188 25
5188.4 25
5188.8 25
5189.1 25
5189.5 25
5189.8 25
5190.2 25
5190.6 25
5190.9 25
5191.3 25
5191.7 25
5192 25
5192.4 25
5192.6 25
5192.7 25
5192.9 25
5193.1 25
5193.3 25
5193.3 25
5193.7 25
5194 25
5194.4 25
5194.8 25
5195.1 25
5195.5 25
5195.8 25
5196.2 25
5196.6 25
5196.9 25
5197.3 25
5197.7 25
5198 25
5198.4 25
5198.7 25
5199.1 25
5199.5 25
5199.8 25
5200.2 25
5200.6 25
5200.9 25
5201.3 25
5201.6 25
5202 25
5202.4 25
5202.6 25
5202.7 25
5202.9 25
5203.1 25
5203.3 25
5203.3 25
5203.7 25
5204 25
5204.4 25
5204.7 25
5205.1 25
5205.5 25
5205.8 25
5206.2 25
5206.6 25
5206.9 25
5207.3 25
5207.6 25
5208 25
5208.4 25
5208.7 25
5209.1 25
5209.5 25
5209.8 25
5210.2 25
5210.5 25
5210.9 25
5211.3 25
5211.6 25
5212 25
5212.4 25
5212.5 25
5212.7 25
5212.9 25
5213.1 25
5213.3 25
5213.3 25
5213.6 25
5214 25
5214.4 25
5214.7 25
5215.1 25
5215.5 25
5215.8 25
5216.2 25
5216.5 25
5216.9 25
5217.3 25
5217.6 25
5218 25
5218.4 25
5218.7 25
5219.1 25
5219.4 25
5219.8 25
5220.2 25
5220.5 25
5220.9 25
5221.3 25
5221.6 25
5222 25
5222.3 25
5222.5 25
5222.7 25
5222.9 25
5223.1 25
5223.3 25
5223.3 1.4e+03
5223.6 412
5224 347
5224.4 320
5224.7 303
5225.1 291
5225.4 282
5225.8 275
5226.2 269
5226.5 264
5226.9 259
5227.3 255
5227.6 251
5228 248
5228.3 245
5228.7 242
5229.1 239
5229.4 236
5229.8 234
5230.2 231
5230.5 229
5230.9 227
5231.2 225
5231.6 223
5232 221
5232.3 219
5232.5 219
5232.7 218
5232.9 217
5233.1 217
5233.2 216
5233.3 1.4e+03
5233.6 412
5234 347
5234.3 320
5234.7 303
5235.1 292
5235.4 283
5235.8 276
5236.2 269
5236.5 264
5236.9 260
5237.2 255
5237.6 252
5238 248
5238.3 245
5238.7 242
5239.1 239
5239.4 237
5239.8 234
5240.1 232
5240.5 229
5240.9 227
5241.2 225
5241.6 223
5242 221
5242.3 219
5242.5 219
5242.7 218
5242.9 218
5243 217
5243.2 216
5243.2 1.29e+03
5243.6 412
5244 348
5244.3 320
5244.7 304
5245.1 292
5245.4 283
5245.8 276
5246.1 270
5246.5 264
5246.9 260
5247.2 256
5247.6 252
5248 248
5248.3 245
5248.7 242
5249 239
5249.4 237
5249.8 234
5250.1 232
5250.5 230
5250.9 228
5251.2 225
5251.6 223
5251.9 222
5252.3 220
5252.5 219
5252.7 219
5252.9 218
5253 217
5253.2 216
5253.2 1.19e+03
5253.6 412
5253.9 348
5254.3 320
5254.7 304
5255 292
5255.4 283
5255.8 276
5256.1 270
5256.5 265
5256.9 260
5257.2 256
5257.6 252
5257.9 249
5258.3 246
5258.7 243
5259 240
5259.4 237
5259.8 235
5260.1 232
5260.5 230
5260.8 228
5261.2 226
5261.6 224
5261.9 222
5262.3 220
5262.5 219
5262.7 219
5262.8 218
5263 217
5263.2 217
5263.2 1.09e+03
5263.6 411
5263.9 348
5264.3 321
5264.7 304
5265 292
5265.4 284
5265.8 276
5266.1 270
5266.5 265
5266.8 260
5267.2 256
5267.6 252
5267.9 249
5268.3 246
5268.7 243
5269 240
5269.4 237
5269.7 235
5270.1 233
5270.5 230
5270.8 228
5271.2 226
5271.6 224
5271.9 222
5272.3 220
5272.5 220
5272.6 219
5272.8 218
5273 218
5273.2 217
5273.2 993
5273.6 411
5273.9 348
5274.3 321
5274.6 304
5275 293
5275.4 284
5275.7 277
5276.1 270
5276.5 265
5276.8 261
5277.2 256
5277.6 253
5277.9 249
5278.3 246
5278.6 243
5279 240
5279.4 238
5279.7 235
5280.1 233
5280.5 231
5280.8 228
5281.2 226
5281.5 224
5281.9 222
5282.3 220
5282.4 220
5282.6 219
5282.8 219
5283 218
5283.2 217
5283.2 896
5283.5 410
5283.9 348
5284.3 321
5284.6 304
5285 293
5285.4 284
5285.7 277
5286.1 271
5286.5 265
5286.8 261
5287.2 257
5287.5 253
5287.9 250
5288.3 246
5288.6 243
5289 241
5289.4 238
5289.7 235
5290.1 233
5290.4 231
5290.8 229
5291.2 227
5291.5 225
5291.9 223
5292.3 221
5292.4 220
5292.6 220
5292.8 219
5293 218
5293.2 217
5293.2 807
5293.5 409
5293.9 348
5294.3 321
5294.6 305
5295 293
5295.3 284
5295.7 277
5296.1 271
5296.4 266
5296.8 261
5297.2 257
5297.5 253
5297.9 250
5298.3 247
5298.6 244
5299 241
5299.3 238
5299.7 236
5300.1 233
5300.4 231
5300.8 229
5301.2 227
5301.5 225
5301.9 223
5302.2 221
5302.4 221
5302.6 220
5302.8 219
5303 218
5303.2 218
5303.2 725
5303.5 408
5303.9 348
5304.2 321
5304.6 305
5305 293
5305.3 284
5305.7 277
5306.1 271
5306.4 266
5306.8 261
5307.1 257
5307.5 254
5307.9 250
5308.2 247
5308.6 244
5309 241
5309.3 238
5309.7 236
5310.1 234
5310.4 231
5310.8 229
5311.1 227
5311.5 225
5311.9 223
5312.2 221
5312.4 221
5312.6 220
5312.8 219
5313 219
5313.1 218
5313.1 641
5313.5 407
5313.9 348
5314.2 321
5314.6 305
5315 293
5315.3 285
5315.7 277
5316 271
5316.4 266
5316.8 262
5317.1 257
5317.5 254
5317.9 250
5318.2 247
5318.6 244
5319 241
5319.3 239
5319.7 236
5320 234
5320.4 232
5320.8 229
5321.1 227
5321.5 225
5321.9 223
5322.2 222
5322.4 221
5322.6 220
5322.8 220
5322.9 219
5323.1 218
5323.1 566
5323.5 406
5323.9 347
5324.2 321
5324.6 305
5324.9 294
5325.3 285
5325.7 278
5326 272
5326.4 266
5326.8 262
5327.1 258
5327.5 254
5327.8 251
5328.2 247
5328.6 244
5328.9 242
5329.3 239
5329.7 237
5330 234
5330.4 232
5330.8 230
5331.1 228
5331.5 226
5331.8 224
5332.2 222
5332.4 221
5332.6 221
5332.7 220
5332.9 219
5333.1 218
5333.1 498
5333.5 404
5333.8 347
5334.2 321
5334.6 305
5334.9 294
5335.3 285
5335.7 278
5336 272
5336.4 267
5336.7 262
5337.1 258
5337.5 254
5337.8 251
5338.2 248
5338.6 245
5338.9 242
5339.3 239
5339.7 237
5340 234
5340.4 232
5340.7 230
5341.1 228
5341.5 226
5341.8 224
5342.2 222
5342.4 222
5342.6 221
5342.7 220
5342.9 219
5343.1 219
5343.1 439
5343.5 403
5343.8 347
5344.2 321
5344.6 305
5344.9 294
5345.3 285
5345.6 278
5346 272
5346.4 267
5346.7 262
5347.1 258
5347.5 254
5347.8 251
5348.2 248
5348.5 245
5348.9 242
5349.3 240
5349.6 237
5350 235
5350.4 232
5350.7 230
5351.1 228
5351.5 226
5351.8 224
5352.2 222
5352.4 222
5352.5 221
5352.7 220
5352.9 220
5353.1 219
5353.1 390
5353.5 401
5353.8 347
5354.2 321
5354.5 305
5354.9 294
5355.3 285
5355.6 278
5356 272
5356.4 267
5356.7 263
5357.1 258
5357.4 255
5357.8 251
5358.2 248
5358.5 245
5358.9 242
5359.3 240
5359.6 237
5360 235
5360.3 233
5360.7 231
5361.1 228
5361.4 226
5361.8 225
5362.2 223
5362.3 222
5362.5 221
5362.7 221
5362.9 220
5363.1 219
5363.1 349
5363.4 399
5363.8 346
5364.2 321
5364.5 305
5364.9 294
5365.3 285
5365.6 278
5366 272
5366.3 267
5366.7 263
5367.1 259
5367.4 255
5367.8 252
5368.2 248
5368.5 245
5368.9 243
5369.2 240
5369.6 238
5370 235
5370.3 233
5370.7 231
5371.1 229
5371.4 227
5371.8 225
5372.2 223
5372.3 222
5372.5 222
5372.7 221
5372.9 220
5373.1 219
5373.1 316
5373.4 397
5373.8 346
5374.2 321
5374.5 305
5374.9 294
5375.2 286
5375.6 279
5376 273
5376.3 267
5376.7 263
5377.1 259
5377.4 255
5377.8 252
5378.1 249
5378.5 246
5378.9 243
5379.2 240
5379.6 238
5380 235
5380.3 233
5380.7 231
5381 229
5381.4 227
5381.8 225
5382.1 223
5382.3 223
5382.5 222
5382.7 221
5382.9 220
5383 220
5383.1 290
5383.4 395
5383.8 345
5384.1 321
5384.5 305
5384.9 294
5385.2 286
5385.6 279
5386 273
5386.3 268
5386.7 263
5387 259
5387.4 255
5387.8 252
5388.1 249
5388.5 246
5388.9 243
5389.2 241
5389.6 238
5389.9 236
5390.3 233
5390.7 231
5391 229
5391.4 227
5391.8 225
5392.1 223
5392.3 223
5392.5 222
5392.7 221
5392.9 221
5393 220
5393 270
5393.4 393
5393.8 345
5394.1 321
5394.5 305
5394.9 294
5395.2 286
5395.6 279
5395.9 273
5396.3 268
5396.7 263
5397 259
5397.4 256
5397.8 252
5398.1 249
5398.5 246
5398.8 243
5399.2 241
5399.6 238
5399.9 236
5400.3 234
5400.7 232
5401 230
5401.4 228
5401.7 226
5402.1 224
5402.3 223
5402.5 222
5402.7 222
5402.8 221
5403 220
5403 256
5403.4 391
5403.8 344
5404.1 321
5404.5 305
5404.8 294
5405.2 286
5405.6 279
5405.9 273
5406.3 268
5406.7 264
5407 259
5407.4 256
5407.7 252
5408.1 249
5408.5 246
5408.8 244
5409.2 241
5409.6 239
5409.9 236
5410.3 234
5410.6 232
5411 230
5411.4 228
5411.7 226
5412.1 224
5412.3 223
5412.5 223
5412.6 222
5412.8 221
5413 220
5413 245
5413.4 389
5413.7 344
5414.1 320
5414.5 305
5414.8 295
5415.2 286
5415.6 279
5415.9 273
5416.3 268
5416.6 264
5417 260
5417.4 256
5417.7 253
5418.1 250
5418.5 247
5418.8 244
5419.2 241
5419.5 239
5419.9 236
5420.3 234
5420.6 232
5421 230
5421.4 228
5421.7 226
5422.1 224
5422.3 224
5422.4 223
5422.6 222
5422.8 221
5423 221
5423 238
5423.4 387
5423.7 343
5424.1 320
5424.5 305
5424.8 295
5425.2 286
5425.5 279
5425.9 273
5426.3 268
5426.6 264
5427 260
5427.4 256
5427.7 253
5428.1 250
5428.4 247
5428.8 244
5429.2 241
5429.5 239
5429.9 237
5430.3 234
5430.6 232
5431 230
5431.3 228
5431.7 226
5432.1 225
5432.3 224
5432.4 223
5432.6 222
5432.8 222
5433 221
5433 232
5433.4 384
5433.7 343
5434.1 320
5434.4 305
5434.8 295
5435.2 286
5435.5 279
5435.9 274
5436.3 269
5436.6 264
5437 260
5437.3 256
5437.7 253
5438.1 250
5438.4 247
5438.8 244
5439.2 242
5439.5 239
5439.9 237
5440.2 235
5440.6 233
5441 230
5441.3 229
5441.7 227
5442.1 225
5442.2 224
5442.4 223
5442.6 223
5442.8 222
5443 221
5443 229
5443.3 382
5443.7 342
5444.1 320
5444.4 305
5444.8 295
5445.2 286
5445.5 280
5445.9 274
5446.2 269
5446.6 264
5447 260
5447.3 257
5447.7 253
5448.1 250
5448.4 247
5448.8 245
5449.1 242
5449.5 239
5449.9 237
5450.2 235
5450.6 233
5451 231
5451.3 229
5451.7 227
5452 225
5452.2 224
5452.4 224
5452.6 223
5452.8 222
5453 221
5453 227
5453.3 379
5453.7 341
5454.1 320
5454.4 305
5454.8 295
5455.1 286
5455.5 280
5455.9 274
5456.2 269
5456.6 264
5457 260
5457.3 257
5457.7 253
5458 250
5458.4 247
5458.8 245
5459.1 242
5459.5 240
5459.9 237
5460.2 235
5460.6 233
5460.9 231
5461.3 229
5461.7 227
5462 225
5462.2 225
5462.4 224
5462.6 223
5462.8 222
5462.9 222
5463 225
5463.3 376
5463.7 341
5464 319
5464.4 305
5464.8 295
5465.1 286
5465.5 280
5465.9 274
5466.2 269
5466.6 265
5466.9 261
5467.3 257
5467.7 254
5468 251
5468.4 248
5468.8 245
5469.1 242
5469.5 240
5469.8 238
5470.2 235
5470.6 233
5470.9 231
5471.3 229
5471.7 227
5472 225
5472.2 225
5472.4 224
5472.6 223
5472.7 223
5472.9 222
5472.9 224
5473.3 374
5473.7 340
5474 319
5474.4 305
5474.8 295
5475.1 287
5475.5 280
5475.8 274
5476.2 269
5476.6 265
5476.9 261
5477.3 257
5477.7 254
5478 251
5478.4 248
5478.7 245
5479.1 243
5479.5 240
5479.8 238
5480.2 236
5480.6 233
5480.9 231
5481.3 229
5481.6 228
5482 226
5482.2 225
5482.4 224
5482.6 224
5482.7 223
5482.9 222
5482.9 223
5483.3 371
5483.7 339
5484 319
5484.4 305
5484.7 295
5485.1 287
5485.5 280
5485.8 274
5486.2 269
5486.6 265
5486.9 261
5487.3 257
5487.6 254
5488 251
5488.4 248
5488.7 245
5489.1 243
5489.5 240
5489.8 238
5490.2 236
5490.5 234
5490.9 232
5491.3 230
5491.6 228
5492 226
5492.2 225
5492.4 224
5492.5 224
5492.7 223
5492.9 222
5492.9 224
5493.3 370
5493.6 340
5494 320
5494.4 306
5494.7 296
5495.1 288
5495.5 281
5495.8 275
5496.2 270
5496.5 266
5496.9 262
5497.3 258
5497.6 255
5498 252
5498.4 249
5498.7 246
5499.1 244
5499.4 241
5499.8 239
5500.2 237
5500.5 234
5500.9 232
5501.3 230
5501.6 229
5502 227
5502.2 226
5502.3 225
5502.5 224
5502.7 224
5502.9 223
5502.9 224
5503.3 367
5503.6 339
5504 319
5504.4 306
5504.7 296
5505.1 288
5505.4 281
5505.8 275
5506.2 271
5506.5 266
5506.9 262
5507.3 259
5507.6 255
5508 252
5508.3 249
5508.7 247
5509.1 244
5509.4 242
5509.8 239
5510.2 237
5510.5 235
5510.9 233
5511.2 231
5511.6 229
5512 227
5512.2 226
5512.3 226
5512.5 225
5512.7 224
5512.9 223
5512.9 224
5513.3 364
5513.6 338
5514 319
5514.3 306
5514.7 296
5515.1 288
5515.4 281
5515.8 276
5516.2 271
5516.5 266
5516.9 262
5517.2 259
5517.6 255
5518 252
5518.3 250
5518.7 247
5519.1 244
5519.4 242
5519.8 240
5520.1 237
5520.5 235
5520.9 233
5521.2 231
5521.6 229
5522 227
5522.1 227
5522.3 226
5522.5 225
5522.7 224
5522.9 224
5522.9 224
5523.2 361
5523.6 337
5524 318
5524.3 305
5524.7 295
5525.1 288
5525.4 281
5525.8 276
5526.1 271
5526.5 266
5526.9 262
5527.2 259
5527.6 256
5528 253
5528.3 250
5528.7 247
5529 244
5529.4 242
5529.8 240
5530.1 237
5530.5 235
5530.9 233
5531.2 231
5531.6 229
5531.9 228
5532.1 227
5532.3 226
5532.5 225
5532.7 225
5532.9 224
5532.9 224
5533.2 358
5533.6 336
5534 318
5534.3 305
5534.7 295
5535 288
5535.4 281
5535.8 276
5536.1 271
5536.5 266
5536.9 263
5537.2 259
5537.6 256
5537.9 253
5538.3 250
5538.7 247
5539 245
5539.4 242
5539.8 240
5540.1 238
5540.5 236
5540.8 234
5541.2 232
5541.6 230
5541.9 228
5542.1 227
5542.3 226
5542.5 226
5542.7 225
5542.8 224
5542.9 224
5543.2 355
5543.6 335
5543.9 317
5544.3 305
5544.7 295
5545 287
5545.4 281
5545.8 276
5546.1 271
5546.5 267
5546.8 263
5547.2 259
5547.6 256
5547.9 253
5548.3 250
5548.7 247
5549 245
5549.4 242
5549.7 240
5550.1 238
5550.5 236
5550.8 234
5551.2 232
5551.6 230
5551.9 228
5552.1 227
5552.3 226
5552.5 226
5552.6 225
5552.8 224
5552.8 224
5553.2 352
5553.6 333
5553.9 317
5554.3 304
5554.7 295
5555 287
5555.4 281
5555.7 276
5556.1 271
5556.5 267
5556.8 263
5557.2 259
5557.6 256
5557.9 253
5558.3 250
5558.6 247
5559 245
5559.4 242
5559.7 240
5560.1 238
5560.5 236
5560.8 234
5561.2 232
5561.5 230
5561.9 228
5562.1 227
5562.3 227
5562.5 226
5562.6 225
5562.8 224
5562.8 224
5563.2 349
5563.6 332
5563.9 316
5564.3 304
5564.6 295
5565 287
5565.4 281
5565.7 276
5566.1 271
5566.5 267
5566.8 263
5567.2 259
5567.5 256
5567.9 253
5568.3 250
5568.6 247
5569 245
5569.4 243
5569.7 240
5570.1 238
5570.4 236
5570.8 234
5571.2 232
5571.5 230
5571.9 228
5572.1 228
5572.3 227
5572.4 226
5572.6 225
5572.8 225
5572.8 225
5573.2 346
5573.5 331
5573.9 315
5574.3 304
5574.6 295
5575 287
5575.4 281
5575.7 276
5576.1 271
5576.4 267
5576.8 263
5577.2 259
5577.5 256
5577.9 253
5578.3 250
5578.6 248
5579 245
5579.3 243
5579.7 240
5580.1 238
5580.4 236
5580.8 234
5581.2 232
5581.5 230
5581.9 228
5582.1 228
5582.2 227
5582.4 226
5582.6 225
5582.8 225
5582.8 225
5583.2 343
5583.5 330
5583.9 315
5584.2 303
5584.6 294
5585 287
5585.3 281
5585.7 276
5586.1 271
5586.4 267
5586.8 263
5587.2 259
5587.5 256
5587.9 253
5588.2 250
5588.6 248
5589 245
5589.3 243
5589.7 241
5590.1 238
5590.4 236
5590.8 234
5591.1 232
5591.5 230
5591.9 229
5592 228
5592.2 227
5592.4 226
5592.6 226
5592.8 225
5592.8 225
5593.1 340
5593.5 329
5593.9 314
5594.2 303
5594.6 294
5595 287
5595.3 281
5595.7 275
5596.1 271
5596.4 267
5596.8 263
5597.1 259
5597.5 256
5597.9 253
5598.2 250
5598.6 248
5599 245
5599.3 243
5599.7 241
5600 238
5600.4 236
5600.8 234
5601.1 232
5601.5 231
5601.9 229
5602 228
5602.2 227
5602.4 226
5602.6 226
5602.8 225
5602.8 225
5603.1 337
5603.5 328
5603.9 314
5604.2 303
5604.6 294
5604.9 287
5605.3 281
5605.7 275
5606 271
5606.4 267
5606.8 263
5607.1 259
5607.5 256
5607.9 253
5608.2 251
5608.6 248
5608.9 245
5609.3 243
5609.7 241
5610 239
5610.4 237
5610.8 235
5611.1 233
5611.5 231
5611.8 229
5612 228
5612.2 227
5612.4 227
5612.6 226
5612.8 225
5612.8 225
5613.1 335
5613.5 326
5613.8 313
5614.2 302
5614.6 294
5614.9 287
5615.3 281
5615.7 275
5616 271
5616.4 267
5616.8 263
5617.1 260
5617.5 256
5617.8 253
5618.2 251
5618.6 248
5618.9 246
5619.3 243
5619.7 241
5620 239
5620.4 237
5620.7 235
5621.1 233
5621.5 231
5621.8 229
5622 228
5622.2 228
5622.4 227
5622.6 226
5622.7 225
5622.7 225
5623.1 332
5623.5 325
5623.8 312
5624.2 302
5624.6 294
5624.9 287
5625.3 281
5625.6 275
5626 271
5626.4 267
5626.7 263
5627.1 260
5627.5 256
5627.8 254
5628.2 251
5628.6 248
5628.9 246
5629.3 243
5629.6 241
5630 239
5630.4 237
5630.7 235
5631.1 233
5631.5 231
5631.8 229
5632 228
5632.2 228
5632.4 227
5632.5 226
5632.7 225
5632.7 225
5633.1 329
5633.5 324
5633.8 312
5634.2 302
5634.5 293
5634.9 286
5635.3 281
5635.6 275
5636 271
5636.4 267
5636.7 263
5637.1 260
5637.4 257
5637.8 254
5638.2 251
5638.5 248
5638.9 246
5639.3 243
5639.6 241
5640 239
5640.4 237
5640.7 235
5641.1 233
5641.4 231
5641.8 229
5642 229
5642.2 228
5642.3 227
5642.5 226
5642.7 226
5642.7 226
5643.1 326
5643.4 323
5643.8 311
5644.2 301
5644.5 293
5644.9 286
5645.3 280
5645.6 275
5646 271
5646.3 267
5646.7 263
5647.1 260
5647.4 257
5647.8 254
5648.2 251
5648.5 248
5648.9 246
5649.3 244
5649.6 241
5650 239
5650.3 237
5650.7 235
5651.1 233
5651.4 231
5651.8 230
5652 229
5652.2 228
5652.3 227
5652.5 227
5652.7 226
5652.7 226
5653.1 324
5653.4 322
5653.8 311
5654.2 301
5654.5 293
5654.9 286
5655.2 280
5655.6 275
5656 271
5656.3 267
5656.7 263
5657.1 260
5657.4 257
5657.8 254
5658.1 251
5658.5 249
5658.9 246
5659.2 244
5659.6 241
5660 239
5660.3 237
5660.7 235
5661.1 233
5661.4 232
5661.8 230
5662 229
5662.1 228
5662.3 227
5662.5 227
5662.7 226
5662.7 226
5663.1 321
5663.4 320
5663.8 310
5664.1 301
5664.5 293
5664.9 286
5665.2 280
5665.6 275
5666 271
5666.3 267
5666.7 263
5667 260
5667.4 257
5667.8 254
5668.1 251
5668.5 249
5668.9 246
5669.2 244
5669.6 242
5670 240
5670.3 237
5670.7 235
5671 234
5671.4 232
5671.8 230
5671.9 229
5672.1 228
5672.3 228
5672.5 227
5672.7 226
5672.7 226
5673 318
5673.4 319
5673.8 309
5674.1 300
5674.5 292
5674.9 286
5675.2 280
5675.6 275
5675.9 271
5676.3 267
5676.7 263
5677 260
5677.4 257
5677.8 254
5678.1 251
5678.5 249
5678.8 246
5679.2 244
5679.6 242
5679.9 240
5680.3 238
5680.7 236
5681 234
5681.4 232
5681.8 230
5681.9 229
5682.1 229
5682.3 228
5682.5 227
5682.7 226
5682.7 226
5683 316
5683.4 318
5683.8 309
5684.1 300
5684.5 292
5684.8 286
5685.2 280
5685.6 275
5685.9 271
5686.3 267
5686.7 263
5687 260
5687.4 257
5687.7 254
5688.1 251
5688.5 249
5688.8 246
5689.2 244
5689.6 242
5689.9 240
5690.3 238
5690.6 236
5691 234
5691.4 232
5691.7 230
5691.9 229
5692.1 229
5692.3 228
5692.5 227
5692.6 226
5692.7 226
5693 313
5693.4 317
5693.7 308
5694.1 299
5694.5 292
5694.8 286
5695.2 280
5695.6 275
5695.9 271
5696.3 267
5696.6 264
5697 260
5697.4 257
5697.7 254
5698.1 252
5698.5 249
5698.8 247
5699.2 244
5699.5 242
5699.9 240
5700.3 238
5700.6 236
5701 234
5701.4 232
5701.7 230
5701.9 230
5702.1 229
5702.3 228
5702.5 227
5702.6 227
5702.6 227
5703 311
5703.4 315
5703.7 307
5704.1 299
5704.5 292
5704.8 286
5705.2 280
5705.5 275
5705.9 271
5706.3 267
5706.6 264
5707 260
5707.4 257
5707.7 254
5708.1 252
5708.4 249
5708.8 247
5709.2 244
5709.5 242
5709.9 240
5710.3 238
5710.6 236
5711 234
5711.3 232
5711.7 231
5711.9 230
5712.1 229
5712.3 228
5712.4 228
5712.6 227
5712.6 227
5713 308
5713.4 314
5713.7 307
5714.1 299
5714.4 291
5714.8 285
5715.2 280
5715.5 275
5715.9 271
5716.3 267
5716.6 264
5717 260
5717.3 257
5717.7 254
5718.1 252
5718.4 249
5718.8 247
5719.2 245
5719.5 242
5719.9 240
5720.2 238
5720.6 236
5721 234
5721.3 233
5721.7 231
5721.9 230
5722.1 229
5722.2 228
5722.4 228
5722.6 227
5722.6 227
5723 306
5723.3 313
5723.7 306
5724.1 298
5724.4 291
5724.8 285
5725.2 280
5725.5 275
5725.9 271
5726.2 267
5726.6 264
5727 260
5727.3 257
5727.7 255
5728.1 252
5728.4 249
5728.8 247
5729.1 245
5729.5 243
5729.9 240
5730.2 238
5730.6 236
5731 235
5731.3 233
5731.7 231
5731.9 230
5732 229
5732.2 229
5732.4 228
5732.6 227
5732.6 227
5733 304
5733.3 312
5733.7 305
5734.1 298
5734.4 291
5734.8 285
5735.1 280
5735.5 275
5735.9 271
5736.2 267
5736.6 264
5737 261
5737.3 257
5737.7 255
5738 252
5738.4 250
5738.8 247
5739.1 245
5739.5 243
5739.9 241
5740.2 239
5740.6 237
5740.9 235
5741.3 233
5741.7 231
5741.9 230
5742 230
5742.2 229
5742.4 228
5742.6 227
5742.6 227
5743 301
5743.3 310
5743.7 305
5744 297
5744.4 291
5744.8 285
5745.1 280
5745.5 275
5745.9 271
5746.2 267
5746.6 264
5746.9 261
5747.3 258
5747.7 255
5748 252
5748.4 250
5748.8 247
5749.1 245
5749.5 243
5749.8 241
5750.2 239
5750.6 237
5750.9 235
5751.3 233
5751.7 231
5751.8 231
5752 230
5752.2 229
5752.4 228
5752.6 228
5752.6 227
5752.9 299
5753.3 309
5753.7 304
5754 297
5754.4 290
5754.8 285
5755.1 280
5755.5 275
5755.8 271
5756.2 267
5756.6 264
5756.9 261
5757.3 258
5757.7 255
5758 252
5758.4 250
5758.7 247
5759.1 245
5759.5 243
5759.8 241
5760.2 239
5760.6 237
5760.9 235
5761.3 233
5761.6 232
5761.8 231
5762 230
5762.2 229
5762.4 228
5762.6 228
5762.6 228
5762.9 297
5763.3 308
5763.7 303
5764 296
5764.4 290
5764.7 285
5765.1 280
5765.5 275
5765.8 271
5766.2 267
5766.6 264
5766.9 261
5767.3 258
5767.6 255
5768 252
5768.4 250
5768.7 247
5769.1 245
5769.5 243
5769.8 241
5770.2 239
5770.5 237
5770.9 235
5771.3 233
5771.6 232
5771.8 231
5772 230
5772.2 229
5772.4 229
5772.5 228
5772.6 228
5772.9 295
5773.3 307
5773.6 302
5774 296
5774.4 290
5774.7 284
5775.1 279
5775.5 275
5775.8 271
5776.2 267
5776.5 264
5776.9 261
5777.3 258
5777.6 255
5778 252
5778.4 250
5778.7 248
5779.1 245
5779.4 243
5779.8 241
5780.2 239
5780.5 237
5780.9 235
5781.3 234
5781.6 232
5781.8 231
5782 230
5782.2 229
5782.3 229
5782.5 228
5782.5 228
5782.9 293
5783.3 305
5783.6 302
5784 296
5784.4 290
5784.7 284
5785.1 279
5785.4 275
5785.8 271
5786.2 267
5786.5 264
5786.9 261
5787.3 258
5787.6 255
5788 253
5788.3 250
5788.7 248
5789.1 245
5789.4 243
5789.8 241
5790.2 239
5790.5 237
5790.9 236
5791.2 234
5791.6 232
5791.8 231
5792 230
5792.2 230
5792.3 229
5792.5 228
5792.5 228
5792.9 291
5793.3 304
5793.6 301
5794 295
5794.3 289
5794.7 284
5795.1 279
5795.4 275
5795.8 271
5796.2 267
5796.5 264
5796.9 261
5797.2 258
5797.6 255
5798 253
5798.3 250
5798.7 248
5799.1 246
5799.4 243
5799.8 241
5800.1 239
5800.5 238
5800.9 236
5801.2 234
5801.6 232
5801.8 231
5802 231
5802.1 230
5802.3 229
5802.5 228
5802.5 228
5802.9 288
5803.2 303
5803.6 300
5804 295
5804.3 289
5804.7 284
5805.1 279
5805.4 275
5805.8 271
5806.1 267
5806.5 264
5806.9 261
5807.2 258
5807.6 255
5808 253
5808.3 250
5808.7 248
5809 246
5809.4 244
5809.8 242
5810.1 240
5810.5 238
5810.9 236
5811.2 234
5811.6 232
5811.8 231
5811.9 231
5812.1 230
5812.3 229
5812.5 228
5812.5 228
5812.9 287
5813.2 302
5813.6 299
5814 294
5814.3 289
5814.7 284
5815 279
5815.4 275
5815.8 271
5816.1 267
5816.5 264
5816.9 261
5817.2 258
5817.6 255
5817.9 253
5818.3 250
5818.7 248
5819 246
5819.4 244
5819.8 242
5820.1 240
5820.5 238
5820.8 236
5821.2 234
5821.6 232
5821.8 232
5821.9 231
5822.1 230
5822.3 229
5822.5 229
5822.5 229
5822.9 285
5823.2 300
5823.6 299
5823.9 294
5824.3 288
5824.7 283
5825 279
5825.4 275
5825.8 271
5826.1 267
5826.5 264
5826.8 261
5827.2 258
5827.6 255
5827.9 253
5828.3 250
5828.7 248
5829 246
5829.4 244
5829.7 242
5830.1 240
5830.5 238
5830.8 236
5831.2 234
5831.6 233
5831.7 232
5831.9 231
5832.1 230
5832.3 230
5832.5 229
5832.5 229
5832.8 283
5833.2 299
5833.6 298
5833.9 293
5834.3 288
5834.7 283
5835 279
5835.4 275
5835.7 271
5836.1 267
5836.5 264
5836.8 261
5837.2 258
5837.6 255
5837.9 253
5838.3 251
5838.6 248
5839 246
5839.4 244
5839.7 242
5840.1 240
5840.5 238
5840.8 236
5841.2 234
5841.5 233
5841.7 232
5841.9 231
5842.1 230
5842.3 230
5842.5 229
5842.5 229
5842.8 281
5843.2 298
5843.6 297
5843.9 293
5844.3 288
5844.6 283
5845 278
5845.4 274
5845.7 271
5846.1 267
5846.5 264
5846.8 261
5847.2 258
5847.5 256
5847.9 253
5848.3 251
5848.6 248
5849 246
5849.4 244
5849.7 242
5850.1 240
5850.4 238
5850.8 236
5851.2 235
5851.5 233
5851.7 232
5851.9 231
5852.1 231
5852.3 230
5852.4 229
5852.5 229
5852.8 279
5853.2 297
5853.5 296
5853.9 292
5854.3 287
5854.6 283
5855 278
5855.4 274
5855.7 271
5856.1 267
5856.4 264
5856.8 261
5857.2 258
5857.5 256
5857.9 253
5858.3 251
5858.6 248
5859 246
5859.3 244
5859.7 242
5860.1 240
5860.4 238
5860.8 237
5861.2 235
5861.5 233
5861.7 232
5861.9 231
5862.1 231
5862.2 230
5862.4 229
5862.4 229
5862.8 278
5863.2 295
5863.5 295
5863.9 292
5864.3 287
5864.6 282
5865 278
5865.3 274
5865.7 271
5866.1 267
5866.4 264
5866.8 261
5867.2 258
5867.5 256
5867.9 253
5868.2 251
5868.6 249
5869 246
5869.3 244
5869.7 242
5870.1 240
5870.4 238
5870.8 237
5871.1 235
5871.5 233
5871.7 232
5871.9 232
5872.1 231
5872.2 230
5872.4 229
5872.4 229
5872.8 276
5873.2 294
5873.5 295
5873.9 291
5874.2 287
5874.6 282
5875 278
5875.3 274
5875.7 271
5876.1 267
5876.4 264
5876.8 261
5877.1 258
5877.5 256
5877.9 253
5878.2 251
5878.6 249
5879 246
5879.3 244
5879.7 242
5880 240
5880.4 239
5880.8 237
5881.1 235
5881.5 233
5881.7 233
5881.9 232
5882 231
5882.2 230
5882.4 230
5882.4 230
5882.8 274
5883.1 293
5883.5 294
5883.9 291
5884.2 286
5884.6 282
5885 278
5885.3 274
5885.7 270
5886 267
5886.4 264
5886.8 261
5887.1 258
5887.5 256
5887.9 253
5888.2 251
5888.6 249
5888.9 247
5889.3 244
5889.7 243
5890 241
5890.4 239
5890.8 237
5891.1 235
5891.5 234
5891.7 233
5891.8 232
5892 231
5892.2 230
5892.4 230
5892.4 230
5892.8 273
5893.1 292
5893.5 293
5893.8 290
5894.2 286
5894.6 282
5894.9 278
5895.3 274
5895.7 270
5896 267
5896.4 264
5896.8 261
5897.1 258
5897.5 256
5897.8 253
5898.2 251
5898.6 249
5898.9 247
5899.3 245
5899.7 243
5900 241
5900.4 239
5900.7 237
5901.1 235
5901.5 234
5901.6 233
5901.8 232
5902 231
5902.2 231
5902.4 230
5902.4 230
5902.7 271
5903.1 290
5903.5 292
5903.8 290
5904.2 286
5904.6 281
5904.9 277
5905.3 274
5905.7 270
5906 267
5906.4 264
5906.7 261
5907.1 258
5907.5 256
5907.8 253
5908.2 251
5908.6 249
5908.9 247
5909.3 245
5909.6 243
5910 241
5910.4 239
5910.7 237
5911.1 235
5911.5 234
5911.6 233
5911.8 232
5912 231
5912.2 231
5912.4 230
5912.4 230
5912.7 270
5913.1 289
5913.5 292
5913.8 289
5914.2 285
5914.5 281
5914.9 277
5915.3 274
5915.6 270
5916 267
5916.4 264
5916.7 261
5917.1 258
5917.5 256
5917.8 253
5918.2 251
5918.5 249
5918.9 247
5919.3 245
5919.6 243
5920 241
5920.4 239
5920.7 237
5921.1 236
5921.4 234
5921.6 233
5921.8 232
5922 232
5922.2 231
5922.4 230
5922.4 230
5922.7 268
5923.1 288
5923.4 291
5923.8 288
5924.2 285
5924.5 281
5924.9 277
5925.3 274
5925.6 270
5926 267
5926.4 264
5926.7 261
5927.1 258
5927.4 256
5927.8 254
5928.2 251
5928.5 249
5928.9 247
5929.3 245
5929.6 243
5930 241
5930.3 239
5930.7 237
5931.1 236
5931.4 234
5931.6 233
5931.8 232
5932 232
5932.2 231
5932.3 230
5932.3 230
5932.7 267
5933.1 287
5933.4 290
5933.8 288
5934.2 284
5934.5 281
5934.9 277
5935.2 273
5935.6 270
5936 267
5936.3 264
5936.7 261
5937.1 259
5937.4 256
5937.8 254
5938.2 251
5938.5 249
5938.9 247
5939.2 245
5939.6 243
5940 241
5940.3 239
5940.7 238
5941.1 236
5941.4 234
5941.6 233
5941.8 233
5942 232
5942.1 231
5942.3 230
5942.3 230
5942.7 266
5943.1 286
5943.4 289
5943.8 287
5944.1 284
5944.5 280
5944.9 277
5945.2 273
5945.6 270
5946 267
5946.3 264
5946.7 261
5947 259
5947.4 256
5947.8 254
5948.1 251
5948.5 249
5948.9 247
5949.2 245
5949.6 243
5950 241
5950.3 239
5950.7 238
5951 236
5951.4 234
5951.6 234
5951.8 233
5951.9 232
5952.1 231
5952.3 231
5952.3 230
5952.7 264
5953 285
5953.4 288
5953.8 287
5954.1 284
5954.5 280
5954.9 277
5955.2 273
5955.6 270
5955.9 267
5956.3 264
5956.7 261
5957 259
5957.4 256
5957.8 254
5958.1 251
5958.5 249
5958.9 247
5959.2 245
5959.6 243
5959.9 241
5960.3 240
5960.7 238
5961 236
5961.4 234
5961.6 234
5961.8 233
5961.9 232
5962.1 231
5962.3 231
5962.3 231
5962.7 263
5963 284
5963.4 288
5963.8 286
5964.1 283
5964.5 280
5964.8 276
5965.2 273
5965.6 270
5965.9 267
5966.3 264
5966.7 261
5967 259
5967.4 256
5967.7 254
5968.1 251
5968.5 249
5968.8 247
5969.2 245
5969.6 243
5969.9 241
5970.3 240
5970.7 238
5971 236
5971.4 235
5971.6 234
5971.7 233
5971.9 232
5972.1 232
5972.3 231
5972.3 231
5972.7 262
5973 282
5973.4 287
5973.7 286
5974.1 283
5974.5 280
5974.8 276
5975.2 273
5975.6 270
5975.9 267
5976.3 264
5976.6 261
5977 259
5977.4 256
5977.7 254
5978.1 252
5978.5 249
5978.8 247
5979.2 245
5979.6 243
5979.9 242
5980.3 240
5980.6 238
5981 236
5981.4 235
5981.5 234
5981.7 233
5981.9 232
5982.1 232
5982.3 231
5982.3 231
5982.6 261
5983 281
5983.4 286
5983.7 285
5984.1 282
5984.5 279
5984.8 276
5985.2 273
5985.5 270
5985.9 267
5986.3 264
5986.6 261
5987 259
5987.4 256
5987.7 254
5988.1 252
5988.4 249
5988.8 247
5989.2 245
5989.5 244
5989.9 242
5990.3 240
5990.6 238
5991 236
5991.4 235
5991.5 234
5991.7 233
5991.9 232
5992.1 232
5992.3 231
5992.3 231
5992.6 260
5993 281
5993.4 286
5993.7 285
5994.1 283
5994.4 280
5994.8 277
5995.2 273
5995.5 270
5995.9 267
5996.3 264
5996.6 262
5997 259
5997.3 257
5997.7 255
5998.1 252
5998.4 250
5998.8 248
5999.2 246
5999.5 244
5999.9 242
6000.2 241
6000.6 239
6001 237
6001.3 235
6001.5 235
6001.7 234
6001.9 233
6002.1 232
6002.2 232
6002.3 232
6002.6 260
6003 280
6003.3 286
6003.7 285
6004.1 283
6004.4 280
6004.8 277
6005.2 274
6005.5 270
6005.9 268
6006.2 265
6006.6 262
6007 260
6007.3 257
6007.7 255
6008.1 253
6008.4 251
6008.8 248
6009.1 247
6009.5 245
6009.9 243
6010.2 241
6010.6 239
6011 238
6011.3 236
6011.5 235
6011.7 234
6011.9 234
6012.1 233
6012.2 232
6012.2 232
6012.6 259
6013 279
6013.3 285
6013.7 285
6014.1 283
6014.4 280
6014.8 277
6015.1 273
6015.5 270
6015.9 268
6016.2 265
6016.6 262
6017 260
6017.3 257
6017.7 255
6018 253
6018.4 251
6018.8 249
6019.1 247
6019.5 245
6019.9 243
6020.2 241
6020.6 239
6020.9 238
6021.3 236
6021.5 235
6021.7 235
6021.9 234
6022 233
6022.2 232
6022.2 232
6022.6 258
6023 278
6023.3 284
6023.7 284
6024 282
6024.4 279
6024.8 276
6025.1 273
6025.5 270
6025.9 267
6026.2 265
6026.6 262
6026.9 260
6027.3 257
6027.7 255
6028 253
6028.4 251
6028.8 249
6029.1 247
6029.5 245
6029.8 243
6030.2 241
6030.6 240
6030.9 238
6031.3 236
6031.5 235
6031.7 235
6031.8 234
6032 233
6032.2 233
6032.2 232
6032.6 257
6032.9 277
6033.3 283
6033.7 284
6034 282
6034.4 279
6034.8 276
6035.1 273
6035.5 270
6035.8 267
6036.2 265
6036.6 262
6036.9 260
6037.3 257
6037.7 255
6038 253
6038.4 251
6038.7 249
6039.1 247
6039.5 245
6039.8 243
6040.2 241
6040.6 240
6040.9 238
6041.3 236
6041.5 236
6041.6 235
6041.8 234
6042 233
6042.2 233
6042.2 233
6042.6 256
6042.9 276
6043.3 282
6043.7 283
6044 281
6044.4 279
6044.7 276
6045.1 273
6045.5 270
6045.8 267
6046.2 265
6046.6 262
6046.9 260
6047.3 257
6047.6 255
6048 253
6048.4 251
6048.7 249
6049.1 247
6049.5 245
6049.8 243
6050.2 241
6050.5 240
6050.9 238
6051.3 236
6051.5 236
6051.6 235
6051.8 234
6052 233
6052.2 233
6052.2 233
6052.6 255
6052.9 275
6053.3 282
6053.6 282
6054 281
6054.4 278
6054.7 275
6055.1 272
6055.5 270
6055.8 267
6056.2 264
6056.5 262
6056.9 259
6057.3 257
6057.6 255
6058 253
6058.4 251
6058.7 249
6059.1 247
6059.4 245
6059.8 243
6060.2 241
6060.5 240
6060.9 238
6061.3 236
6061.4 236
6061.6 235
6061.8 234
6062 233
6062.2 233
6062.2 233
6062.5 254
6062.9 274
6063.3 281
6063.6 281
6064 280
6064.4 278
6064.7 275
6065.1 272
6065.4 269
6065.8 267
6066.2 264
6066.5 262
6066.9 259
6067.3 257
6067.6 255
6068 253
6068.3 251
6068.7 249
6069.1 247
6069.4 245
6069.8 243
6070.2 241
6070.5 240
6070.9 238
6071.2 236
6071.4 236
6071.6 235
6071.8 234
6072 233
6072.2 233
6072.2 233
6072.5 253
6072.9 273
6073.3 280
6073.6 281
6074 279
6074.3 277
6074.7 275
6075.1 272
6075.4 269
6075.8 267
6076.2 264
6076.5 262
6076.9 259
6077.2 257
6077.6 255
6078 253
6078.3 251
6078.7 249
6079.1 247
6079.4 245
6079.8 243
6080.1 241
6080.5 240
6080.9 238
6081.2 236
6081.4 236
6081.6 235
6081.8 234
6082 233
6082.1 233
6082.2 233
6082.5 252
6082.9 272
6083.2 279
6083.6 280
6084 279
6084.3 277
6084.7 274
6085.1 272
6085.4 269
6085.8 266
6086.1 264
6086.5 261
6086.9 259
6087.2 257
6087.6 255
6088 253
6088.3 251
6088.7 249
6089 247
6089.4 245
6089.8 243
6090.1 241
6090.5 240
6090.9 238
6091.2 236
6091.4 236
6091.6 235
6091.8 234
6091.9 233
6092.1 233
6092.1 233
6092.5 251
6092.9 271
6093.2 278
6093.6 279
6094 278
6094.3 276
6094.7 274
6095 271
6095.4 269
6095.8 266
6096.1 264
6096.5 261
6096.9 259
6097.2 257
6097.6 255
6097.9 252
6098.3 250
6098.7 249
6099 247
6099.4 245
6099.8 243
6100.1 241
6100.5 240
6100.8 238
6101.2 236
6101.4 236
6101.6 235
6101.8 234
6101.9 234
6102.1 233
6102.1 233
6102.5 251
6102.9 270
6103.2 277
6103.6 279
6103.9 278
6104.3 276
6104.7 274
6105 271
6105.4 268
6105.8 266
6106.1 264
6106.5 261
6106.8 259
6107.2 257
6107.6 255
6107.9 252
6108.3 250
6108.7 249
6109 247
6109.4 245
6109.7 243
6110.1 241
6110.5 240
6110.8 238
6111.2 237
6111.4 236
6111.6 235
6111.7 234
6111.9 234
6112.1 233
6112.1 233
6112.5 250
6112.8 269
6113.2 276
6113.6 278
6113.9 277
6114.3 276
6114.7 273
6115 271
6115.4 268
6115.7 266
6116.1 263
6116.5 261
6116.8 259
6117.2 257
6117.6 254
6117.9 252
6118.3 250
6118.6 249
6119 247
6119.4 245
6119.7 243
6120.1 241
6120.5 240
6120.8 238
6121.2 237
6121.4 236
6121.5 235
6121.7 234
6121.9 234
6122.1 233
6122.1 233
6122.5 249
6122.8 268
6123.2 276
6123.6 278
6123.9 277
6124.3 275
6124.6 273
6125 271
6125.4 268
6125.7 266
6126.1 263
6126.5 261
6126.8 259
6127.2 256
6127.5 254
6127.9 252
6128.3 250
6128.6 248
6129 247
6129.4 245
6129.7 243
6130.1 241
6130.4 240
6130.8 238
6131.2 237
6131.4 236
6131.5 235
6131.7 234
6131.9 234
6132.1 233
6132.1 233
6132.5 248
6132.8 267
6133.2 275
6133.5 277
6133.9 276
6134.3 275
6134.6 273
6135 270
6135.4 268
6135.7 265
6136.1 263
6136.4 261
6136.8 259
6137.2 256
6137.5 254
6137.9 252
6138.3 250
6138.6 248
6139 247
6139.3 245
6139.7 243
6140.1 241
6140.4 240
6140.8 238
6141.2 237
6141.3 236
6141.5 235
6141.7 234
6141.9 234
6142.1 233
6142.1 233
6142.4 248
6142.8 266
6143.2 274
6143.5 276
6143.9 276
6144.3 274
6144.6 272
6145 270
6145.3 268
6145.7 265
6146.1 263
6146.4 261
6146.8 259
6147.2 256
6147.5 254
6147.9 252
6148.2 250
6148.6 248
6149 247
6149.3 245
6149.7 243
6150.1 241
6150.4 240
6150.8 238
6151.1 237
6151.3 236
6151.5 235
6151.7 234
6151.9 234
6152.1 233
6152.1 233
6152.4 247
6152.8 265
6153.2 273
6153.5 276
6153.9 275
6154.2 274
6154.6 272
6155 270
6155.3 267
6155.7 265
6156.1 263
6156.4 261
6156.8 258
6157.1 256
6157.5 254
6157.9 252
6158.2 250
6158.6 248
6159 247
6159.3 245
6159.7 243
6160 242
6160.4 240
6160.8 238
6161.1 237
6161.3 236
6161.5 235
6161.7 235
6161.9 234
6162 233
6162.1 233
6162.4 247
6162.8 264
6163.1 272
6163.5 275
6163.9 275
6164.2 274
6164.6 272
6165 270
6165.3 267
6165.7 265
6166 263
6166.4 261
6166.8 258
6167.1 256
6167.5 254
6167.9 252
6168.2 250
6168.6 248
6168.9 247
6169.3 245
6169.7 243
6170 242
6170.4 240
6170.8 238
6171.1 237
6171.3 236
6171.5 235
6171.7 235
6171.8 234
6172 233
6172 233
6172.4 246
6172.8 263
6173.1 272
6173.5 275
6173.9 275
6174.2 273
6174.6 271
6174.9 269
6175.3 267
6175.7 265
6176 263
6176.4 260
6176.8 258
6177.1 256
6177.5 254
6177.8 252
6178.2 250
6178.6 249
6178.9 247
6179.3 245
6179.7 243
6180 242
6180.4 240
6180.7 238
6181.1 237
6181.3 236
6181.5 235
6181.7 235
6181.8 234
6182 233
6182 233
6182.4 245
6182.8 262
6183.1 271
6183.5 274
6183.8 274
6184.2 273
6184.6 271
6184.9 269
6185.3 267
6185.7 265
6186 263
6186.4 260
6186.7 258
6187.1 256
6187.5 254
6187.8 252
6188.2 250
6188.6 249
6188.9 247
6189.3 245
6189.6 243
6190 242
6190.4 240
6190.7 238
6191.1 237
6191.3 236
6191.5 235
6191.6 235
6191.8 234
6192 233
6192 233
6192.4 245
6192.7 262
6193.1 270
6193.5 273
6193.8 274
6194.2 273
6194.6 271
6194.9 269
6195.3 267
6195.6 265
6196 262
6196.4 260
6196.7 258
6197.1 256
6197.5 254
6197.8 252
6198.2 250
6198.5 249
6198.9 247
6199.3 245
6199.6 243
6200 242
6200.4 240
6200.7 239
6201.1 237
6201.3 236
6201.4 236
6201.6 235
6201.8 234
6202 233
6202 233
6202.4 245
6202.7 261
6203.1 270
6203.4 273
6203.8 273
6204.2 272
6204.5 271
6204.9 269
6205.3 267
6205.6 264
6206 262
6206.4 260
6206.7 258
6207.1 256
6207.4 254
6207.8 252
6208.2 250
6208.5 249
6208.9 247
6209.3 245
6209.6 243
6210 242
6210.3 240
6210.7 239
6211.1 237
6211.2 236
6211.4 236
6211.6 235
6211.8 234
6212 234
6212 233
6212.3 244
6212.7 260
6213.1 269
6213.4 272
6213.8 273
6214.2 272
6214.5 270
6214.9 268
6215.3 266
6215.6 264
6216 262
6216.3 260
6216.7 258
6217.1 256
6217.4 254
6217.8 252
6218.2 250
6218.5 249
6218.9 247
6219.2 245
6219.6 243
6220 242
6220.3 240
6220.7 239
6221.1 237
6221.2 236
6221.4 236
6221.6 235
6221.8 234
6222 234
6222 234
6222.3 244
6222.7 259
6223.1 268
6223.4 272
6223.8 272
6224.1 271
6224.5 270
6224.9 268
6225.2 266
6225.6 264
6226 262
6226.3 260
6226.7 258
6227.1 256
6227.4 254
6227.8 252
6228.1 250
6228.5 249
6228.9 247
6229.2 245
6229.6 243
6230 242
6230.3 240
6230.7 239
6231 237
6231.2 236
6231.4 236
6231.6 235
6231.8 234
6232 234
6232 234
6232.3 243
6232.7 259
6233 268
6233.4 271
6233.8 272
6234.1 271
6234.5 270
6234.9 268
6235.2 266
6235.6 264
6236 262
6236.3 260
6236.7 258
6237 256
6237.4 254
6237.8 252
6238.1 250
6238.5 249
6238.9 247
6239.2 245
6239.6 243
6239.9 242
6240.3 240
6240.7 239
6241 237
6241.2 237
6241.4 236
6241.6 235
6241.8 234
6241.9 234
6241.9 234
6242.3 243
6242.7 258
6243 267
6243.4 271
6243.8 271
6244.1 271
6244.5 269
6244.8 268
6245.2 266
6245.6 264
6245.9 262
6246.3 260
6246.7 258
6247 256
6247.4 254
6247.8 252
6248.1 250
6248.5 249
6248.8 247
6249.2 245
6249.6 244
6249.9 242
6250.3 240
6250.7 239
6251 237
6251.2 237
6251.4 236
6251.6 235
6251.7 234
6251.9 234
6251.9 234
6252.3 242
6252.7 257
6253 266
6253.4 270
6253.7 271
6254.1 270
6254.5 269
6254.8 267
6255.2 266
6255.6 264
6255.9 262
6256.3 260
6256.6 258
6257 256
6257.4 254
6257.7 252
6258.1 250
6258.5 249
6258.8 247
6259.2 245
6259.6 244
6259.9 242
6260.3 240
6260.6 239
6261 237
6261.2 237
6261.4 236
6261.5 235
6261.7 235
6261.9 234
6261.9 234
6262.3 242
6262.6 257
6263 266
6263.4 269
6263.7 270
6264.1 270
6264.5 269
6264.8 267
6265.2 265
6265.5 264
6265.9 262
6266.3 260
6266.6 258
6267 256
6267.4 254
6267.7 252
6268.1 250
6268.5 249
6268.8 247
6269.2 245
6269.5 244
6269.9 242
6270.3 240
6270.6 239
6271 237
6271.2 237
6271.4 236
6271.5 235
6271.7 235
6271.9 234
6271.9 234
6272.3 242
6272.6 256
6273 265
6273.4 269
6273.7 270
6274.1 270
6274.4 269
6274.8 267
6275.2 265
6275.5 263
6275.9 261
6276.3 260
6276.6 258
6277 256
6277.3 254
6277.7 252
6278.1 250
6278.4 249
6278.8 247
6279.2 245
6279.5 244
6279.9 242
6280.3 241
6280.6 239
6281 238
6281.2 237
6281.3 236
6281.5 235
6281.7 235
6281.9 234
6281.9 234
6282.3 241
6282.6 255
6283 264
6283.3 268
6283.7 270
6284.1 269
6284.4 268
6284.8 267
6285.2 265
6285.5 263
6285.9 261
6286.2 259
6286.6 258
6287 256
6287.3 254
6287.7 252
6288.1 250
6288.4 249
6288.8 247
6289.2 245
6289.5 244
6289.9 242
6290.2 241
6290.6 239
6291 238
6291.1 237
6291.3 236
6291.5 235
6291.7 235
6291.9 234
6291.9 234
6292.2 241
6292.6 255
6293 264
6293.3 268
6293.7 269
6294.1 269
6294.4 268
6294.8 267
6295.1 265
6295.5 263
6295.9 261
6296.2 259
6296.6 257
6297 256
6297.3 254
6297.7 252
6298 250
6298.4 249
6298.8 247
6299.1 245
6299.5 244
6299.9 242
6300.2 241
6300.6 239
6301 238
6301.1 237
6301.3 236
6301.5 236
6301.7 235
6301.9 234
6301.9 234
6302.2 241
6302.6 254
6303 263
6303.3 267
6303.7 269
6304 269
6304.4 268
6304.8 266
6305.1 265
6305.5 263
6305.9 261
6306.2 259
6306.6 257
6306.9 256
6307.3 254
6307.7 252
6308 250
6308.4 249
6308.8 247
6309.1 245
6309.5 244
6309.8 242
6310.2 241
6310.6 239
6310.9 238
6311.1 237
6311.3 236
6311.5 236
6311.7 235
6311.8 234
6311.9 234
6312.2 241
6312.6 254
6312.9 262
6313.3 267
6313.7 268
6314 268
6314.4 267
6314.8 266
6315.1 264
6315.5 263
6315.8 261
6316.2 259
6316.6 257
6316.9 255
6317.3 254
6317.7 252
6318 250
6318.4 249
6318.7 247
6319.1 245
6319.5 244
6319.8 242
6320.2 241
6320.6 239
6320.9 238
6321.1 237
6321.3 236
6321.5 236
6321.7 235
6321.8 234
6321.8 234
6322.2 240
6322.6 253
6322.9 262
6323.3 266
6323.7 268
6324 268
6324.4 267
6324.7 266
6325.1 264
6325.5 263
6325.8 261
6326.2 259
6326.6 257
6326.9 255
6327.3 254
6327.6 252
6328 250
6328.4 249
6328.7 247
6329.1 245
6329.5 244
6329.8 242
6330.2 241
6330.5 239
6330.9 238
6331.1 237
6331.3 236
6331.5 236
6331.6 235
6331.8 234
6331.8 234
6332.2 240
6332.6 252
6332.9 261
6333.3 266
6333.6 267
6334 267
6334.4 267
6334.7 266
6335.1 264
6335.5 262
6335.8 261
6336.2 259
6336.5 257
6336.9 255
6337.3 254
6337.6 252
6338 250
6338.4 249
6338.7 247
6339.1 245
6339.4 244
6339.8 242
6340.2 241
6340.5 239
6340.9 238
6341.1 237
6341.3 236
6341.4 236
6341.6 235
6341.8 234
6341.8 234
6342.2 240
6342.5 252
6342.9 261
6343.3 265
6343.6 267
6344 267
6344.4 266
6344.7 265
6345.1 264
6345.4 262
6345.8 261
6346.2 259
6346.5 257
6346.9 255
6347.3 254
6347.6 252
6348 250
6348.3 249
6348.7 247
6349.1 245
6349.4 244
6349.8 242
6350.2 241
6350.5 239
6350.9 238
6351.1 237
6351.3 237
6351.4 236
6351.6 235
6351.8 234
6351.8 234
6352.2 240
6352.5 251
6352.9 260
6353.3 265
6353.6 266
6354 267
6354.3 266
6354.7 265
6355.1 264
6355.4 262
6355.8 260
6356.2 259
6356.5 257
6356.9 255
6357.2 253
6357.6 252
6358 250
6358.3 249
6358.7 247
6359.1 245
6359.4 244
6359.8 242
6360.1 241
6360.5 239
6360.9 238
6361.1 237
6361.2 237
6361.4 236
6361.6 235
6361.8 235
6361.8 235
6362.2 239
6362.5 251
6362.9 259
6363.2 264
6363.6 266
6364 266
6364.3 266
6364.7 265
6365.1 263
6365.4 262
6365.8 260
6366.1 259
6366.5 257
6366.9 255
6367.2 253
6367.6 252
6368 250
6368.3 249
6368.7 247
6369 245
6369.4 244
6369.8 242
6370.1 241
6370.5 239
6370.9 238
6371 237
6371.2 237
6371.4 236
6371.6 235
6371.8 235
6371.8 235
6372.1 239
6372.5 250
6372.9 259
6373.2 264
6373.6 266
6374 266
6374.3 266
6374.7 265
6375 263
6375.4 262
6375.8 260
6376.1 258
6376.5 257
6376.9 255
6377.2 253
6377.6 252
6377.9 250
6378.3 248
6378.7 247
6379 245
6379.4 244
6379.8 242
6380.1 241
6380.5 239
6380.8 238
6381 237
6381.2 237
6381.4 236
6381.6 235
6381.8 235
6381.8 235
6382.1 239
6382.5 250
6382.9 258
6383.2 263
6383.6 265
6383.9 266
6384.3 265
6384.7 264
6385 263
6385.4 262
6385.8 260
6386.1 258
6386.5 257
6386.8 255
6387.2 253
6387.6 252
6387.9 250
6388.3 248
6388.7 247
6389 245
6389.4 244
6389.7 242
6390.1 241
6390.5 239
6390.8 238
6391 237
6391.2 237
6391.4 236
6391.6 235
6391.7 235
6391.8 235
6392.1 239
6392.5 249
6392.8 258
6393.2 263
6393.6 265
6393.9 265
6394.3 265
6394.7 264
6395 263
6395.4 261
6395.7 260
6396.1 258
6396.5 257
6396.8 255
6397.2 253
6397.6 252
6397.9 250
6398.3 248
6398.6 247
6399 245
6399.4 244
6399.7 242
6400.1 241
6400.5 240
6400.8 238
6401 237
6401.2 237
6401.4 236
6401.5 235
6401.7 235
6401.7 235
6402.1 239
6402.5 249
6402.8 257
6403.2 262
6403.6 264
6403.9 265
6404.3 265
6404.6 264
6405 263
6405.4 261
6405.7 260
6406.1 258
6406.5 256
6406.8 255
6407.2 253
6407.5 252
6407.9 250
6408.3 248
6408.6 247
6409 245
6409.4 244
6409.7 242
6410.1 241
6410.4 240
6410.8 238
6411 237
6411.2 237
6411.4 236
6411.5 235
6411.7 235
6411.7 235
6412.1 238
6412.5 248
6412.8 257
6413.2 262
6413.5 264
6413.9 265
6414.3 264
6414.6 263
6415 262
6415.4 261
6415.7 259
6416.1 258
6416.4 256
6416.8 255
6417.2 253
6417.5 252
6417.9 250
6418.3 248
6418.6 247
6419 245
6419.3 244
6419.7 242
6420.1 241
6420.4 240
6420.8 238
6421 238
6421.2 237
6421.3 236
6421.5 236
6421.7 235
6421.7 235
6422.1 238
6422.4 248
6422.8 256
6423.2 261
6423.5 263
6423.9 264
6424.3 264
6424.6 263
6425 262
6425.3 261
6425.7 259
6426.1 258
6426.4 256
6426.8 255
6427.2 253
6427.5 251
6427.9 250
6428.2 248
6428.6 247
6429 245
6429.3 244
6429.7 242
6430.1 241
6430.4 240
6430.8 238
6431 238
6431.1 237
6431.3 236
6431.5 236
6431.7 235
6431.7 235
6432.1 238
6432.4 247
6432.8 256
6433.2 261
6433.5 263
6433.9 264
6434.2 264
6434.6 263
6435 262
6435.3 261
6435.7 259
6436.1 258
6436.4 256
6436.8 255
6437.1 253
6437.5 251
6437.9 250
6438.2 248
6438.6 247
6439 245
6439.3 244
6439.7 242
6440 241
6440.4 240
6440.8 238
6441 238
6441.1 237
6441.3 236
6441.5 236
6441.7 235
6441.7 235
6442.1 238
6442.4 247
6442.8 255
6443.1 260
6443.5 263
6443.9 263
6444.2 263
6444.6 263
6445 262
6445.3 260
6445.7 259
6446 258
6446.4 256
6446.8 254
6447.1 253
6447.5 251
6447.9 250
6448.2 248
6448.6 247
6448.9 245
6449.3 244
6449.7 242
6450 241
6450.4 240
6450.8 238
6450.9 238
6451.1 237
6451.3 236
6451.5 236
6451.7 235
6451.7 235
6452 238
6452.4 247
6452.8 255
6453.1 260
6453.5 262
6453.9 263
6454.2 263
6454.6 262
6454.9 261
6455.3 260
6455.7 259
6456 257
6456.4 256
6456.8 254
6457.1 253
6457.5 251
6457.8 250
6458.2 248
6458.6 247
6458.9 245
6459.3 244
6459.7 242
6460 241
6460.4 240
6460.7 238
6460.9 238
6461.1 237
6461.3 236
6461.5 236
6461.7 235
6461.7 235
6462 238
6462.4 246
6462.8 254
6463.1 259
6463.5 262
6463.8 263
6464.2 263
6464.6 262
6464.9 261
6465.3 260
6465.7 259
6466 257
6466.4 256
6466.7 254
6467.1 253
6467.5 251
6467.8 250
6468.2 248
6468.6 247
6468.9 245
6469.3 244
6469.6 243
6470 241
6470.4 240
6470.7 238
6470.9 238
6471.1 237
6471.3 236
6471.5 236
6471.6 235
6471.7 235
6472 238
6472.4 246
6472.7 254
6473.1 259
6473.5 261
6473.8 262
6474.2 262
6474.6 262
6474.9 261
6475.3 260
6475.6 259
6476 257
6476.4 256
6476.7 254
6477.1 253
6477.5 251
6477.8 250
6478.2 248
6478.5 247
6478.9 245
6479.3 244
6479.6 243
6480 241
6480.4 240
6480.7 238
6480.9 238
6481.1 237
6481.3 236
6481.4 236
6481.6 235
6481.6 235
6482 237
6482.4 245
6482.7 253
6483.1 258
6483.5 261
6483.8 262
6484.2 262
6484.5 262
6484.9 261
6485.3 260
6485.6 258
6486 257
6486.4 256
6486.7 254
6487.1 253
6487.4 251
6487.8 250
6488.2 248
6488.5 247
6488.9 245
6489.3 244
6489.6 243
6490 241
6490.3 240
6490.7 238
6490.9 238
6491.1 237
6491.3 236
6491.4 236
6491.6 235
6491.6 235
6492 237
6492.4 245
6492.7 253
6493.1 258
6493.4 261
6493.8 262
6494.2 262
6494.5 262
6494.9 261
6495.3 260
6495.6 259
6496 257
6496.3 256
6496.7 254
6497.1 253
6497.4 252
6497.8 250
6498.2 249
6498.5 247
6498.9 246
6499.2 244
6499.6 243
6500 242
6500.3 240
6500.7 239
6500.9 238
6501.1 238
6501.2 237
6501.4 236
6501.6 236
6501.6 236
6502 238
6502.3 245
6502.7 253
6503.1 258
6503.4 261
6503.8 262
6504.2 262
6504.5 262
6504.9 261
6505.2 260
6505.6 259
6506 257
6506.3 256
6506.7 255
6507.1 253
6507.4 252
6507.8 250
6508.1 249
6508.5 247
6508.9 246
6509.2 244
6509.6 243
6510 242
6510.3 240
6510.7 239
6510.9 238
6511 238
6511.2 237
6511.4 236
6511.6 236
6511.6 236
6512 238
6512.3 245
6512.7 253
6513 258
6513.4 260
6513.8 262
6514.1 262
6514.5 262
6514.9 261
6515.2 260
6515.6 259
6516 257
6516.3 256
6516.7 255
6517 253
6517.4 252
6517.8 250
6518.1 249
6518.5 247
6518.9 246
6519.2 245
6519.6 243
6519.9 242
6520.3 240
6520.7 239
6520.8 239
6521 238
6521.2 237
6521.4 237
6521.6 236
6521.6 236
6521.9 238
6522.3 245
6522.7 252
6523 257
6523.4 260
6523.8 261
6524.1 262
6524.5 261
6524.9 261
6525.2 260
6525.6 258
6525.9 257
6526.3 256
6526.7 254
6527 253
6527.4 252
6527.8 250
6528.1 249
6528.5 247
6528.8 246
6529.2 245
6529.6 243
6529.9 242
6530.3 241
6530.7 239
6530.8 239
6531 238
6531.2 237
6531.4 237
6531.6 236
6531.6 236
6531.9 238
6532.3 244
6532.7 252
6533 257
6533.4 260
6533.7 261
6534.1 261
6534.5 261
6534.8 260
6535.2 259
6535.6 258
6535.9 257
6536.3 256
6536.7 254
6537 253
6537.4 252
6537.7 250
6538.1 249
6538.5 247
6538.8 246
6539.2 245
6539.6 243
6539.9 242
6540.3 241
6540.6 239
6540.8 239
6541 238
6541.2 237
6541.4 237
6541.6 236
6541.6 236
6541.9 237
6542.3 244
6542.6 251
6543 256
6543.4 259
6543.7 261
6544.1 261
6544.5 261
6544.8 260
6545.2 259
6545.6 258
6545.9 257
6546.3 256
6546.6 254
6547 253
6547.4 251
6547.7 250
6548.1 249
6548.5 247
6548.8 246
6549.2 244
6549.5 243
6549.9 242
6550.3 240
6550.6 239
6550.8 239
6551 238
6551.2 237
6551.4 237
6551.5 236
6551.5 236
6551.9 237
6552.3 244
6552.6 251
6553 256
6553.4 259
6553.7 260
6554.1 261
6554.4 260
6554.8 260
6555.2 259
6555.5 258
6555.9 257
6556.3 255
6556.6 254
6557 253
6557.4 251
6557.7 250
6558.1 249
6558.4 247
6558.8 246
6559.2 244
6559.5 243
6559.9 242
6560.3 240
6560.6 239
6560.8 239
6561 238
6561.2 237
6561.3 237
6561.5 236
6561.5 236
6561.9 237
6562.3 243
6562.6 250
6563 255
6563.3 258
6563.7 260
6564.1 260
6564.4 260
6564.8 260
6565.2 259
6565.5 258
6565.9 256
6566.2 255
6566.6 254
6567 253
6567.3 251
6567.7 250
6568.1 248
6568.4 247
6568.8 246
6569.2 244
6569.5 243
6569.9 242
6570.2 240
6570.6 239
6570.8 239
6571 238
6571.1 237
6571.3 237
6571.5 236
6571.5 236
6571.9 237
6572.2 243
6572.6 250
6573 255
6573.3 258
6573.7 259
6574.1 260
6574.4 260
6574.8 259
6575.1 258
6575.5 257
6575.9 256
6576.2 255
6576.6 254
6577 252
6577.3 251
6577.7 250
6578.1 248
6578.4 247
6578.8 246
6579.1 244
6579.5 243
6579.9 242
6580.2 240
6580.6 239
6580.8 238
6581 238
6581.1 237
6581.3 237
6581.5 236
6581.5 236
6581.9 237
6582.2 243
6582.6 249
6583 254
6583.3 257
6583.7 259
6584 260
6584.4 259
6584.8 259
6585.1 258
6585.5 257
6585.9 256
6586.2 255
6586.6 254
6586.9 252
6587.3 251
6587.7 250
6588 248
6588.4 247
6588.8 246
6589.1 244
6589.5 243
6589.9 242
6590.2 240
6590.6 239
6590.8 238
6590.9 238
6591.1 237
6591.3 237
6591.5 236
6591.5 236
6591.9 237
6592.2 242
6592.6 249
6592.9 254
6593.3 257
6593.7 259
6594 259
6594.4 259
6594.8 259
6595.1 258
6595.5 257
6595.8 256
6596.2 255
6596.6 253
6596.9 252
6597.3 251
6597.7 249
6598 248
6598.4 247
6598.8 245
6599.1 244
6599.5 243
6599.8 242
6600.2 240
6600.6 239
6600.7 238
6600.9 238
6601.1 237
6601.3 237
6601.5 236
6601.5 236
6601.8 237
6602.2 242
6602.6 249
6602.9 253
6603.3 256
6603.7 258
6604 259
6604.4 259
6604.7 258
6605.1 258
6605.5 257
6605.8 256
6606.2 254
6606.6 253
6606.9 252
6607.3 251
6607.6 249
6608 248
6608.4 247
6608.7 245
6609.1 244
6609.5 243
6609.8 242
6610.2 240
6610.6 239
6610.7 238
6610.9 238
6611.1 237
6611.3 237
6611.5 236
6611.5 236
6611.8 237
6612.2 242
6612.6 248
6612.9 253
6613.3 256
6613.6 258
6614 258
6614.4 258
6614.7 258
6615.1 257
6615.5 256
6615.8 255
6616.2 254
6616.5 253
6616.9 252
6617.3 251
6617.6 249
6618 248
6618.4 247
6618.7 245
6619.1 244
6619.4 243
6619.8 241
6620.2 240
6620.5 239
6620.7 238
6620.9 238
6621.1 237
6621.3 237
6621.4 236
6621.5 236
6621.8 237
6622.2 242
6622.5 248
6622.9 253
6623.3 256
6623.6 257
6624 258
6624.4 258
6624.7 258
6625.1 257
6625.4 256
6625.8 255
6626.2 254
6626.5 253
6626.9 252
6627.3 250
6627.6 249
6628 248
6628.3 247
6628.7 245
6629.1 244
6629.4 243
6629.8 241
6630.2 240
6630.5 239
6630.7 238
6630.9 238
6631.1 237
6631.3 237
6631.4 236
6631.4 236
6631.8 236
6632.2 241
6632.5 247
6632.9 252
6633.3 255
6633.6 257
6634 258
6634.3 258
6634.7 258
6635.1 257
6635.4 256
6635.8 255
6636.2 254
6636.5 253
6636.9 252
6637.2 250
6637.6 249
6638 248
6638.3 246
6638.7 245
6639.1 244
6639.4 243
6639.8 241
6640.1 240
6640.5 239
6640.7 238
6640.9 238
6641.1 237
6641.2 236
6641.4 236
6641.4 236
6641.8 236
6642.2 241
6642.5 247
6642.9 252
6643.2 255
6643.6 257
6644 257
6644.3 258
6644.7 257
6645.1 257
6645.4 256
6645.8 255
6646.1 254
6646.5 253
6646.9 251
6647.2 250
6647.6 249
6648 248
6648.3 246
6648.7 245
6649 244
6649.4 243
6649.8 241
6650.1 240
6650.5 239
6650.7 238
6650.9 238
6651 237
6651.2 236
6651.4 236
6651.4 236
6651.8 236
6652.1 241
6652.5 247
6652.9 251
6653.2 254
6653.6 256
6654 257
6654.3 257
6654.7 257
6655 256
6655.4 256
6655.8 255
6656.1 254
6656.5 252
6656.9 251
6657.2 250
6657.6 249
6657.9 248
6658.3 246
6658.7 245
6659 244
6659.4 243
6659.8 241
6660.1 240
6660.5 239
6660.7 238
6660.9 238
6661 237
6661.2 236
6661.4 236
6661.4 236
6661.8 236
6662.1 240
6662.5 246
6662.9 251
6663.2 254
6663.6 256
6663.9 257
6664.3 257
6664.7 257
6665 256
6665.4 255
6665.8 255
6666.1 253
6666.5 252
6666.8 251
6667.2 250
6667.6 249
6667.9 247
6668.3 246
6668.7 245
6669 244
6669.4 243
6669.7 241
6670.1 240
6670.5 239
6670.7 238
6670.8 238
6671 237
6671.2 236
6671.4 236
6671.4 236
6671.8 236
6672.1 240
6672.5 246
6672.8 251
6673.2 254
6673.6 256
6673.9 256
6674.3 257
6674.7 257
6675 256
6675.4 255
6675.7 254
6676.1 253
6676.5 252
6676.8 251
6677.2 250
6677.6 249
6677.9 247
6678.3 246
6678.6 245
6679 244
6679.4 242
6679.7 241
6680.1 240
6680.5 239
6680.6 238
6680.8 238
6681 237
6681.2 236
6681.4 236
6681.4 236
6681.7 236
6682.1 240
6682.5 246
6682.8 250
6683.2 253
6683.6 255
6683.9 256
6684.3 256
6684.6 256
6685 256
6685.4 255
6685.7 254
6686.1 253
6686.5 252
6686.8 251
6687.2 250
6687.5 249
6687.9 247
6688.3 246
6688.6 245
6689 244
6689.4 242
6689.7 241
6690.1 240
6690.4 239
6690.6 238
6690.8 238
6691 237
6691.2 236
6691.4 236
6691.4 236
6691.7 236
6692.1 240
6692.5 245
6692.8 250
6693.2 253
6693.5 255
6693.9 256
6694.3 256
6694.6 256
6695 256
6695.4 255
6695.7 254
6696.1 253
6696.4 252
6696.8 251
6697.2 250
6697.5 248
6697.9 247
6698.3 246
6698.6 245
6699 244
6699.3 242
6699.7 241
6700.1 240
6700.4 239
6700.6 238
6700.8 238
6701 237
6701.2 236
6701.3 236
6701.4 236
6701.7 236
6702.1 240
6702.4 245
6702.8 249
6703.2 253
6703.5 254
6703.9 256
6704.3 256
6704.6 256
6705 255
6705.3 255
6705.7 254
6706.1 253
6706.4 252
6706.8 251
6707.2 250
6707.5 248
6707.9 247
6708.2 246
6708.6 245
6709 244
6709.3 242
6709.7 241
6710.1 240
6710.4 239
6710.6 238
6710.8 238
6711 237
6711.1 236
6711.3 236
6711.3 236
6711.7 236
6712.1 239
6712.4 245
6712.8 249
6713.2 252
6713.5 254
6713.9 255
6714.2 256
6714.6 256
6715 255
6715.3 254
6715.7 254
6716.1 253
6716.4 252
6716.8 251
6717.1 249
6717.5 248
6717.9 247
6718.2 246
6718.6 245
6719 244
6719.3 242
6719.7 241
6720 240
6720.4 239
6720.6 238
6720.8 238
6721 237
6721.1 236
6721.3 236
6721.3 236
6721.7 236
6722.1 239
6722.4 244
6722.8 249
6723.1 252
6723.5 254
6723.9 255
6724.2 255
6724.6 255
6725 255
6725.3 254
6725.7 253
6726 253
6726.4 252
6726.8 250
6727.1 249
6727.5 248
6727.9 247
6728.2 246
6728.6 245
6728.9 243
6729.3 242
6729.7 241
6730 240
6730.4 239
6730.6 238
6730.8 238
6730.9 237
6731.1 236
6731.3 236
6731.3 236
6731.7 236
6732 239
6732.4 244
6732.8 248
6733.1 251
6733.5 253
6733.9 255
6734.2 255
6734.6 255
6734.9 255
6735.3 254
6735.7 253
6736 252
6736.4 251
6736.8 250
6737.1 249
6737.5 248
6737.8 247
6738.2 246
6738.6 245
6738.9 243
6739.3 242
6739.7 241
6740 240
6740.4 239
6740.6 238
6740.7 238
6740.9 237
6741.1 236
6741.3 236
6741.3 236
6741.7 236
6742 239
6742.4 244
6742.8 248
6743.1 251
6743.5 253
6743.8 254
6744.2 255
6744.6 255
6744.9 254
6745.3 254
6745.7 253
6746 252
6746.4 251
6746.7 250
6747.1 249
6747.5 248
6747.8 247
6748.2 246
6748.6 245
6748.9 243
6749.3 242
6749.6 241
6750 240
6750.4 239
6750.6 238
6750.7 238
6750.9 237
6751.1 236
6751.3 236
6751.3 236
6751.7 236
6752 239
6752.4 243
6752.7 248
6753.1 251
6753.5 253
6753.8 254
6754.2 255
6754.6 255
6754.9 254
6755.3 254
6755.6 253
6756 252
6756.4 251
6756.7 250
6757.1 249
6757.5 248
6757.8 247
6758.2 246
6758.5 244
6758.9 243
6759.3 242
6759.6 241
6760 240
6760.4 239
6760.5 238
6760.7 238
6760.9 237
6761.1 236
6761.3 236
6761.3 236
6761.6 236
6762 239
6762.4 243
6762.7 247
6763.1 250
6763.5 253
6763.8 254
6764.2 254
6764.5 254
6764.9 254
6765.3 253
6765.6 253
6766 252
6766.4 251
6766.7 250
6767.1 249
6767.4 248
6767.8 247
6768.2 246
6768.5 244
6768.9 243
6769.3 242
6769.6 241
6770 240
6770.3 239
6770.5 238
6770.7 238
6770.9 237
6771.1 236
6771.3 236
6771.3 236
6771.6 236
6772 238
6772.4 243
6772.7 247
6773.1 250
6773.4 252
6773.8 253
6774.2 254
6774.5 254
6774.9 254
6775.3 253
6775.6 253
6776 252
6776.3 251
6776.7 250
6777.1 249
6777.4 248
6777.8 247
6778.2 246
6778.5 244
6778.9 243
6779.2 242
6779.6 241
6780 240
6780.3 239
6780.5 238
6780.7 238
6780.9 237
6781.1 236
6781.2 236
6781.3 236
6781.6 236
6782 238
6782.3 243
6782.7 247
6783.1 250
6783.4 252
6783.8 253
6784.2 254
6784.5 254
6784.9 254
6785.2 253
6785.6 252
6786 252
6786.3 251
6786.7 250
6787.1 249
6787.4 248
6787.8 247
6788.1 245
6788.5 244
6788.9 243
6789.2 242
6789.6 241
6790 240
6790.3 239
6790.5 238
6790.7 238
6790.9 237
6791 236
6791.2 236
6791.2 236
6791.6 236
6792 238
6792.3 242
6792.7 246
6793.1 249
6793.4 252
6793.8 253
6794.1 253
6794.5 254
6794.9 253
6795.2 253
6795.6 252
6796 251
6796.3 251
6796.7 250
6797 249
6797.4 248
6797.8 246
6798.1 245
6798.5 244
6798.9 243
6799.2 242
6799.6 241
6799.9 240
6800.3 239
6800.5 238
6800.7 238
6800.9 237
6801 236
6801.2 236
6801.2 236
6801.6 236
6802 238
6802.3 242
6802.7 246
6803 249
6803.4 251
6803.8 253
6804.1 253
6804.5 253
6804.9 253
6805.2 253
6805.6 252
6805.9 251
6806.3 250
6806.7 249
6807 248
6807.4 247
6807.8 246
6808.1 245
6808.5 244
6808.8 243
6809.2 242
6809.6 241
6809.9 240
6810.3 239
6810.5 238
6810.7 238
6810.8 237
6811 236
6811.2 236
6811.2 236
6811.6 235
6811.9 238
6812.3 242
6812.7 246
6813 249
6813.4 251
6813.8 252
6814.1 253
6814.5 253
6814.8 253
6815.2 252
6815.6 252
6815.9 251
6816.3 250
6816.7 249
6817 248
6817.4 247
6817.7 246
6818.1 245
6818.5 244
6818.8 243
6819.2 242
6819.6 241
6819.9 240
6820.3 239
6820.5 238
6820.6 238
6820.8 237
6821 236
6821.2 236
6821.2 236
6821.6 235
6821.9 238
6822.3 242
6822.7 245
6823 248
6823.4 251
6823.7 252
6824.1 253
6824.5 253
6824.8 253
6825.2 252
6825.6 252
6825.9 251
6826.3 250
6826.6 249
6827 248
6827.4 247
6827.7 246
6828.1 245
6828.5 244
6828.8 243
6829.2 242
6829.5 241
6829.9 240
6830.3 239
6830.4 238
6830.6 237
6830.8 237
6831 236
6831.2 236
6831.2 236
6831.5 235
6831.9 237
6832.3 241
6832.6 245
6833 248
6833.4 250
6833.7 252
6834.1 252
6834.5 253
6834.8 252
6835.2 252
6835.5 252
6835.9 251
6836.3 250
6836.6 249
6837 248
6837.4 247
6837.7 246
6838.1 245
6838.4 244
6838.8 243
6839.2 242
6839.5 241
6839.9 240
6840.3 239
6840.4 238
6840.6 237
6840.8 237
6841 236
6841.2 236
6841.2 236
6841.5 235
6841.9 237
6842.3 241
6842.6 245
6843 248
6843.3 250
6843.7 251
6844.1 252
6844.4 252
6844.8 252
6845.2 252
6845.5 251
6845.9 251
6846.3 250
6846.6 249
6847 248
6847.3 247
6847.7 246
6848.1 245
6848.4 244
6848.8 243
6849.2 242
6849.5 241
6849.9 240
6850.2 239
6850.4 238
6850.6 237
6850.8 237
6851 236
6851.2 236
6851.2 236
6851.5 235
6851.9 237
6852.2 241
6852.6 245
6853 248
6853.3 250
6853.7 251
6854.1 252
6854.4 252
6854.8 252
6855.2 252
6855.5 251
6855.9 250
6856.2 250
6856.6 249
6857 248
6857.3 247
6857.7 246
6858.1 245
6858.4 244
6858.8 243
6859.1 242
6859.5 241
6859.9 240
6860.2 239
6860.4 238
6860.6 237
6860.8 237
6861 236
6861.1 236
6861.1 236
6861.5 235
6861.9 237
6862.2 241
6862.6 244
6863 247
6863.3 249
6863.7 251
6864 252
6864.4 252
6864.8 252
6865.1 251
6865.5 251
6865.9 250
6866.2 250
6866.6 249
6867 248
6867.3 247
6867.7 246
6868 245
6868.4 244
6868.8 243
6869.1 242
6869.5 241
6869.9 240
6870.2 238
6870.4 238
6870.6 237
6870.8 237
6870.9 236
6871.1 236
6871.1 236
6871.5 235
6871.9 237
6872.2 240
6872.6 244
6872.9 247
6873.3 249
6873.7 250
6874 251
6874.4 252
6874.8 252
6875.1 251
6875.5 251
6875.9 250
6876.2 249
6876.6 249
6876.9 248
6877.3 247
6877.7 246
6878 245
6878.4 244
6878.8 243
6879.1 242
6879.5 241
6879.8 240
6880.2 238
6880.4 238
6880.6 237
6880.7 237
6880.9 236
6881.1 236
6881.1 236
6881.5 235
6881.8 237
6882.2 240
6882.6 244
6882.9 247
6883.3 249
6883.7 250
6884 251
6884.4 251
6884.7 251
6885.1 251
6885.5 251
6885.8 250
6886.2 249
6886.6 248
6886.9 248
6887.3 247
6887.7 246
6888 245
6888.4 244
6888.7 243
6889.1 242
6889.5 241
6889.8 239
6890.2 238
6890.4 238
6890.6 237
6890.7 237
6890.9 236
6891.1 236
6891.1 236
6891.5 235
6891.8 237
6892.2 240
6892.6 243
6892.9 246
6893.3 249
6893.6 250
6894 251
6894.4 251
6894.7 251
6895.1 251
6895.5 250
6895.8 250
6896.2 249
6896.5 248
6896.9 247
6897.3 247
6897.6 246
6898 245
6898.4 244
6898.7 243
6899.1 242
6899.5 240
6899.8 239
6900.2 238
6900.4 238
6900.5 237
6900.7 237
6900.9 236
6901.1 236
6901.1 236
6901.5 235
6901.8 237
6902.2 240
6902.5 243
6902.9 246
6903.3 248
6903.6 250
6904 250
6904.4 251
6904.7 251
6905.1 251
6905.4 250
6905.8 250
6906.2 249
6906.5 248
6906.9 247
6907.3 246
6907.6 245
6908 244
6908.4 243
6908.7 242
6909.1 241
6909.4 240
6909.8 239
6910.2 238
6910.3 238
6910.5 237
6910.7 237
6910.9 236
6911.1 236
6911.1 236
6911.4 235
6911.8 236
6912.2 240
6912.5 243
6912.9 246
6913.3 248
6913.6 249
6914 250
6914.3 251
6914.7 251
6915.1 250
6915.4 250
6915.8 250
6916.2 249
6916.5 248
6916.9 247
6917.2 246
6917.6 245
6918 244
6918.3 243
6918.7 242
6919.1 241
6919.4 240
6919.8 239
6920.2 238
6920.3 238
6920.5 237
6920.7 237
6920.9 236
6921.1 236
6921.1 236
6921.4 235
6921.8 236
6922.2 239
6922.5 243
6922.9 246
6923.2 248
6923.6 249
6924 250
6924.3 250
6924.7 250
6925.1 250
6925.4 250
6925.8 249
6926.1 249
6926.5 248
6926.9 247
6927.2 246
6927.6 245
6928 244
6928.3 243
6928.7 242
6929.1 241
6929.4 240
6929.8 239
6930.1 238
6930.3 238
6930.5 237
6930.7 237
6930.9 236
6931 236
6931.1 236
6931.4 235
6931.8 236
6932.1 239
6932.5 242
6932.9 245
6933.2 247
6933.6 249
6934 250
6934.3 250
6934.7 250
6935 250
6935.4 250
6935.8 249
6936.1 249
6936.5 248
6936.9 247
6937.2 246
6937.6 245
6937.9 244
6938.3 243
6938.7 242
6939 241
6939.4 240
6939.8 239
6940.1 238
6940.3 238
6940.5 237
6940.7 237
6940.9 236
6941 236
6941 236
6941.4 235
6941.8 236
6942.1 239
6942.5 242
6942.9 245
6943.2 247
6943.6 249
6943.9 249
6944.3 250
6944.7 250
6945 250
6945.4 250
6945.8 249
6946.1 248
6946.5 248
6946.8 247
6947.2 246
6947.6 245
6947.9 244
6948.3 243
6948.7 242
6949 241
6949.4 240
6949.7 239
6950.1 238
6950.3 238
6950.5 237
6950.7 237
6950.8 236
6951 236
6951 236
6951.4 235
6951.8 236
6952.1 239
6952.5 242
6952.8 245
6953.2 247
6953.6 248
6953.9 249
6954.3 250
6954.7 250
6955 250
6955.4 249
6955.7 249
6956.1 248
6956.5 248
6956.8 247
6957.2 246
6957.6 245
6957.9 244
6958.3 243
6958.6 242
6959 241
6959.4 240
6959.7 239
6960.1 238
6960.3 238
6960.5 237
6960.6 237
6960.8 236
6961 236
6961 236
6961.4 235
6961.7 236
6962.1 239
6962.5 242
6962.8 244
6963.2 247
6963.6 248
6963.9 249
6964.3 249
6964.6 250
6965 249
6965.4 249
6965.7 249
6966.1 248
6966.5 247
6966.8 247
6967.2 246
6967.5 245
6967.9 244
6968.3 243
6968.6 242
6969 241
6969.4 240
6969.7 239
6970.1 238
6970.3 238
6970.5 237
6970.6 237
6970.8 236
6971 236
6971 236
6971.4 235
6971.7 236
6972.1 238
6972.5 241
6972.8 244
6973.2 246
6973.5 248
6973.9 249
6974.3 249
6974.6 249
6975 249
6975.4 249
6975.7 249
6976.1 248
6976.4 247
6976.8 246
6977.2 246
6977.5 245
6977.9 244
6978.3 243
6978.6 242
6979 241
6979.3 240
6979.7 239
6980.1 238
6980.3 238
6980.4 237
6980.6 237
6980.8 236
6981 236
6981 236
6981.4 235
6981.7 236
6982.1 238
6982.4 241
6982.8 244
6983.2 246
6983.5 247
6983.9 248
6984.3 249
6984.6 249
6985 249
6985.3 249
6985.7 248
6986.1 248
6986.4 247
6986.8 246
6987.2 246
6987.5 245
6987.9 244
6988.2 243
6988.6 242
6989 241
6989.3 240
6989.7 239
6990.1 238
6990.2 238
6990.4 237
6990.6 237
6990.8 236
6991 236
6991 236
6991.3 235
6991.7 236
6992.1 238
6992.4 241
6992.8 244
6993.2 246
6993.5 248
6993.9 249
6994.2 249
6994.6 249
6995 249
6995.3 249
6995.7 249
6996.1 248
6996.4 247
6996.8 247
6997.1 246
6997.5 245
6997.9 244
6998.2 243
6998.6 242
6999 241
6999.3 240
6999.7 239
7000 238
7000.2 238
7000.4 237
7000.6 237
7000.8 236
7001 236
7001 236
7001.3 235
7001.7 236
7002.1 238
7002.4 241
7002.8 244
7003.1 246
7003.5 248
7003.9 249
7004.2 249
7004.6 249
7005 249
7005.3 249
7005.7 249
7006 248
7006.4 248
7006.8 247
7007.1 246
7007.5 245
7007.9 244
7008.2 243
7008.6 242
7008.9 242
7009.3 241
7009.7 240
7010 239
7010.2 238
7010.4 238
7010.6 237
7010.8 237
7010.9 236
7011 236
7011.3 235
7011.7 236
7012 238
7012.4 241
7012.8 244
7013.1 246
7013.5 248
7013.9 249
7014.2 249
7014.6 249
7014.9 249
7015.3 249
7015.7 249
7016 248
7016.4 248
7016.8 247
7017.1 246
7017.5 245
7017.8 244
7018.2 243
7018.6 243
7018.9 242
7019.3 241
7019.7 240
7020 239
7020.2 238
7020.4 238
7020.6 237
7020.7 237
7020.9 236
7020.9 236
7021.3 236
7021.7 236
7022 238
7022.4 241
7022.8 244
7023.1 246
7023.5 247
7023.8 248
7024.2 249
7024.6 249
7024.9 249
7025.3 249
7025.7 249
7026 248
7026.4 247
7026.7 247
7027.1 246
7027.5 245
7027.8 244
7028.2 243
7028.6 243
7028.9 242
7029.3 241
7029.6 240
7030 239
7030.2 238
7030.4 238
7030.6 237
7030.7 237
7030.9 236
7030.9 236
7031.3 236
7031.7 236
7032 238
7032.4 241
7032.7 243
7033.1 246
7033.5 247
7033.8 248
7034.2 249
7034.6 249
7034.9 249
7035.3 249
7035.6 248
7036 248
7036.4 247
7036.7 247
7037.1 246
7037.5 245
7037.8 244
7038.2 243
7038.5 242
7038.9 242
7039.3 241
7039.6 240
7040 239
7040.2 238
7040.4 238
7040.5 237
7040.7 237
7040.9 236
7040.9 236
7041.3 236
7041.6 236
7042 238
7042.4 241
7042.7 243
7043.1 245
7043.5 247
7043.8 248
7044.2 248
7044.5 249
7044.9 249
7045.3 249
7045.6 248
7046 248
7046.4 247
7046.7 246
7047.1 246
7047.4 245
7047.8 244
7048.2 243
7048.5 242
7048.9 241
7049.3 240
7049.6 240
7050 239
7050.2 238
7050.3 238
7050.5 237
7050.7 237
7050.9 236
7050.9 236
7051.3 236
7051.6 236
7052 238
7052.4 240
7052.7 243
7053.1 245
7053.4 246
7053.8 248
7054.2 248
7054.5 248
7054.9 248
7055.3 248
7055.6 248
7056 247
7056.3 247
7056.7 246
7057.1 246
7057.4 245
7057.8 244
7058.2 243
7058.5 242
7058.9 241
7059.2 240
7059.6 239
7060 239
7060.2 238
7060.3 238
7060.5 237
7060.7 237
7060.9 236
7060.9 236
7061.3 235
7061.6 236
7062 238
7062.3 240
7062.7 243
7063.1 245
7063.4 246
7063.8 247
7064.2 248
7064.5 248
7064.9 248
7065.2 248
7065.6 248
7066 247
7066.3 247
7066.7 246
7067.1 245
7067.4 245
7067.8 244
7068.1 243
7068.5 242
7068.9 241
7069.2 240
7069.6 239
7070 238
7070.1 238
7070.3 237
7070.5 237
7070.7 237
7070.9 236
7070.9 236
7071.2 235
7071.6 236
7072 237
7072.3 240
7072.7 242
7073.1 244
7073.4 246
7073.8 247
7074.1 248
7074.5 248
7074.9 248
7075.2 248
7075.6 247
7076 247
7076.3 246
7076.7 246
7077 245
7077.4 244
7077.8 244
7078.1 243
7078.5 242
7078.9 241
7079.2 240
7079.6 239
7079.9 238
7080.1 238
7080.3 237
7080.5 237
7080.7 236
7080.9 236
7080.9 236
7081.2 235
7081.6 236
7082 237
7082.3 240
7082.7 242
7083 244
7083.4 246
7083.8 247
7084.1 247
7084.5 248
7084.9 248
7085.2 248
7085.6 247
7085.9 247
7086.3 246
7086.7 246
7087 245
7087.4 244
7087.8 243
7088.1 243
7088.5 242
7088.8 241
7089.2 240
7089.6 239
7089.9 238
7090.1 238
7090.3 237
7090.5 237
7090.7 236
7090.8 236
7090.9 236
7091.2 235
7091.6 235
7091.9 237
7092.3 239
7092.7 242
7093 244
7093.4 245
7093.8 246
7094.1 247
7094.5 247
7094.8 247
7095.2 247
7095.6 247
7095.9 247
7096.3 246
7096.7 245
7097 245
7097.4 244
7097.7 243
7098.1 242
7098.5 242
7098.8 241
7099.2 240
7099.6 239
7099.9 238
7100.1 238
7100.3 237
7100.5 237
7100.6 236
7100.8 236
7100.8 236
7101.2 235
7101.6 235
7101.9 237
7102.3 239
7102.7 241
7103 243
7103.4 245
7103.7 246
7104.1 247
7104.5 247
7104.8 247
7105.2 247
7105.6 247
7105.9 246
7106.3 246
7106.6 245
7107 245
7107.4 244
7107.7 243
7108.1 242
7108.5 241
7108.8 241
7109.2 240
7109.5 239
7109.9 238
7110.1 237
7110.3 237
7110.5 237
7110.6 236
7110.8 236
7110.8 236
7111.2 235
7111.6 235
7111.9 237
7112.3 239
7112.6 241
7113 243
7113.4 245
7113.7 246
7114.1 246
7114.5 247
7114.8 247
7115.2 247
7115.5 247
7115.9 246
7116.3 246
7116.6 245
7117 244
7117.4 244
7117.7 243
7118.1 242
7118.4 241
7118.8 240
7119.2 240
7119.5 239
7119.9 238
7120.1 237
7120.3 237
7120.4 236
7120.6 236
7120.8 236
7120.8 236
7121.2 235
7121.5 235
7121.9 236
7122.3 239
7122.6 241
7123 243
7123.4 244
7123.7 245
7124.1 246
7124.4 246
7124.8 247
7125.2 247
7125.5 246
7125.9 246
7126.3 245
7126.6 245
7127 244
7127.3 244
7127.7 243
7128.1 242
7128.4 241
7128.8 240
7129.2 239
7129.5 239
7129.9 238
7130.1 237
7130.2 237
7130.4 236
7130.6 236
7130.8 236
7130.8 235
7131.2 235
7131.5 235
7131.9 236
7132.3 238
7132.6 241
7133 243
7133.3 244
7133.7 245
7134.1 246
7134.4 246
7134.8 246
7135.2 246
7135.5 246
7135.9 246
7136.2 245
7136.6 245
7137 244
7137.3 243
7137.7 243
7138.1 242
7138.4 241
7138.8 240
7139.1 239
7139.5 239
7139.9 238
7140 237
7140.2 237
7140.4 236
7140.6 236
7140.8 235
7140.8 235
7141.1 235
7141.5 235
7141.9 236
7142.2 238
7142.6 240
7143 242
7143.3 244
7143.7 245
7144.1 246
7144.4 246
7144.8 246
7145.1 246
7145.5 246
7145.9 246
7146.2 245
7146.6 245
7147 244
7147.3 243
7147.7 242
7148 242
7148.4 241
7148.8 240
7149.1 239
7149.5 238
7149.9 238
7150 237
7150.2 237
7150.4 236
7150.6 236
7150.8 235
7150.8 235
7151.1 235
7151.5 235
7151.9 236
7152.2 238
7152.6 240
7152.9 242
7153.3 243
7153.7 245
7154 245
7154.4 246
7154.8 246
7155.1 246
7155.5 246
7155.9 245
7156.2 245
7156.6 244
7156.9 244
7157.3 243
7157.7 242
7158 242
7158.4 241
7158.8 240
7159.1 239
7159.5 238
7159.8 237
7160 237
7160.2 237
7160.4 236
7160.6 236
7160.8 235
7160.8 235
7161.1 235
7161.5 235
7161.8 236
7162.2 238
7162.6 240
7162.9 242
7163.3 243
7163.7 244
7164 245
7164.4 245
7164.8 246
7165.1 246
7165.5 245
7165.8 245
7166.2 245
7166.6 244
7166.9 244
7167.3 243
7167.7 242
7168 241
7168.4 241
7168.7 240
7169.1 239
7169.5 238
7169.8 237
7170 237
7170.2 237
7170.4 236
7170.6 236
7170.7 235
7170.7 235
7171.1 234
7171.5 234
7171.8 236
7172.2 238
7172.6 240
7172.9 241
7173.3 243
7173.6 244
7174 245
7174.4 245
7174.7 245
7175.1 245
7175.5 245
7175.8 245
7176.2 245
7176.6 244
7176.9 243
7177.3 243
7177.6 242
7178 241
7178.4 241
7178.7 240
7179.1 239
7179.5 238
7179.8 237
7180 237
7180.2 236
7180.4 236
7180.5 236
7180.7 235
7180.7 235
7181.1 234
7181.5 234
7181.8 235
7182.2 237
7182.5 239
7182.9 241
7183.3 243
7183.6 244
7184 245
7184.4 245
7184.7 245
7185.1 245
7185.5 245
7185.8 245
7186.2 244
7186.5 244
7186.9 243
7187.3 243
7187.6 242
7188 241
7188.4 240
7188.7 240
7189.1 239
7189.4 238
7189.8 237
7190 237
7190.2 236
7190.3 236
7190.5 236
7190.7 235
7190.7 235
7191.1 234
7191.4 234
7191.8 235
7192.2 237
7192.5 239
7192.9 241
7193.3 242
7193.6 244
7194 244
7194.3 245
7194.7 245
7195.1 245
7195.4 245
7195.8 245
7196.2 244
7196.5 244
7196.9 243
7197.3 243
7197.6 242
7198 241
7198.3 240
7198.7 240
7199.1 239
7199.4 238
7199.8 237
7200 237
7200.2 236
7200.3 236
7200.5 235
7200.7 235
7200.7 235
7201.1 234
7201.4 234
7201.8 235
7202.2 237
7202.5 239
7202.9 241
7203.2 242
7203.6 243
7204 244
7204.3 245
7204.7 245
7205.1 245
7205.4 245
7205.8 244
7206.1 244
7206.5 244
7206.9 243
7207.2 242
7207.6 242
7208 241
7208.3 240
7208.7 239
7209.1 239
7209.4 238
7209.8 237
7210 237
7210.1 236
7210.3 236
7210.5 235
7210.7 235
7210.7 235
7211.1 234
7211.4 234
7211.8 235
7212.1 237
7212.5 239
7212.9 240
7213.2 242
7213.6 243
7214 244
7214.3 244
7214.7 245
7215 245
7215.4 244
7215.8 244
7216.1 244
7216.5 243
7216.9 243
7217.2 242
7217.6 242
7218 241
7218.3 240
7218.7 239
7219 239
7219.4 238
7219.8 237
7219.9 237
7220.1 236
7220.3 236
7220.5 235
7220.7 235
7220.7 235
7221 234
7221.4 234
7221.8 235
7222.1 237
7222.5 239
7222.9 240
7223.2 242
7223.6 243
7223.9 244
7224.3 244
7224.7 244
7225 244
7225.4 244
7225.8 244
7226.1 244
7226.5 243
7226.8 243
7227.2 242
7227.6 241
7227.9 241
7228.3 240
7228.7 239
7229 239
7229.4 238
7229.8 237
7229.9 237
7230.1 236
7230.3 236
7230.5 235
7230.7 235
7230.7 235
7231 234
7231.4 234
7231.8 235
7232.1 236
7232.5 238
7232.8 240
7233.2 241
7233.6 243
7233.9 243
7234.3 244
7234.7 244
7235 244
7235.4 244
7235.7 244
7236.1 244
7236.5 243
7236.8 243
7237.2 242
7237.6 241
7237.9 241
7238.3 240
7238.7 239
7239 238
7239.4 238
7239.7 237
7239.9 236
7240.1 236
7240.3 236
7240.5 235
7240.6 235
7240.7 235
7241 234
7241.4 234
7241.7 235
7242.1 236
7242.5 238
7242.8 240
7243.2 241
7243.6 242
7243.9 243
7244.3 244
7244.6 244
7245 244
7245.4 244
7245.7 244
7246.1 243
7246.5 243
7246.8 242
7247.2 242
7247.5 241
7247.9 241
7248.3 240
7248.6 239
7249 238
7249.4 238
7249.7 237
7249.9 236
7250.1 236
7250.3 236
7250.5 235
7250.6 235
7250.6 235
7251 234
7251.4 234
7251.7 235
7252.1 236
7252.5 238
7252.8 240
7253.2 241
7253.5 242
7253.9 243
7254.3 243
7254.6 244
7255 244
7255.4 244
7255.7 244
7256.1 243
7256.4 243
7256.8 242
7257.2 242
7257.5 241
7257.9 240
7258.3 240
7258.6 239
7259 238
7259.3 237
7259.7 237
7259.9 236
7260.1 236
7260.3 235
7260.4 235
7260.6 235
7260.6 235
7261 234
7261.4 234
7261.7 234
7262.1 236
7262.4 238
7262.8 239
7263.2 241
7263.5 242
7263.9 243
7264.3 243
7264.6 244
7265 244
7265.3 244
7265.7 243
7266.1 243
7266.4 243
7266.8 242
7267.2 242
7267.5 241
7267.9 240
7268.2 240
7268.6 239
7269 238
7269.3 237
7269.7 237
7269.9 236
7270.1 236
7270.2 235
7270.4 235
7270.6 235
7270.6 235
7271 234
7271.3 234
7271.7 234
7272.1 236
7272.4 237
7272.8 239
7273.2 241
7273.5 242
7273.9 242
7274.2 243
7274.6 243
7275 243
7275.3 243
7275.7 243
7276.1 243
7276.4 242
7276.8 242
7277.1 241
7277.5 241
7277.9 240
7278.2 240
7278.6 239
7279 238
7279.3 237
7279.7 237
7279.9 236
7280.1 236
7280.2 235
7280.4 235
7280.6 235
7280.6 235
7281 234
7281.3 234
7281.7 234
7282.1 236
7282.4 237
7282.8 239
7283.1 240
7283.5 241
7283.9 242
7284.2 243
7284.6 243
7285 243
7285.3 243
7285.7 243
7286 243
7286.4 242
7286.8 242
7287.1 241
7287.5 241
7287.9 240
7288.2 239
7288.6 239
7288.9 238
7289.3 237
7289.7 236
7289.9 236
7290 236
7290.2 235
7290.4 235
7290.6 234
7290.6 234
7291 234
7291.3 233
7291.7 234
7292 235
7292.4 237
7292.8 239
7293.1 240
7293.5 241
7293.9 242
7294.2 243
7294.6 243
7294.9 243
7295.3 243
7295.7 243
7296 243
7296.4 242
7296.8 242
7297.1 241
7297.5 241
7297.8 240
7298.2 239
7298.6 239
7298.9 238
7299.3 237
7299.7 236
7299.8 236
7300 236
7300.2 235
7300.4 235
7300.6 234
7300.6 234
7300.9 234
7301.3 233
7301.7 234
7302 235
7302.4 237
7302.8 239
7303.1 240
7303.5 241
7303.8 242
7304.2 242
7304.6 243
7304.9 243
7305.3 243
7305.7 243
7306 242
7306.4 242
7306.7 242
7307.1 241
7307.5 240
7307.8 240
7308.2 239
7308.6 238
7308.9 238
7309.3 237
7309.6 236
7309.8 236
7310 236
7310.2 235
7310.4 235
7310.6 234
7310.6 234
7310.9 234
7311.3 233
7311.7 234
7312 235
7312.4 237
7312.7 238
7313.1 240
7313.5 241
7313.8 242
7314.2 242
7314.6 243
7314.9 243
7315.3 243
7315.6 242
7316 242
7316.4 242
7316.7 241
7317.1 241
7317.5 240
7317.8 240
7318.2 239
7318.5 238
7318.9 238
7319.3 237
7319.6 236
7319.8 236
7320 235
7320.2 235
7320.4 235
7320.5 234
7320.6 234
7320.9 234
7321.3 233
7321.6 234
7322 235
7322.4 237
7322.7 238
7323.1 239
7323.5 241
7323.8 241
7324.2 242
7324.5 242
7324.9 242
7325.3 242
7325.6 242
7326 242
7326.4 242
7326.7 241
7327.1 241
7327.4 240
7327.8 240
7328.2 239
7328.5 238
7328.9 238
7329.3 237
7329.6 236
7329.8 236
7330 235
7330.2 235
7330.3 235
7330.5 234
7330.5 234
7330.9 233
7331.3 233
7331.6 234
7332 235
7332.4 236
7332.7 238
7333.1 239
7333.4 240
7333.8 241
7334.2 242
7334.5 242
7334.9 242
7335.3 242
7335.6 242
7336 242
7336.3 242
7336.7 241
7337.1 241
7337.4 240
7337.8 239
7338.2 239
7338.5 238
7338.9 237
7339.2 237
7339.6 236
7339.8 236
7340 235
7340.2 235
7340.3 235
7340.5 234
7340.5 234
7340.9 233
7341.3 233
7341.6 234
7342 235
7342.3 236
7342.7 238
7343.1 239
7343.4 240
7343.8 241
7344.2 242
7344.5 242
7344.9 242
7345.2 242
7345.6 242
7346 242
7346.3 241
7346.7 241
7347.1 240
7347.4 240
7347.8 239
7348.1 239
7348.5 238
7348.9 237
7349.2 237
7349.6 236
7349.8 236
7350 235
7350.1 235
7350.3 234
7350.5 234
7350.5 234
7350.9 233
7351.2 233
7351.6 233
7352 235
7352.3 236
7352.7 237
7353.1 239
7353.4 240
7353.8 241
7354.1 241
7354.5 242
7354.9 242
7355.2 242
7355.6 242
7356 242
7356.3 241
7356.7 241
7357 240
7357.4 240
7357.8 239
7358.1 239
7358.5 238
7358.9 237
7359.2 237
7359.6 236
7359.8 236
7359.9 235
7360.1 235
7360.3 234
7360.5 234
7360.5 234
7360.9 233
7361.2 233
7361.6 233
7362 234
7362.3 236
7362.7 237
7363 239
7363.4 240
7363.8 241
7364.1 241
7364.5 242
7364.9 242
7365.2 242
7365.6 242
7365.9 241
7366.3 241
7366.7 241
7367 240
7367.4 240
7367.8 239
7368.1 239
7368.5 238
7368.8 237
7369.2 237
7369.6 236
7369.8 235
7369.9 235
7370.1 235
7370.3 234
7370.5 234
7370.5 234
7370.9 233
7371.2 233
7371.6 233
7371.9 234
7372.3 236
7372.7 237
7373 238
7373.4 239
7373.8 240
7374.1 241
7374.5 241
7374.8 242
7375.2 242
7375.6 241
7375.9 241
7376.3 241
7376.7 241
7377 240
7377.4 240
7377.7 239
7378.1 238
7378.5 238
7378.8 237
7379.2 236
7379.6 236
7379.7 235
7379.9 235
7380.1 235
7380.3 234
7380.5 234
7380.5 234
7380.8 233
7381.2 233
7381.6 233
7381.9 234
7382.3 235
7382.7 237
7383 238
7383.4 239
7383.7 240
7384.1 241
7384.5 241
7384.8 241
7385.2 241
7385.6 241
7385.9 241
7386.3 241
7386.6 240
7387 240
7387.4 239
7387.7 239
7388.1 238
7388.5 238
7388.8 237
7389.2 236
7389.5 236
7389.7 235
7389.9 235
7390.1 235
7390.3 234
7390.5 234
7390.5 234
7390.8 233
7391.2 233
7391.6 233
7391.9 234
7392.3 235
7392.6 237
7393 238
7393.4 239
7393.7 240
7394.1 241
7394.5 241
7394.8 241
7395.2 241
7395.5 241
7395.9 241
7396.3 241
7396.6 240
7397 240
7397.4 239
7397.7 239
7398.1 238
7398.4 238
7398.8 237
7399.2 236
7399.5 236
7399.7 235
7399.9 235
7400.1 235
7400.3 234
7400.4 234
7400.5 234
7400.8 233
7401.2 233
7401.5 233
7401.9 234
7402.3 235
7402.6 237
7403 238
7403.4 239
7403.7 240
7404.1 240
7404.4 241
7404.8 241
7405.2 241
7405.5 241
7405.9 241
7406.3 240
7406.6 240
7407 240
7407.3 239
7407.7 239
7408.1 238
7408.4 237
7408.8 237
7409.2 236
7409.5 235
7409.7 235
7409.9 235
7410.1 234
7410.2 234
7410.4 234
7410.4 234
7410.8 233
7411.2 233
7411.5 233
7411.9 234
7412.3 235
7412.6 236
7413 238
7413.3 239
7413.7 239
7414.1 240
7414.4 241
7414.8 241
7415.2 241
7415.5 241
7415.9 241
7416.2 240
7416.6 240
7417 240
7417.3 239
7417.7 239
7418.1 238
7418.4 237
7418.8 237
7419.1 236
7419.5 235
7419.7 235
7419.9 235
7420.1 234
7420.2 234
7420.4 234
7420.4 234
7420.8 233
7421.2 233
7421.5 233
7421.9 234
7422.2 235
7422.6 236
7423 237
7423.3 238
7423.7 239
7424.1 240
7424.4 240
7424.8 241
7425.1 241
7425.5 241
7425.9 240
7426.2 240
7426.6 240
7427 239
7427.3 239
7427.7 238
7428 238
7428.4 237
7428.8 237
7429.1 236
7429.5 235
7429.7 235
7429.9 235
7430 234
7430.2 234
7430.4 234
7430.4 234
7430.8 233
7431.1 232
7431.5 233
7431.9 233
7432.2 235
7432.6 236
7433 237
7433.3 238
7433.7 239
7434 240
7434.4 240
7434.8 240
7435.1 240
7435.5 240
7435.9 240
7436.2 240
7436.6 240
7436.9 239
7437.3 239
7437.7 238
7438 238
7438.4 237
7438.8 237
7439.1 236
7439.5 235
7439.7 235
7439.8 235
7440 234
7440.2 234
7440.4 234
7440.4 233
7440.8 233
7441.1 232
7441.5 233
7441.9 233
7442.2 235
7442.6 236
7442.9 237
7443.3 238
7443.7 239
7444 240
7444.4 240
7444.8 240
7445.1 240
7445.5 240
7445.8 240
7446.2 240
7446.6 240
7446.9 239
7447.3 239
7447.7 238
7448 238
7448.4 237
7448.7 236
7449.1 236
7449.5 235
7449.6 235
7449.8 234
7450 234
7450.2 234
7450.4 233
7450.4 233
7450.7 233
7451.1 232
7451.5 232
7451.8 233
7452.2 234
7452.6 236
7452.9 237
7453.3 238
7453.7 239
7454 239
7454.4 240
7454.7 240
7455.1 240
7455.5 240
7455.8 240
7456.2 240
7456.6 239
7456.9 239
7457.3 239
7457.6 238
7458 238
7458.4 237
7458.7 236
7459.1 236
7459.5 235
7459.6 235
7459.8 234
7460 234
7460.2 234
7460.4 233
7460.4 233
7460.7 233
7461.1 232
7461.5 232
7461.8 233
7462.2 234
7462.5 235
7462.9 237
7463.3 238
7463.6 238
7464 239
7464.4 240
7464.7 240
7465.1 240
7465.5 240
7465.8 240
7466.2 240
7466.5 239
7466.9 239
7467.3 238
7467.6 238
7468 237
7468.4 237
7468.7 236
7469.1 236
7469.4 235
7469.6 235
7469.8 234
7470 234
7470.2 234
7470.4 233
7470.4 233
7470.7 233
7471.1 232
7471.4 232
7471.8 233
7472.2 234
7472.5 235
7472.9 236
7473.3 237
7473.6 238
7474 239
7474.4 239
7474.7 240
7475.1 240
7475.4 240
7475.8 240
7476.2 239
7476.5 239
7476.9 239
7477.3 238
7477.6 238
7478 237
7478.3 237
7478.7 236
7479.1 236
7479.4 235
7479.6 235
7479.8 234
7480 234
7480.2 234
7480.3 233
7480.3 233
7480.7 233
7481.1 232
7481.4 232
7481.8 233
7482.2 234
7482.5 235
7482.9 236
7483.2 237
7483.6 238
7484 239
7484.3 239
7484.7 239
7485.1 240
7485.4 240
7485.8 239
7486.2 239
7486.5 239
7486.9 239
7487.2 238
7487.6 238
7488 237
7488.3 237
7488.7 236
7489.1 235
7489.4 235
7489.6 235
7489.8 234
7490 234
7490.1 234
7490.3 233
7490.3 233
7490.7 232
7491.1 232
7491.4 232
7491.8 233
7492.1 234
7492.5 235
7492.9 236
7493.2 237
7493.6 238
7494 239
7494.3 239
7494.7 239
7495.1 240
7495.4 240
7495.8 240
7496.1 239
7496.5 239
7496.9 239
7497.2 238
7497.6 238
7498 237
7498.3 237
7498.7 236
7499 236
7499.4 235
7499.6 235
7499.8 234
7500 234
7500.1 234
7500.3 233
7500.3 233
7500.7 233
7501.1 232
7501.4 232
7501.8 233
7502.2 234
7502.5 235
7502.9 236
7503.2 237
7503.6 238
7504 239
7504.3 239
7504.7 239
7505.1 240
7505.4 240
7505.8 240
7506.1 239
7506.5 239
7506.9 239
7507.2 238
7507.6 238
7508 237
7508.3 237
7508.7 236
7509 236
7509.4 235
7509.6 235
7509.8 234
7510 234
7510.2 234
7510.3 233
7510.4 233
7510.7 233
7511.1 232
7511.4 232
7511.8 233
7512.2 234
7512.5 235
7512.9 236
7513.3 237
7513.6 238
7514 239
7514.3 239
7514.7 239
7515.1 239
7515.4 240
7515.8 239
7516.2 239
7516.5 239
7516.9 239
7517.2 238
7517.6 238
7518 237
7518.3 237
7518.7 236
7519.1 236
7519.4 235
7519.6 235
7519.8 234
7520 234
7520.2 234
7520.4 233
7520.4 233
7520.7 233
7521.1 232
7521.5 232
7521.8 233
7522.2 234
7522.6 235
7522.9 236
7523.3 237
7523.6 238
7524 238
7524.4 239
7524.7 239
7525.1 239
7525.5 239
7525.8 239
7526.2 239
7526.5 239
7526.9 238
7527.3 238
7527.6 238
7528 237
7528.4 237
7528.7 236
7529.1 235
7529.4 235
7529.6 235
7529.8 234
7530 234
7530.2 234
7530.4 233
7530.4 233
7530.8 232
7531.2 232
7531.5 232
7531.9 233
7532.2 233
7532.6 235
7533 236
7533.3 237
7533.7 237
7534.1 238
7534.4 239
7534.8 239
7535.1 239
7535.5 239
7535.9 239
7536.2 239
7536.6 239
7537 238
7537.3 238
7537.7 237
7538 237
7538.4 236
7538.8 236
7539.1 235
7539.5 235
7539.7 234
7539.9 234
7540.1 234
7540.3 233
7540.5 233
7540.5 233
7540.9 232
7541.2 232
7541.6 232
7541.9 232
7542.3 233
7542.7 234
7543 235
7543.4 236
7543.8 237
7544.1 238
7544.5 238
7544.8 239
7545.2 239
7545.6 239
7545.9 239
7546.3 239
7546.7 238
7547 238
7547.4 238
7547.7 237
7548.1 237
7548.5 236
7548.8 236
7549.2 235
7549.6 234
7549.8 234
7550 234
7550.2 233
7550.4 233
7550.6 233
7550.6 233
7550.9 232
7551.3 232
7551.7 232
7552 232
7552.4 233
7552.7 234
7553.1 235
7553.5 236
7553.8 237
7554.2 237
7554.6 238
7554.9 238
7555.3 238
7555.6 238
7556 238
7556.4 238
7556.7 238
7557.1 238
7557.5 237
7557.8 237
7558.2 236
7558.5 236
7558.9 235
7559.3 235
7559.6 234
7559.8 234
7560 234
7560.2 233
7560.4 233
7560.6 233
7560.7 233
7561 232
7561.4 231
7561.7 231
7562.1 232
7562.5 233
7562.8 234
7563.2 235
7563.6 236
7563.9 236
7564.3 237
7564.6 238
7565 238
7565.4 238
7565.7 238
7566.1 238
7566.5 238
7566.8 238
7567.2 237
7567.6 237
7567.9 237
7568.3 236
7568.6 236
7569 235
7569.4 235
7569.7 234
7569.9 234
7570.1 233
7570.3 233
7570.5 233
7570.7 232
7570.8 232
7571.1 232
7571.5 231
7571.8 231
7572.2 232
7572.6 232
7572.9 233
7573.3 235
7573.7 236
7574 236
7574.4 237
7574.7 238
7575.1 238
7575.5 238
7575.8 238
7576.2 238
7576.6 238
7576.9 238
7577.3 238
7577.6 237
7578 237
7578.4 236
7578.7 236
7579.1 235
7579.5 235
7579.8 234
7580 234
7580.2 233
7580.4 233
7580.7 233
7580.9 232
7580.9 232
7581.2 232
7581.6 231
7582 231
7582.3 232
7582.7 232
7583.1 234
7583.4 235
7583.8 236
7584.1 237
7584.5 237
7584.9 238
7585.2 238
7585.6 238
7586 239
7586.3 239
7586.7 238
7587 238
7587.4 238
7587.8 238
7588.1 237
7588.5 237
7588.9 236
7589.2 236
7589.6 235
7589.9 235
7590.2 234
7590.4 234
7590.6 234
7590.8 233
7591 233
7591 233
7591.4 232
7591.7 232
7592.1 232
7592.5 232
7592.8 233
7593.2 234
7593.5 235
7593.9 236
7594.3 237
7594.6 238
7595 239
7595.4 239
7595.7 240
7596.1 240
7596.5 240
7596.8 240
7597.2 239
7597.5 239
7597.9 239
7598.3 239
7598.6 238
7599 238
7599.4 237
7599.7 237
7600.1 236
7600.3 236
7600.5 235
7600.7 235
7600.9 235
7601.2 234
7601.2 234
7601.5 234
7601.9 233
7602.3 233
7602.6 233
7603 234
7603.3 236
7603.7 237
7604.1 238
7604.4 239
7604.8 240
7605.2 240
7605.5 241
7605.9 241
7606.2 241
7606.6 241
7607 241
7607.3 241
7607.7 241
7608.1 241
7608.4 240
7608.8 240
7609.1 239
7609.5 239
7609.9 238
7610.2 238
7610.5 237
7610.7 237
7610.9 237
7611.1 236
7611.3 236
7611.3 236
7611.7 235
7612.1 235
7612.4 235
7612.8 235
7613.2 236
7613.5 237
7613.9 239
7614.2 240
7614.6 241
7615 242
7615.3 242
7615.7 243
7616.1 243
7616.4 243
7616.8 243
7617.1 243
7617.5 243
7617.9 243
7618.2 243
7618.6 242
7619 242
7619.3 242
7619.7 241
7620 241
7620.4 240
7620.6 240
7620.8 239
7621.1 239
7621.3 238
7621.5 238
7621.5 238
7621.9 237
7622.2 237
7622.6 237
7623 237
7623.3 238
7623.7 240
7624.1 241
7624.4 242
7624.8 243
7625.1 244
7625.5 245
7625.9 245
7626.2 245
7626.6 246
7627 246
7627.3 246
7627.7 246
7628.1 245
7628.4 245
7628.8 245
7629.1 244
7629.5 244
7629.9 243
7630.2 243
7630.6 242
7630.8 242
7631 242
7631.3 241
7631.5 241
7631.7 241
7631.7 240
7632.1 240
7632.4 239
7632.8 239
7633.2 240
7633.5 241
7633.9 242
7634.3 243
7634.6 244
7635 245
7635.3 246
7635.7 247
7636.1 248
7636.4 248
7636.8 248
7637.2 248
7637.5 248
7637.9 248
7638.3 248
7638.6 248
7639 247
7639.3 247
7639.7 246
7640.1 246
7640.4 245
7640.8 245
7641 244
7641.2 244
7641.5 244
7641.7 243
7641.9 243
7641.9 243
7642.3 242
7642.7 242
7643 242
7643.4 242
7643.8 243
7644.1 244
7644.5 245
7644.8 247
7645.2 248
7645.6 249
7645.9 249
7646.3 250
7646.7 250
7647 250
7647.4 251
7647.7 251
7648.1 250
7648.5 250
7648.8 250
7649.2 250
7649.6 249
7649.9 249
7650.3 248
7650.6 248
7651 247
7651.2 247
7651.5 246
7651.7 246
7651.9 246
7652.2 245
7652.2 245
7652.5 245
7652.9 244
7653.3 244
7653.6 244
7654 245
7654.3 246
7654.7 248
7655.1 249
7655.4 250
7655.8 251
7656.2 251
7656.5 252
7656.9 252
7657.3 253
7657.6 253
7658 253
7658.3 253
7658.7 252
7659.1 252
7659.4 252
7659.8 251
7660.2 251
7660.5 250
7660.9 250
7661.2 249
7661.5 249
7661.7 249
7661.9 248
7662.2 248
7662.4 247
7662.4 247
7662.8 247
7663.1 246
7663.5 246
7663.9 246
7664.2 247
7664.6 248
7665 250
7665.3 251
7665.7 252
7666 253
7666.4 253
7666.8 254
7667.1 254
7667.5 255
7667.9 255
7668.2 255
7668.6 255
7668.9 254
7669.3 254
7669.7 254
7670 253
7670.4 253
7670.8 252
7671.1 252
7671.5 251
7671.7 251
7672 250
7672.2 250
7672.4 250
7672.7 249
7672.7 249
7673.1 249
7673.4 248
7673.8 248
7674.1 248
7674.5 249
7674.9 250
7675.2 251
7675.6 252
7676 253
7676.3 254
7676.7 255
7677 256
7677.4 256
7677.8 256
7678.1 256
7678.5 256
7678.9 256
7679.2 256
7679.6 256
7679.9 255
7680.3 255
7680.7 254
7681 254
7681.4 253
7681.8 253
7682 252
7682.2 252
7682.5 252
7682.7 251
7683 251
7683 251
7683.3 250
7683.7 250
7684.1 249
7684.4 250
7684.8 251
7685.2 252
7685.5 253
7685.9 254
7686.2 255
7686.6 256
7687 256
7687.3 257
7687.7 257
7688.1 257
7688.4 258
7688.8 258
7689.1 257
7689.5 257
7689.9 257
7690.2 257
7690.6 256
7691 256
7691.3 255
7691.7 255
7692 254
7692.3 254
7692.5 253
7692.8 253
7693 253
7693.3 252
7693.3 252
7693.6 251
7694 251
7694.4 251
7694.7 251
7695.1 252
7695.5 253
7695.8 254
7696.2 255
7696.6 256
7696.9 257
7697.3 257
7697.6 258
7698 258
7698.4 259
7698.7 259
7699.1 259
7699.5 259
7699.8 258
7700.2 258
7700.5 258
7700.9 257
7701.3 257
7701.6 256
7702 256
7702.4 255
7702.6 255
7702.8 254
7703.1 254
7703.3 254
7703.6 253
7703.6 253
7704 252
7704.3 252
7704.7 252
7705.1 252
7705.4 253
7705.8 254
7706.1 255
7706.5 256
7706.9 257
7707.2 258
7707.6 258
7708 259
7708.3 259
7708.7 259
7709 259
7709.4 259
7709.8 259
7710.1 259
7710.5 259
7710.9 259
7711.2 258
7711.6 258
7711.9 257
7712.3 257
7712.7 256
7712.9 256
7713.2 255
7713.4 255
7713.7 254
7713.9 254
7713.9 254
7714.3 253
7714.7 253
7715 253
7715.4 253
7715.8 253
7716.1 254
7716.5 255
7716.8 256
7717.2 257
7717.6 258
7717.9 259
7718.3 259
7718.7 260
7719 260
7719.4 260
7719.7 260
7720.1 260
7720.5 260
7720.8 260
7721.2 259
7721.6 259
7721.9 258
7722.3 258
7722.6 257
7723 257
7723.3 256
7723.5 256
7723.8 256
7724 255
7724.3 255
7724.3 255
7724.6 254
7725 253
7725.4 253
7725.7 253
7726.1 254
7726.5 255
7726.8 256
7727.2 257
7727.5 258
7727.9 259
7728.3 260
7728.6 260
7729 261
7729.4 261
7729.7 261
7730.1 261
7730.5 261
7730.8 261
7731.2 260
7731.5 260
7731.9 260
7732.3 259
7732.6 259
7733 258
7733.4 258
7733.6 257
7733.9 257
7734.1 256
7734.4 256
7734.6 255
7734.7 255
7735 255
7735.4 254
7735.7 254
7736.1 254
7736.5 255
7736.8 256
7737.2 257
7737.6 258
7737.9 259
7738.3 260
7738.6 260
7739 261
7739.4 261
7739.7 262
7740.1 262
7740.5 262
7740.8 262
7741.2 262
7741.5 261
7741.9 261
7742.3 261
7742.6 260
7743 260
7743.4 259
7743.7 259
7744 258
7744.2 258
7744.5 257
7744.8 257
7745 257
7745 257
7745.4 256
7745.8 255
7746.1 255
7746.5 255
7746.9 256
7747.2 257
7747.6 258
7747.9 259
7748.3 260
7748.7 261
7749 262
7749.4 262
7749.8 263
7750.1 263
7750.5 263
7750.8 263
7751.2 263
7751.6 263
7751.9 263
7752.3 263
7752.7 262
7753 262
7753.4 262
7753.7 261
7754.1 261
7754.4 260
7754.6 260
7754.9 259
7755.2 259
7755.4 258
7755.4 258
7755.8 258
7756.2 257
7756.5 257
7756.9 257
7757.3 258
7757.6 259
7758 260
7758.3 261
7758.7 262
7759.1 263
7759.4 264
7759.8 264
7760.2 265
7760.5 265
7760.9 265
7761.2 266
7761.6 266
7762 265
7762.3 265
7762.7 265
7763.1 265
7763.4 264
7763.8 264
7764.2 263
7764.5 263
7764.8 262
7765.1 262
7765.3 261
7765.6 261
7765.9 260
7765.9 260
7766.2 260
7766.6 259
7767 259
7767.3 259
7767.7 260
7768.1 261
7768.4 262
7768.8 263
7769.1 264
7769.5 265
7769.9 266
7770.2 267
7770.6 267
7771 268
7771.3 268
7771.7 268
7772 268
7772.4 268
7772.8 268
7773.1 267
7773.5 267
7773.9 267
7774.2 266
7774.6 266
7774.9 265
7775.2 265
7775.5 264
7775.8 264
7776 263
7776.3 263
7776.3 263
7776.7 262
7777.1 262
7777.4 262
7777.8 262
7778.1 262
7778.5 263
7778.9 264
7779.2 266
7779.6 267
7780 268
7780.3 269
7780.7 269
7781 270
7781.4 270
7781.8 270
7782.1 271
7782.5 271
7782.9 271
7783.2 270
7783.6 270
7783.9 270
7784.3 269
7784.7 269
7785 268
7785.4 268
7785.7 268
7785.9 267
7786.2 267
7786.5 266
7786.8 266
7786.8 266
7787.1 265
7787.5 264
7787.9 264
7788.2 264
7788.6 265
7789 266
7789.3 267
7789.7 268
7790 269
7790.4 270
7790.8 271
7791.1 272
7791.5 272
7791.9 273
7792.2 273
7792.6 273
7793 273
7793.3 273
7793.7 273
7794 273
7794.4 272
7794.8 272
7795.1 272
7795.5 271
7795.9 271
7796.1 270
7796.4 270
7796.7 269
7797 269
7797.3 268
7797.3 268
7797.6 268
7798 267
7798.4 267
7798.7 267
7799.1 268
7799.4 269
7799.8 270
7800.2 271
7800.5 272
7800.9 273
7801.3 274
7801.6 274
7802 275
7802.3 275
7802.7 276
7803.1 276
7803.4 276
7803.8 276
7804.2 276
7804.5 275
7804.9 275
7805.2 275
7805.6 274
7806 274
7806.3 273
7806.6 273
7806.9 272
7807.2 272
7807.5 271
7807.7 271
7807.8 271
7808.1 270
7808.5 270
7808.8 269
7809.2 269
7809.6 270
7809.9 271
7810.3 272
7810.7 273
7811 274
7811.4 275
7811.7 276
7812.1 277
7812.5 277
7812.8 278
7813.2 278
7813.6 278
7813.9 278
7814.3 278
7814.6 278
7815 278
7815.4 277
7815.7 277
7816.1 276
7816.5 276
7816.8 275
7817.1 275
7817.4 275
7817.7 274
7818 274
7818.3 273
7818.3 273
7818.6 272
7819 272
7819.4 271
7819.7 272
7820.1 272
7820.4 273
7820.8 274
7821.2 275
7821.5 276
7821.9 277
7822.3 278
7822.6 279
7823 279
7823.3 280
7823.7 280
7824.1 280
7824.4 280
7824.8 280
7825.2 280
7825.5 280
7825.9 279
7826.2 279
7826.6 278
7827 278
7827.3 277
7827.6 277
7827.9 276
7828.2 276
7828.5 275
7828.8 275
7828.8 275
7829.2 274
7829.5 274
7829.9 273
7830.2 273
7830.6 274
7831 275
7831.3 276
7831.7 277
7832.1 278
7832.4 279
7832.8 280
7833.2 280
7833.5 281
7833.9 281
7834.2 281
7834.6 282
7835 282
7835.3 282
7835.7 281
7836.1 281
7836.4 281
7836.8 280
7837.1 280
7837.5 280
7837.9 279
7838.2 279
7838.5 278
7838.8 278
7839 277
7839.3 277
7839.4 277
7839.7 276
7840.1 275
7840.4 275
7840.8 275
7841.2 276
7841.5 276
7841.9 277
7842.3 278
7842.6 279
7843 280
7843.3 281
7843.7 282
7844.1 282
7844.4 283
7844.8 283
7845.2 283
7845.5 283
7845.9 283
7846.2 283
7846.6 283
7847 282
7847.3 282
7847.7 281
7848.1 281
7848.4 280
7848.7 280
7849 280
7849.3 279
7849.6 279
7849.9 278
7849.9 278
7850.3 277
7850.6 277
7851 276
7851.4 276
7851.7 277
7852.1 278
7852.5 279
7852.8 280
7853.2 281
7853.5 281
7853.9 282
7854.3 283
7854.6 283
7855 284
7855.4 284
7855.7 284
7856.1 284
7856.4 284
7856.8 284
7857.2 284
7857.5 283
7857.9 283
7858.3 283
7858.6 282
7859 282
7859.3 281
7859.6 281
7859.9 280
7860.2 280
7860.5 279
7860.5 279
7860.9 278
7861.2 278
7861.6 277
7862 278
7862.3 278
7862.7 279
7863 280
7863.4 281
7863.8 282
7864.1 282
7864.5 283
7864.9 284
7865.2 284
7865.6 285
7865.9 285
7866.3 285
7866.7 285
7867 285
7867.4 285
7867.8 285
7868.1 284
7868.5 284
7868.8 283
7869.2 283
7869.6 283
7869.9 282
7870.2 282
7870.5 281
7870.8 281
7871.1 280
7871.1 280
7871.5 279
7871.8 279
7872.2 278
7872.6 278
7872.9 279
7873.3 279
7873.7 280
7874 281
7874.4 282
7874.7 283
7875.1 284
7875.5 284
7875.8 285
7876.2 285
7876.6 286
7876.9 286
7877.3 286
7877.6 286
7878 285
7878.4 285
7878.7 285
7879.1 285
7879.5 284
7879.8 284
7880.2 283
7880.5 283
7880.8 282
7881.1 282
7881.4 281
7881.7 281
7881.7 281
7882.1 280
7882.5 279
7882.8 279
7883.2 279
7883.5 279
7883.9 280
7884.3 281
7884.6 282
7885 283
7885.4 284
7885.7 284
7886.1 285
7886.4 285
7886.8 286
7887.2 286
7887.5 286
7887.9 286
7888.3 286
7888.6 286
7889 286
7889.4 285
7889.7 285
7890.1 285
7890.4 284
7890.8 284
7891.1 283
7891.4 283
7891.7 282
7892.1 282
7892.4 281
7892.4 281
7892.7 280
7893.1 280
7893.5 280
7893.8 279
7894.2 280
7894.6 281
7894.9 281
7895.3 282
7895.6 283
7896 284
7896.4 285
7896.7 285
7897.1 286
7897.5 286
7897.8 287
7898.2 287
7898.5 287
7898.9 287
7899.3 286
7899.6 286
7900 286
7900.4 286
7900.7 285
7901.1 285
7901.4 284
7901.8 284
7902.1 283
7902.4 283
7902.7 282
7903 282
7903 282
7903.4 281
7903.8 280
7904.1 280
7904.5 280
7904.9 280
7905.2 281
7905.6 282
7905.9 283
7906.3 284
7906.7 284
7907 285
7907.4 286
7907.8 286
7908.1 287
7908.5 287
7908.8 287
7909.2 287
7909.6 287
7909.9 287
7910.3 287
7910.7 287
7911 286
7911.4 286
7911.7 286
7912.1 285
7912.4 285
7912.7 284
7913.1 284
7913.4 283
7913.7 282
7913.7 282
7914.1 282
7914.5 281
7914.8 281
7915.2 281
7915.5 281
7915.9 282
7916.3 283
7916.6 284
7917 285
7917.4 285
7917.7 286
7918.1 287
7918.4 287
7918.8 288
7919.2 288
7919.5 288
7919.9 289
7920.3 289
7920.6 288
7921 288
7921.3 288
7921.7 288
7922.1 287
7922.4 287
7922.8 286
7923.1 286
7923.4 285
7923.8 285
7924.1 284
7924.4 284
7924.4 284
7924.8 283
7925.2 283
7925.5 282
7925.9 282
7926.2 283
7926.6 283
7927 284
7927.3 285
7927.7 286
7928.1 287
7928.4 288
7928.8 288
7929.2 289
7929.5 290
7929.9 290
7930.2 290
7930.6 290
7931 290
7931.3 290
7931.7 290
7932.1 290
7932.4 289
7932.8 289
7933.1 289
7933.5 288
7933.8 288
7934.2 287
7934.5 287
7934.8 286
7935.1 286
7935.2 286
7935.5 285
7935.9 285
7936.2 284
7936.6 284
7937 284
7937.3 285
7937.7 286
7938.1 287
7938.4 288
7938.8 289
7939.1 290
7939.5 290
7939.9 291
7940.2 292
7940.6 292
7941 292
7941.3 292
7941.7 292
7942 292
7942.4 292
7942.8 292
7943.1 292
7943.5 291
7943.9 291
7944.2 290
7944.6 290
7944.9 290
7945.2 289
7945.6 289
7945.9 288
7945.9 288
7946.3 287
7946.6 287
7947 286
7947.3 286
7947.7 287
7948.1 287
7948.4 288
7948.8 289
7949.2 290
7949.5 291
7949.9 292
7950.3 293
7950.6 293
7951 294
7951.3 294
7951.7 294
7952.1 295
7952.4 295
7952.8 295
7953.2 295
7953.5 294
7953.9 294
7954.2 294
7954.6 293
7955 293
7955.3 292
7955.6 292
7956 291
7956.3 291
7956.7 290
7956.7 290
7957 290
7957.4 289
7957.8 289
7958.1 289
7958.5 289
7958.8 290
7959.2 290
7959.6 291
7959.9 292
7960.3 293
7960.7 294
7961 295
7961.4 296
7961.7 296
7962.1 297
7962.5 297
7962.8 297
7963.2 297
7963.6 297
7963.9 297
7964.3 297
7964.6 296
7965 296
7965.4 296
7965.7 295
7966.1 295
7966.4 294
7966.8 294
7967.1 293
7967.4 293
7967.4 293
7967.8 292
7968.2 291
7968.5 291
7968.9 291
7969.3 291
7969.6 292
7970 293
7970.3 294
7970.7 295
7971.1 296
7971.4 297
7971.8 297
7972.2 298
7972.5 298
7972.9 299
7973.2 299
7973.6 299
7974 299
7974.3 299
7974.7 299
7975.1 299
7975.4 299
7975.8 298
7976.1 298
7976.5 298
7976.9 297
7977.2 297
7977.5 296
7977.9 296
7978.2 295
7978.2 295
7978.6 294
7979 294
7979.3 293
7979.7 293
7980.1 294
7980.4 294
7980.8 295
7981.1 296
7981.5 297
7981.9 298
7982.2 299
7982.6 299
7983 300
7983.3 300
7983.7 301
7984 301
7984.4 301
7984.8 301
7985.1 301
7985.5 301
7985.9 301
7986.2 301
7986.6 300
7986.9 300
7987.3 300
7987.7 299
7988 299
7988.4 298
7988.7 298
7989.1 297
7989.1 297
7989.4 296
7989.8 296
7990.2 295
7990.5 295
7990.9 295
7991.2 296
7991.6 297
7992 298
7992.3 299
7992.7 300
7993.1 300
7993.4 301
7993.8 302
7994.1 302
7994.5 303
7994.9 303
7995.2 303
7995.6 303
7996 303
7996.3 303
7996.7 303
7997 302
7997.4 302
7997.8 302
7998.1 301
7998.5 301
7998.8 300
7999.2 300
7999.6 299
7999.9 299
7999.9 299
8000.3 298
8000.6 298
8001 297
8001.4 297
8001.7 297
8002.1 298
8002.5 298
8002.8 299
8003.2 300
8003.5 301
8003.9 302
8004.3 303
8004.6 303
8005 304
8005.4 304
8005.7 304
8006.1 305
8006.4 305
8006.8 305
8007.2 304
8007.5 304
8007.9 304
8008.3 304
8008.6 303
8009 303
8009.3 302
8009.7 302
8010.1 301
8010.4 301
8010.8 300
8010.8 300
8011.2 300
8011.5 299
8011.9 299
8012.2 298
8012.6 299
8013 299
8013.3 300
8013.7 301
8014.1 302
8014.4 303
8014.8 303
8015.1 304
8015.5 305
8015.9 305
8016.2 306
8016.6 306
8017 306
8017.3 306
8017.7 306
8018 306
8018.4 306
8018.8 305
8019.1 305
8019.5 305
8019.9 304
8020.2 304
8020.6 303
8020.9 303
8021.3 302
8021.7 302
8021.7 302
8022 301
8022.4 301
8022.8 300
8023.1 300
8023.5 300
8023.8 301
8024.2 301
8024.6 302
8024.9 303
8025.3 304
8025.7 305
8026 305
8026.4 306
8026.7 306
8027.1 307
8027.5 307
8027.8 307
8028.2 307
8028.6 307
8028.9 307
8029.3 307
8029.7 307
8030 306
8030.4 306
8030.7 306
8031.1 305
8031.5 305
8031.8 304
8032.2 304
8032.6 303
8032.6 303
8032.9 302
8033.3 302
8033.7 301
8034 301
8034.4 301
8034.7 302
8035.1 303
8035.5 303
8035.8 304
8036.2 305
8036.6 306
8036.9 306
8037.3 307
8037.6 307
8038 308
8038.4 308
8038.7 308
8039.1 308
8039.5 308
8039.8 308
8040.2 308
8040.5 308
8040.9 307
8041.3 307
8041.6 307
8042 306
8042.4 306
8042.7 305
8043.1 304
8043.5 304
8043.5 304
8043.8 303
8044.2 303
8044.6 302
8044.9 302
8045.3 302
8045.7 303
8046 303
8046.4 304
8046.7 305
8047.1 306
8047.5 306
8047.8 307
8048.2 308
8048.6 308
8048.9 308
8049.3 309
8049.6 309
8050 309
8050.4 309
8050.7 309
8051.1 309
8051.5 308
8051.8 308
8052.2 308
8052.5 307
8052.9 307
8053.3 306
8053.7 306
8054 305
8054.4 304
8054.4 304
8054.8 304
8055.2 303
8055.5 303
8055.9 303
8056.2 303
8056.6 303
8057 304
8057.3 305
8057.7 305
8058.1 306
8058.4 307
8058.8 307
8059.1 308
8059.5 308
8059.9 309
8060.2 309
8060.6 309
8061 309
8061.3 309
8061.7 309
8062 309
8062.4 309
8062.8 308
8063.1 308
8063.5 308
8063.9 307
8064.2 307
8064.6 306
8065 305
8065.4 305
8065.4 305
8065.8 304
8066.1 304
8066.5 303
8066.8 303
8067.2 303
8067.6 304
8067.9 304
8068.3 305
8068.7 306
8069 306
8069.4 307
8069.7 308
8070.1 308
8070.5 309
8070.8 309
8071.2 309
8071.6 310
8071.9 310
8072.3 310
8072.6 309
8073 309
8073.4 309
8073.7 309
8074.1 308
8074.5 308
8074.8 307
8075.2 307
8075.6 306
8076 306
8076.4 305
8076.4 305
8076.7 305
8077.1 304
8077.5 303
8077.8 303
8078.2 303
8078.6 304
8078.9 304
8079.3 305
8079.6 306
8080 307
8080.4 307
8080.7 308
8081.1 309
8081.5 309
8081.8 309
8082.2 310
8082.6 310
8082.9 310
8083.3 310
8083.6 310
8084 310
8084.4 309
8084.7 309
8085.1 309
8085.5 308
8085.8 308
8086.2 307
8086.6 307
8087 306
8087.4 306
8087.4 306
8087.7 305
8088.1 304
8088.5 304
8088.8 304
8089.2 304
8089.6 304
8089.9 305
8090.3 306
8090.7 306
8091 307
8091.4 308
8091.7 309
8092.1 309
8092.5 310
8092.8 310
8093.2 310
8093.6 311
8093.9 311
8094.3 311
8094.6 311
8095 311
8095.4 310
8095.7 310
8096.1 310
8096.5 309
8096.8 309
8097.2 308
8097.6 308
8098 307
8098.4 307
8098.4 307
8098.8 306
8099.1 306
8099.5 305
8099.9 305
8100.2 305
8100.6 305
8101 306
8101.3 307
8101.7 308
8102 308
8102.4 309
8102.8 310
8103.1 310
8103.5 311
8103.9 311
8104.2 312
8104.6 312
8104.9 312
8105.3 312
8105.7 312
8106 312
8106.4 312
8106.8 312
8107.1 311
8107.5 311
8107.9 310
8108.3 310
8108.7 309
8109.1 309
8109.5 308
8109.5 308
8109.8 308
8110.2 307
8110.6 307
8110.9 306
8111.3 307
8111.6 307
8112 308
8112.4 308
8112.7 309
8113.1 310
8113.5 311
8113.8 311
8114.2 312
8114.5 313
8114.9 313
8115.3 313
8115.6 314
8116 314
8116.4 314
8116.7 314
8117.1 314
8117.4 314
8117.8 313
8118.2 313
8118.5 313
8118.9 312
8119.3 312
8119.7 311
8120.1 311
8120.5 310
8120.5 310
8120.9 310
8121.3 309
8121.6 308
8122 308
8122.3 308
8122.7 309
8123.1 309
8123.4 310
8123.8 311
8124.2 312
8124.5 313
8124.9 313
8125.2 314
8125.6 315
8126 315
8126.3 315
8126.7 316
8127.1 316
8127.4 316
8127.8 316
8128.2 316
8128.5 316
8128.9 315
8129.2 315
8129.6 315
8130 314
8130.4 314
8130.8 313
8131.2 313
8131.6 312
8131.6 312
8132 312
8132.3 311
8132.7 311
8133.1 310
8133.4 310
8133.8 311
8134.2 311
8134.5 312
8134.9 313
8135.3 314
8135.6 315
8136 315
8136.3 316
8136.7 317
8137.1 317
8137.4 317
8137.8 318
8138.2 318
8138.5 318
8138.9 318
8139.2 318
8139.6 318
8140 317
8140.3 317
8140.7 317
8141.1 316
8141.5 316
8141.9 315
8142.3 315
8142.7 314
8142.7 314
8143.1 314
8143.5 313
8143.8 313
8144.2 312
8144.6 313
8144.9 313
8145.3 313
8145.6 314
8146 315
8146.4 316
8146.7 317
8147.1 317
8147.5 318
8147.8 319
8148.2 319
8148.5 319
8148.9 320
8149.3 320
8149.6 320
8150 320
8150.4 320
8150.7 320
8151.1 319
8151.4 319
8151.8 319
8152.2 318
8152.6 318
8153 317
8153.5 317
8153.9 316
8153.9 316
8154.2 316
8154.6 315
8155 315
8155.3 314
8155.7 314
8156.1 315
8156.4 315
8156.8 316
8157.1 317
8157.5 318
8157.9 318
8158.2 319
8158.6 320
8159 320
8159.3 321
8159.7 321
8160 321
8160.4 322
8160.8 322
8161.1 322
8161.5 322
8161.9 321
8162.2 321
8162.6 321
8163 321
8163.4 320
8163.8 320
8164.2 319
8164.6 319
8165 318
8165.1 318
8165.4 317
8165.8 317
8166.1 316
8166.5 316
8166.9 316
8167.2 317
8167.6 317
8168 318
8168.3 319
8168.7 319
8169 320
8169.4 321
8169.8 321
8170.1 322
8170.5 322
8170.9 323
8171.2 323
8171.6 323
8171.9 323
8172.3 323
8172.7 323
8173 323
8173.4 323
8173.8 323
8174.1 322
8174.5 322
8175 321
8175.4 321
8175.8 320
8176.2 320
8176.2 320
8176.6 319
8177 318
8177.3 318
8177.7 318
8178 318
8178.4 318
8178.8 319
8179.1 319
8179.5 320
8179.9 321
8180.2 322
8180.6 322
8180.9 323
8181.3 323
8181.7 324
8182 324
8182.4 324
8182.8 324
8183.1 325
8183.5 325
8183.8 325
8184.2 324
8184.6 324
8184.9 324
8185.3 324
8185.7 323
8186.1 323
8186.6 322
8187 322
8187.4 321
8187.4 321
8187.8 320
8188.2 320
8188.5 319
8188.9 319
8189.3 319
8189.6 319
8190 320
8190.3 321
8190.7 321
8191.1 322
8191.4 323
8191.8 323
8192.2 324
8192.5 324
8192.9 325
8193.2 325
8193.6 325
8194 326
8194.3 326
8194.7 326
8195.1 326
8195.4 325
8195.8 325
8196.1 325
8196.5 325
8196.9 324
8197.4 324
8197.8 323
8198.2 323
8198.7 322
8198.7 322
8199 321
8199.4 321
8199.8 320
8200.1 320
8200.5 320
8200.8 320
8201.2 321
8201.6 322
8201.9 322
8202.3 323
8202.7 324
8203 324
8203.4 325
8203.7 325
8204.1 326
8204.5 326
8204.8 326
8205.2 326
8205.6 327
8205.9 327
8206.3 326
8206.6 326
8207 326
8207.4 326
8207.7 326
8208.2 325
8208.6 325
8209 324
8209.5 324
8209.9 323
8209.9 323
8210.3 322
8210.6 322
8211 321
8211.4 321
8211.7 321
8212.1 321
8212.5 322
8212.8 322
8213.2 323
8213.5 324
8213.9 324
8214.3 325
8214.6 326
8215 326
8215.4 326
8215.7 327
8216.1 327
8216.4 327
8216.8 327
8217.2 327
8217.5 327
8217.9 327
8218.3 327
8218.6 327
8219 326
8219.4 326
8219.9 325
8220.3 325
8220.7 324
8221.2 324
8221.2 324
8221.5 323
8221.9 322
8222.3 322
8222.6 322
8223 322
8223.4 322
8223.7 322
8224.1 323
8224.4 324
8224.8 324
8225.2 325
8225.5 326
8225.9 326
8226.3 327
8226.6 327
8227 327
8227.3 327
8227.7 328
8228.1 328
8228.4 328
8228.8 328
8229.2 328
8229.5 327
8229.9 327
8230.3 327
8230.7 326
8231.1 326
8231.6 325
8232 325
8232.5 324
8232.5 324
8232.8 323
8233.2 323
8233.6 322
8233.9 322
8234.3 322
8234.7 322
8235 323
8235.4 323
8235.7 324
8236.1 325
8236.5 325
8236.8 326
8237.2 327
8237.6 327
8237.9 327
8238.3 328
8238.6 328
8239 328
8239.4 328
8239.7 328
8240.1 328
8240.5 328
8240.8 328
8241.2 327
8241.5 327
8242 327
8242.4 326
8242.9 326
8243.3 325
8243.8 324
8243.8 324
8244.2 324
8244.5 323
8244.9 323
8245.3 322
8245.6 322
8246 323
8246.3 323
8246.7 324
8247.1 324
8247.4 325
8247.8 325
8248.2 326
8248.5 327
8248.9 327
8249.2 328
8249.6 328
8250 328
8250.3 328
8250.7 328
8251.1 328
8251.4 328
8251.8 328
8252.1 328
8252.5 328
8252.9 328
8253.3 327
8253.8 327
8254.2 326
8254.7 325
8255.1 325
8255.2 325
8255.5 324
8255.9 324
8256.2 323
8256.6 323
8257 323
8257.3 323
8257.7 323
8258.1 324
8258.4 325
8258.8 325
8259.1 326
8259.5 327
8259.9 327
8260.2 328
8260.6 328
8261 328
8261.3 329
8261.7 329
8262 329
8262.4 329
8262.8 329
8263.1 329
8263.5 329
8263.9 329
8264.2 328
8264.7 328
8265.1 327
8265.6 327
8266.1 326
8266.5 326
8266.5 326
8266.9 325
8267.2 325
8267.6 324
8268 324
8268.3 324
8268.7 324
8269.1 324
8269.4 325
8269.8 326
8270.1 326
8270.5 327
8270.9 328
8271.2 328
8271.6 329
8272 329
8272.3 330
8272.7 330
8273 330
8273.4 330
8273.8 330
8274.1 330
8274.5 330
8274.9 330
8275.2 330
8275.6 330
8276 329
8276.5 329
8277 328
8277.4 328
8277.9 327
8277.9 327
8278.3 326
8278.6 326
8279 326
8279.4 325
8279.7 325
8280.1 325
8280.4 326
8280.8 326
8281.2 327
8281.5 328
8281.9 328
8282.3 329
8282.6 330
8283 330
8283.4 331
8283.7 331
8284.1 331
8284.4 332
8284.8 332
8285.2 332
8285.5 332
8285.9 332
8286.3 332
8286.6 332
8287 331
8287.4 331
8287.9 330
8288.4 330
8288.8 329
8289.3 329
8289.3 329
8289.7 328
8290 328
8290.4 327
8290.8 327
8291.1 327
8291.5 327
8291.9 328
8292.2 328
8292.6 329
8292.9 329
8293.3 330
8293.7 331
8294 331
8294.4 332
8294.8 333
8295.1 333
8295.5 333
8295.8 333
8296.2 334
8296.6 334
8296.9 334
8297.3 334
8297.7 334
8298 333
8298.4 333
8298.9 333
8299.3 332
8299.8 332
8300.3 331
8300.7 331
8300.7 331
8301.1 330
8301.5 330
8301.8 329
8302.2 329
8302.6 329
8302.9 329
8303.3 329
8303.6 330
8304 331
8304.4 331
8304.7 332
8305.1 333
8305.5 333
8305.8 334
8306.2 334
8306.5 335
8306.9 335
8307.3 335
8307.6 336
8308 336
8308.4 336
8308.7 336
8309.1 336
8309.4 335
8309.8 335
8310.3 335
8310.8 334
8311.2 334
8311.7 333
8312.2 333
8312.2 333
8312.6 332
8312.9 332
8313.3 331
8313.7 331
8314 331
8314.4 331
8314.7 331
8315.1 332
8315.5 333
8315.8 333
8316.2 334
8316.6 335
8316.9 335
8317.3 336
8317.6 336
8318 337
8318.4 337
8318.7 337
8319.1 338
8319.5 338
8319.8 338
8320.2 338
8320.5 338
8320.9 337
8321.3 337
8321.8 337
8322.2 336
8322.7 336
8323.2 335
8323.7 335
8323.7 335
8324.1 334
8324.4 334
8324.8 333
8325.1 333
8325.5 333
8325.9 333
8326.2 333
8326.6 334
8327 334
8327.3 335
8327.7 336
8328 336
8328.4 337
8328.8 338
8329.1 338
8329.5 339
8329.9 339
8330.2 339
8330.6 339
8330.9 339
8331.3 339
8331.7 339
8332 339
8332.4 339
8332.8 339
8333.2 339
8333.7 338
8334.2 338
8334.7 337
8335.2 336
8335.2 336
8335.6 336
8335.9 335
8336.3 335
8336.7 335
8337 334
8337.4 335
8337.7 335
8338.1 336
8338.5 336
8338.8 337
8339.2 337
8339.6 338
8339.9 339
8340.3 339
8340.6 340
8341 340
8341.4 340
8341.7 341
8342.1 341
8342.5 341
8342.8 341
8343.2 341
8343.5 341
8343.9 341
8344.3 340
8344.8 340
8345.3 340
8345.7 339
8346.2 339
8346.7 338
8346.7 338
8347.1 337
8347.5 337
8347.8 336
8348.2 336
8348.5 336
8348.9 336
8349.3 336
8349.6 337
8350 338
8350.4 338
8350.7 339
8351.1 339
8351.4 340
8351.8 341
8352.2 341
8352.5 341
8352.9 342
8353.3 342
8353.6 342
8354 342
8354.3 342
8354.7 342
8355.1 342
8355.4 342
8355.8 342
8356.3 341
8356.8 341
8357.3 340
8357.8 340
8358.3 339
8358.3 339
8358.6 339
8359 338
8359.4 338
8359.7 337
8360.1 337
8360.5 337
8360.8 338
8361.2 338
8361.5 339
8361.9 339
8362.3 340
8362.6 341
8363 341
8363.4 342
8363.7 342
8364.1 343
8364.5 343
8364.8 343
8365.2 343
8365.5 343
8365.9 343
8366.3 343
8366.6 343
8367 343
8367.4 343
8367.9 342
8368.3 342
8368.8 342
8369.3 341
8369.8 340
8369.9 340
8370.2 340
8370.6 339
8370.9 339
8371.3 338
8371.7 338
8372 338
8372.4 339
8372.8 339
8373.1 340
8373.5 340
8373.8 341
8374.2 342
8374.6 342
8374.9 343
8375.3 343
8375.7 343
8376 344
8376.4 344
8376.7 344
8377.1 344
8377.5 344
8377.8 344
8378.2 344
8378.6 344
8378.9 344
8379.4 343
8379.9 343
8380.4 342
8380.9 342
8381.4 341
8381.4 341
8381.8 341
8382.2 340
8382.5 340
8382.9 339
8383.3 339
8383.6 339
8384 340
8384.3 340
8384.7 341
8385.1 341
8385.4 342
8385.8 342
8386.2 343
8386.5 343
8386.9 344
8387.3 344
8387.6 344
8388 345
8388.3 345
8388.7 345
8389.1 345
8389.4 345
8389.8 345
8390.2 345
8390.5 344
8391 344
8391.5 344
8392 343
8392.6 342
8393.1 342
8393.1 342
8393.4 341
8393.8 341
8394.2 340
8394.5 340
8394.9 340
8395.2 340
8395.6 340
8396 341
8396.3 341
8396.7 342
8397.1 342
8397.4 343
8397.8 343
8398.2 344
8398.5 344
8398.9 345
8399.2 345
8399.6 345
8400 345
8400.3 345
8400.7 345
8401.1 345
8401.4 345
8401.8 345
8402.1 345
8402.7 345
8403.2 344
8403.7 344
8404.2 343
8404.7 342
8404.7 342
8405.1 342
8405.5 341
8405.8 341
8406.2 341
8406.5 340
8406.9 340
8407.3 341
8407.6 341
8408 342
8408.4 342
8408.7 343
8409.1 343
8409.4 344
8409.8 344
8410.2 345
8410.5 345
8410.9 345
8411.3 345
8411.6 346
8412 346
8412.3 346
8412.7 346
8413.1 346
8413.4 345
8413.8 345
8414.3 345
8414.8 344
8415.4 344
8415.9 343
8416.4 343
8416.4 343
8416.8 342
8417.1 342
8417.5 341
8417.9 341
8418.2 341
8418.6 341
8418.9 341
8419.3 341
8419.7 342
8420 342
8420.4 343
8420.8 344
8421.1 344
8421.5 345
8421.8 345
8422.2 345
8422.6 346
8422.9 346
8423.3 346
8423.7 346
8424 346
8424.4 346
8424.8 346
8425.1 346
8425.5 345
8426 345
8426.5 345
8427 344
8427.6 343
8428.1 343
8428.1 343
8428.5 342
8428.8 342
8429.2 341
8429.6 341
8429.9 341
8430.3 341
8430.6 341
8431 341
8431.4 342
8431.7 342
8432.1 343
8432.5 343
8432.8 344
8433.2 344
8433.5 345
8433.9 345
8434.3 346
8434.6 346
8435 346
8435.4 346
8435.7 346
8436.1 346
8436.4 346
8436.8 346
8437.2 346
8437.7 345
8438.2 345
8438.8 344
8439.3 344
8439.8 343
8439.8 343
8440.2 342
8440.6 342
8440.9 341
8441.3 341
8441.6 341
8442 341
8442.4 341
8442.7 342
8443.1 342
8443.5 343
8443.8 343
8444.2 344
8444.5 344
8444.9 345
8445.3 345
8445.6 346
8446 346
8446.4 346
8446.7 346
8447.1 346
8447.4 346
8447.8 346
8448.2 346
8448.5 346
8448.9 346
8449.4 346
8450 345
8450.5 345
8451 344
8451.6 344
8451.6 343
8451.9 343
8452.3 343
8452.7 342
8453 342
8453.4 342
8453.8 342
8454.1 342
8454.5 342
8454.8 343
8455.2 343
8455.6 344
8455.9 344
8456.3 345
8456.7 345
8457 346
8457.4 346
8457.7 347
8458.1 347
8458.5 347
8458.8 347
8459.2 347
8459.6 347
8459.9 347
8460.3 347
8460.7 347
8461.2 347
8461.7 346
8462.3 346
8462.8 345
8463.3 345
8463.4 345
8463.7 344
8464.1 344
8464.4 343
8464.8 343
8465.2 343
8465.5 343
8465.9 343
8466.3 343
8466.6 344
8467 344
8467.3 345
8467.7 346
8468.1 346
8468.4 347
8468.8 347
8469.2 348
8469.5 348
8469.9 348
8470.2 348
8470.6 349
8471 349
8471.3 349
8471.7 349
8472.1 349
8472.4 348
8473 348
8473.5 348
8474 347
8474.6 347
8475.1 346
8475.1 346
8475.5 346
8475.9 345
8476.2 345
8476.6 344
8477 344
8477.3 344
8477.7 344
8478 345
8478.4 345
8478.8 346
8479.1 346
8479.5 347
8479.9 348
8480.2 348
8480.6 349
8481 349
8481.3 349
8481.7 350
8482 350
8482.4 350
8482.8 350
8483.1 350
8483.5 350
8483.9 350
8484.2 350
8484.8 350
8485.3 349
8485.9 349
8486.4 348
8487 348
8487 348
8487.3 347
8487.7 347
8488.1 346
8488.4 346
8488.8 346
8489.1 346
8489.5 346
8489.9 346
8490.2 347
8490.6 347
8491 348
8491.3 349
8491.7 349
8492.1 350
8492.4 350
8492.8 351
8493.1 351
8493.5 351
8493.9 352
8494.2 352
8494.6 352
8495 352
8495.3 352
8495.7 352
8496 352
8496.6 351
8497.2 351
8497.7 350
8498.3 350
8498.8 349
8498.8 349
8499.2 349
8499.6 348
8499.9 348
8500.3 348
8500.6 348
8501 348
8501.4 348
8501.7 348
8502.1 349
8502.5 349
8502.8 350
8503.2 350
8503.5 351
8503.9 351
8504.3 352
8504.6 352
8505 353
8505.4 353
8505.7 353
8506.1 353
8506.4 353
8506.8 353
8507.2 353
8507.5 353
8507.9 353
8508.5 353
8509 353
8509.6 352
8510.1 352
8510.7 351
8510.7 351
8511.1 351
8511.4 350
8511.8 350
8512.2 349
8512.5 349
8512.9 349
8513.2 349
8513.6 350
8514 350
8514.3 351
8514.7 351
8515.1 352
8515.4 352
8515.8 353
8516.1 353
8516.5 354
8516.9 354
8517.2 354
8517.6 355
8518 355
8518.3 355
8518.7 355
8519 355
8519.4 355
8519.8 355
8520.3 355
8520.9 354
8521.5 354
8522 353
8522.6 353
8522.6 353
8523 352
8523.3 352
8523.7 351
8524.1 351
8524.4 351
8524.8 351
8525.1 351
8525.5 351
8525.9 352
8526.2 352
8526.6 353
8527 353
8527.3 354
8527.7 354
8528 355
8528.4 355
8528.8 356
8529.1 356
8529.5 356
8529.9 356
8530.2 356
8530.6 356
8530.9 356
8531.3 356
8531.7 356
8532.2 356
8532.8 356
8533.4 355
8533.9 355
8534.5 354
8534.5 354
8534.9 353
8535.2 353
8535.6 353
8536 352
8536.3 352
8536.7 352
8537.1 352
8537.4 353
8537.8 353
8538.1 354
8538.5 354
8538.9 355
8539.2 355
8539.6 356
8540 356
8540.3 357
8540.7 357
8541 357
8541.4 357
8541.8 357
8542.1 358
8542.5 358
8542.9 358
8543.2 358
8543.6 357
8544.2 357
8544.7 357
8545.3 356
8545.9 356
8546.4 355
8546.5 355
8546.8 355
8547.2 354
8547.5 354
8547.9 353
8548.3 353
8548.6 353
8549 353
8549.4 354
8549.7 354
8550.1 355
8550.4 355
8550.8 356
8551.2 356
8551.5 357
8551.9 357
8552.3 358
8552.6 358
8553 358
8553.3 358
8553.7 358
8554.1 359
8554.4 359
8554.8 359
8555.2 359
8555.5 358
8556.1 358
8556.7 358
8557.3 357
8557.8 357
8558.4 356
8558.4 356
8558.8 356
8559.2 355
8559.5 355
8559.9 354
8560.2 354
8560.6 354
8561 354
8561.3 355
8561.7 355
8562.1 356
8562.4 356
8562.8 357
8563.1 357
8563.5 358
8563.9 358
8564.2 358
8564.6 359
8565 359
8565.3 359
8565.7 359
8566 359
8566.4 359
8566.8 359
8567.1 359
8567.5 359
8568.1 359
8568.7 359
8569.3 358
8569.8 357
8570.4 357
8570.4 357
8570.8 356
8571.2 356
8571.5 356
8571.9 355
8572.2 355
8572.6 355
8573 355
8573.3 355
8573.7 356
8574.1 356
8574.4 357
8574.8 357
8575.2 358
8575.5 358
8575.9 359
8576.2 359
8576.6 359
8577 360
8577.3 360
8577.7 360
8578.1 360
8578.4 360
8578.8 360
8579.1 360
8579.5 360
8580.1 360
8580.7 359
8581.3 359
8581.9 358
8582.5 357
8582.5 357
8582.8 357
8583.2 357
8583.6 356
8583.9 356
8584.3 356
8584.6 356
8585 356
8585.4 356
8585.7 356
8586.1 357
8586.5 357
8586.8 358
8587.2 358
8587.6 359
8587.9 359
8588.3 360
8588.6 360
8589 360
8589.4 360
8589.7 360
8590.1 361
8590.5 361
8590.8 361
8591.2 361
8591.5 360
8592.1 360
8592.7 360
8593.3 359
8593.9 359
8594.5 358
8594.5 358
8594.9 358
8595.2 357
8595.6 357
8596 356
8596.3 356
8596.7 356
8597.1 356
8597.4 357
8597.8 357
8598.1 357
8598.5 358
8598.9 358
8599.2 359
8599.6 359
8600 360
8600.3 360
8600.7 360
8601.1 361
8601.4 361
8601.8 361
8602.1 361
8602.5 361
8602.9 361
8603.2 361
8603.6 361
8604.2 361
8604.8 360
8605.4 360
8606 359
8606.6 359
8606.6 359
8607 358
8607.3 358
8607.7 357
8608.1 357
8608.4 357
8608.8 357
8609.1 357
8609.5 357
8609.9 357
8610.2 358
8610.6 358
8611 359
8611.3 359
8611.7 360
8612 360
8612.4 360
8612.8 361
8613.1 361
8613.5 361
8613.9 361
8614.2 361
8614.6 361
8614.9 361
8615.3 361
8615.7 361
8616.3 361
8616.9 361
8617.5 360
8618.1 359
8618.7 359
8618.7 359
8619.1 358
8619.4 358
8619.8 357
8620.2 357
8620.5 357
8620.9 357
8621.3 357
8621.6 357
8622 357
8622.3 358
8622.7 358
8623.1 359
8623.4 359
8623.8 360
8624.2 360
8624.5 360
8624.9 361
8625.2 361
8625.6 361
8626 361
8626.3 361
8626.7 361
8627.1 361
8627.4 361
8627.8 361
8628.4 361
8629 361
8629.6 360
8630.2 359
8630.8 359
8630.8 359
8631.2 358
8631.6 358
8631.9 358
8632.3 357
8632.7 357
8633 357
8633.4 357
8633.7 357
8634.1 358
8634.5 358
8634.8 358
8635.2 359
8635.6 359
8635.9 360
8636.3 360
8636.6 361
8637 361
8637.4 361
8637.7 361
8638.1 362
8638.5 362
8638.8 362
8639.2 362
8639.5 362
8639.9 362
8640.5 361
8641.1 361
8641.8 360
8642.4 360
8643 359
8643 359
8643.4 359
8643.7 358
8644.1 358
8644.4 358
8644.8 357
8645.2 357
8645.5 357
8645.9 358
8646.3 358
8646.6 358
8647 359
8647.4 359
8647.7 360
8648.1 360
8648.4 361
8648.8 361
8649.2 361
8649.5 362
8649.9 362
8650.3 362
8650.6 362
8651 362
8651.3 362
8651.7 362
8652.1 362
8652.7 362
8653.3 362
8653.9 361
8654.6 361
8655.2 360
8655.2 360
8655.6 360
8655.9 359
8656.3 359
8656.6 358
8657 358
8657.4 358
8657.7 358
8658.1 359
8658.5 359
8658.8 359
8659.2 360
8659.5 360
8659.9 361
8660.3 361
8660.6 362
8661 362
8661.4 362
8661.7 363
8662.1 363
8662.4 363
8662.8 363
8663.2 363
8663.5 363
8663.9 363
8664.3 363
8664.9 363
8665.5 363
8666.1 362
8666.8 362
8667.4 361
8667.4 361
8667.8 361
8668.1 360
8668.5 360
8668.9 360
8669.2 359
8669.6 359
8669.9 359
8670.3 360
8670.7 360
8671 360
8671.4 361
8671.8 361
8672.1 362
8672.5 362
8672.9 363
8673.2 363
8673.6 363
8673.9 364
8674.3 364
8674.7 364
8675 364
8675.4 365
8675.8 365
8676.1 365
8676.5 365
8677.1 364
8677.7 364
8678.4 364
8679 363
8679.7 362
8679.7 362
8680 362
8680.4 362
8680.8 361
8681.1 361
8681.5 361
8681.8 361
8682.2 361
8682.6 361
8682.9 361
8683.3 362
8683.7 362
8684 363
8684.4 363
8684.7 364
8685.1 364
8685.5 364
8685.8 365
8686.2 365
8686.6 365
8686.9 366
8687.3 366
8687.6 366
8688 366
8688.4 366
8688.7 366
8689.4 366
8690 365
8690.6 365
8691.3 364
8691.9 364
8691.9 364
8692.3 363
8692.7 363
8693 363
8693.4 362
8693.7 362
8694.1 362
8694.5 362
8694.8 362
8695.2 363
8695.6 363
8695.9 364
8696.3 364
8696.6 364
8697 365
8697.4 365
8697.7 366
8698.1 366
8698.5 366
8698.8 367
8699.2 367
8699.5 367
8699.9 367
8700.3 367
8700.6 367
8701 367
8701.6 367
8702.3 367
8702.9 366
8703.6 366
8704.2 365
8704.2 365
8704.6 365
8705 364
8705.3 364
8705.7 364
8706 363
8706.4 363
8706.8 363
8707.1 364
8707.5 364
8707.9 364
8708.2 365
8708.6 365
8708.9 366
8709.3 366
8709.7 367
8710 367
8710.4 367
8710.8 368
8711.1 368
8711.5 368
8711.8 368
8712.2 368
8712.6 369
8712.9 369
8713.3 369
8713.9 368
8714.6 368
8715.3 368
8715.9 367
8716.6 366
8716.6 366
8716.9 366
8717.3 366
8717.7 365
8718 365
8718.4 365
8718.7 365
8719.1 365
8719.5 365
8719.8 365
8720.2 366
8720.6 366
8720.9 367
8721.3 367
8721.6 367
8722 368
8722.4 368
8722.7 369
8723.1 369
8723.5 369
8723.8 369
8724.2 370
8724.5 370
8724.9 370
8725.3 370
8725.6 370
8726.3 369
8726.9 369
8727.6 369
8728.2 368
8728.9 368
8728.9 368
8729.3 367
8729.6 367
8730 366
8730.4 366
8730.7 366
8731.1 366
8731.4 366
8731.8 366
8732.2 366
8732.5 367
8732.9 367
8733.3 368
8733.6 368
8734 369
8734.4 369
8734.7 369
8735.1 370
8735.4 370
8735.8 370
8736.2 370
8736.5 371
8736.9 371
8737.3 371
8737.6 371
8738 371
8738.6 370
8739.3 370
8740 370
8740.6 369
8741.3 369
8741.3 369
8741.7 368
8742 368
8742.4 367
8742.7 367
8743.1 367
8743.5 367
8743.8 367
8744.2 367
8744.6 367
8744.9 368
8745.3 368
8745.6 369
8746 369
8746.4 369
8746.7 370
8747.1 370
8747.5 371
8747.8 371
8748.2 371
8748.5 371
8748.9 371
8749.3 371
8749.6 372
8750 372
8750.4 372
8751 371
8751.7 371
8752.4 371
8753 370
8753.7 369
8753.7 369
8754.1 369
8754.4 369
8754.8 368
8755.2 368
8755.5 368
8755.9 368
8756.2 368
8756.6 368
8757 368
8757.3 368
8757.7 369
8758.1 369
8758.4 370
8758.8 370
8759.1 371
8759.5 371
8759.9 371
8760.2 371
8760.6 372
8761 372
8761.3 372
8761.7 372
8762 372
8762.4 372
8762.8 372
8763.4 372
8764.1 372
8764.8 371
8765.5 371
8766.1 370
8766.1 370
8766.5 370
8766.9 369
8767.2 369
8767.6 369
8768 368
8768.3 368
8768.7 368
8769 368
8769.4 369
8769.8 369
8770.1 369
8770.5 370
8770.9 370
8771.2 371
8771.6 371
8772 371
8772.3 372
8772.7 372
8773 372
8773.4 372
8773.8 373
8774.1 373
8774.5 373
8774.9 373
8775.2 373
8775.9 372
8776.6 372
8777.3 372
8777.9 371
8778.6 370
8778.6 370
8779 370
8779.4 370
8779.7 369
8780.1 369
8780.4 369
8780.8 369
8781.2 369
8781.5 369
8781.9 369
8782.3 369
8782.6 370
8783 370
8783.3 371
8783.7 371
8784.1 371
8784.4 372
8784.8 372
8785.2 372
8785.5 373
8785.9 373
8786.2 373
8786.6 373
8787 373
8787.3 373
8787.7 373
8788.4 373
8789.1 372
8789.7 372
8790.4 371
8791.1 371
8791.1 371
8791.5 370
8791.8 370
8792.2 370
8792.6 369
8792.9 369
8793.3 369
8793.7 369
8794 369
8794.4 369
8794.7 370
8795.1 370
8795.5 370
8795.8 371
8796.2 371
8796.6 372
8796.9 372
8797.3 372
8797.6 373
8798 373
8798.4 373
8798.7 373
8799.1 373
8799.5 373
8799.8 373
8800.2 373
8800.9 373
8801.6 373
8802.2 372
8802.9 372
8803.6 371
8803.6 371
8804 370
8804.3 370
8804.7 370
8805.1 369
8805.4 369
8805.8 369
8806.2 369
8806.5 369
8806.9 369
8807.3 370
8807.6 370
8808 370
8808.3 371
8808.7 371
8809.1 372
8809.4 372
8809.8 372
8810.2 372
8810.5 373
8810.9 373
8811.2 373
8811.6 373
8812 373
8812.3 373
8812.7 373
8813.4 373
8814.1 373
8814.8 372
8815.5 371
8816.2 371
8816.2 371
8816.5 370
8816.9 370
8817.3 370
8817.6 369
8818 369
8818.3 369
8818.7 369
8819.1 369
8819.4 369
8819.8 370
8820.2 370
8820.5 370
8820.9 371
8821.2 371
8821.6 372
8822 372
8822.3 372
8822.7 372
8823.1 373
8823.4 373
8823.8 373
8824.1 373
8824.5 373
8824.9 373
8825.2 373
8825.9 373
8826.6 373
8827.3 372
8828 372
8828.7 371
8828.7 371
8829.1 371
8829.5 370
8829.8 370
8830.2 370
8830.6 369
8830.9 369
8831.3 369
8831.6 369
8832 370
8832.4 370
8832.7 370
8833.1 371
8833.5 371
8833.8 372
8834.2 372
8834.5 372
8834.9 373
8835.3 373
8835.6 373
8836 373
8836.4 374
8836.7 374
8837.1 374
8837.4 374
8837.8 374
8838.5 374
8839.2 373
8839.9 373
8840.6 372
8841.3 372
8841.3 372
8841.7 371
8842.1 371
8842.4 371
8842.8 370
8843.2 370
8843.5 370
8843.9 370
8844.3 370
8844.6 370
8845 371
8845.3 371
8845.7 371
8846.1 372
8846.4 372
8846.8 373
8847.2 373
8847.5 373
8847.9 374
8848.2 374
8848.6 374
8849 374
8849.3 374
8849.7 375
8850.1 375
8850.4 375
8851.1 374
8851.8 374
8852.6 374
8853.3 373
8854 373
8854 373
8854.4 372
8854.7 372
8855.1 372
8855.4 371
8855.8 371
8856.2 371
8856.5 371
8856.9 371
8857.3 371
8857.6 372
8858 372
8858.3 372
8858.7 373
8859.1 373
8859.4 374
8859.8 374
8860.2 374
8860.5 375
8860.9 375
8861.2 375
8861.6 375
8862 376
8862.3 376
8862.7 376
8863.1 376
8863.8 376
8864.5 375
8865.2 375
8865.9 374
8866.6 374
8866.6 374
8867 374
8867.4 373
8867.7 373
8868.1 372
8868.5 372
8868.8 372
8869.2 372
8869.6 372
8869.9 373
8870.3 373
8870.6 373
8871 374
8871.4 374
8871.7 374
8872.1 375
8872.5 375
8872.8 376
8873.2 376
8873.5 376
8873.9 376
8874.3 377
8874.6 377
8875 377
8875.4 377
8875.7 377
8876.4 377
8877.2 377
8877.9 376
8878.6 376
8879.3 375
8879.3 375
8879.7 375
8880.1 374
8880.4 374
8880.8 374
8881.2 374
8881.5 373
8881.9 373
8882.2 374
8882.6 374
8883 374
8883.3 375
8883.7 375
8884.1 375
8884.4 376
8884.8 376
8885.1 377
8885.5 377
8885.9 377
8886.2 377
8886.6 378
8887 378
8887.3 378
8887.7 378
8888 378
8888.4 378
8889.1 378
8889.9 378
8890.6 378
8891.3 377
8892.1 376
8892.1 376
8892.4 376
8892.8 376
8893.2 375
8893.5 375
8893.9 375
8894.2 375
8894.6 375
8895 375
8895.3 375
8895.7 375
8896.1 376
8896.4 376
8896.8 377
8897.1 377
8897.5 377
8897.9 378
8898.2 378
8898.6 378
8899 379
8899.3 379
8899.7 379
8900 379
8900.4 379
8900.8 379
8901.1 379
8901.9 379
8902.6 379
8903.3 379
8904.1 378
8904.8 378
8904.8 378
8905.2 377
8905.5 377
8905.9 377
8906.3 376
8906.6 376
8907 376
8907.3 376
8907.7 376
8908.1 376
8908.4 377
8908.8 377
8909.2 377
8909.5 378
8909.9 378
8910.2 378
8910.6 379
8911 379
8911.3 379
8911.7 380
8912.1 380
8912.4 380
8912.8 380
8913.2 380
8913.5 380
8913.9 381
8914.6 380
8915.4 380
8916.1 380
8916.8 379
8917.6 379
8917.6 379
8917.9 378
8918.3 378
8918.7 378
8919 377
8919.4 377
8919.8 377
8920.1 377
8920.5 377
8920.8 377
8921.2 378
8921.6 378
8921.9 378
8922.3 379
8922.7 379
8923 379
8923.4 380
8923.7 380
8924.1 380
8924.5 381
8924.8 381
8925.2 381
8925.6 381
8925.9 381
8926.3 381
8926.7 381
8927.4 381
8928.1 381
8928.9 381
8929.6 380
8930.4 380
8930.4 380
8930.8 379
8931.1 379
8931.5 379
8931.8 378
8932.2 378
8932.6 378
8932.9 378
8933.3 378
8933.7 378
8934 378
8934.4 379
8934.7 379
8935.1 380
8935.5 380
8935.8 380
8936.2 381
8936.6 381
8936.9 381
8937.3 382
8937.6 382
8938 382
8938.4 382
8938.7 382
8939.1 382
8939.5 382
8940.2 382
8941 382
8941.7 381
8942.5 381
8943.2 380
8943.2 380
8943.6 380
8944 380
8944.3 379
8944.7 379
8945.1 379
8945.4 379
8945.8 379
8946.1 379
8946.5 379
8946.9 379
8947.2 379
8947.6 380
8948 380
8948.3 381
8948.7 381
8949 381
8949.4 382
8949.8 382
8950.1 382
8950.5 382
8950.9 383
8951.2 383
8951.6 383
8951.9 383
8952.3 383
8953.1 383
8953.8 382
8954.6 382
8955.3 382
8956.1 381
8956.1 381
8956.5 381
8956.8 380
8957.2 380
8957.6 380
8957.9 379
8958.3 379
8958.7 379
8959 379
8959.4 379
8959.7 380
8960.1 380
8960.5 380
8960.8 381
8961.2 381
8961.6 381
8961.9 382
8962.3 382
8962.6 382
8963 383
8963.4 383
8963.7 383
8964.1 383
8964.5 383
8964.8 383
8965.2 383
8966 383
8966.7 383
8967.5 383
8968.2 382
8969 381
8969 381
8969.4 381
8969.7 381
8970.1 380
8970.5 380
8970.8 380
8971.2 380
8971.6 380
8971.9 380
8972.3 380
8972.6 380
8973 380
8973.4 381
8973.7 381
8974.1 381
8974.5 382
8974.8 382
8975.2 382
8975.5 383
8975.9 383
8976.3 383
8976.6 383
8977 383
8977.4 384
8977.7 384
8978.1 384
8978.9 383
8979.6 383
8980.4 383
8981.2 382
8981.9 382
8981.9 382
8982.3 381
8982.7 381
8983 381
8983.4 380
8983.8 380
8984.1 380
8984.5 380
8984.8 380
8985.2 380
8985.6 380
8985.9 381
8986.3 381
8986.7 381
8987 382
8987.4 382
8987.8 382
8988.1 383
8988.5 383
8988.8 383
8989.2 383
8989.6 383
8989.9 384
8990.3 384
8990.7 384
8991 384
8991.8 384
8992.6 383
8993.3 383
8994.1 382
8994.9 382
8994.9 382
8995.3 382
8995.6 381
8996 381
8996.4 381
8996.7 380
8997.1 380
8997.5 380
8997.8 380
8998.2 380
8998.5 381
8998.9 381
8999.3 381
8999.6 381
9000 382
9000.4 382
9000.7 382
9001.1 383
9001.4 383
9001.8 383
9002.2 383
9002.5 384
9002.9 384
9003.3 384
9003.6 384
9004 384
9004.8 384
9005.5 383
9006.3 383
9007.1 382
9007.9 382
9007.9 382
9008.3 381
9008.6 381
9009 381
9009.3 380
9009.7 380
9010.1 380
9010.4 380
9010.8 380
9011.2 380
9011.5 380
9011.9 381
9012.2 381
9012.6 381
9013 382
9013.3 382
9013.7 382
9014.1 382
9014.4 383
9014.8 383
9015.2 383
9015.5 383
9015.9 383
9016.2 384
9016.6 384
9017 384
9017.8 383
9018.5 383
9019.3 383
9020.1 382
9020.9 382
9020.9 382
9021.3 381
9021.6 381
9022 381
9022.4 380
9022.7 380
9023.1 380
9023.5 380
9023.8 380
9024.2 380
9024.5 380
9024.9 380
9025.3 381
9025.6 381
9026 381
9026.4 382
9026.7 382
9027.1 382
9027.4 383
9027.8 383
9028.2 383
9028.5 383
9028.9 383
9029.3 383
9029.6 383
9030 383
9030.8 383
9031.6 383
9032.4 383
9033.2 382
9034 382
9034 382
9034.3 381
9034.7 381
9035.1 381
9035.4 380
9035.8 380
9036.1 380
9036.5 380
9036.9 380
9037.2 380
9037.6 380
9038 380
9038.3 381
9038.7 381
9039 381
9039.4 382
9039.8 382
9040.1 382
9040.5 383
9040.9 383
9041.2 383
9041.6 383
9041.9 384
9042.3 384
9042.7 384
9043 384
9043.8 384
9044.6 383
9045.4 383
9046.2 383
9047 382
9047.1 382
9047.4 382
9047.8 381
9048.1 381
9048.5 381
9048.9 380
9049.2 380
9049.6 380
9050 380
9050.3 380
9050.7 381
9051 381
9051.4 381
9051.8 382
9052.1 382
9052.5 382
9052.9 383
9053.2 383
9053.6 383
9053.9 384
9054.3 384
9054.7 384
9055 384
9055.4 384
9055.8 384
9056.1 384
9056.9 384
9057.7 384
9058.5 384
9059.3 383
9060.2 383
9060.2 383
9060.5 382
9060.9 382
9061.3 382
9061.6 381
9062 381
9062.3 381
9062.7 381
9063.1 381
9063.4 381
9063.8 381
9064.2 382
9064.5 382
9064.9 382
9065.2 383
9065.6 383
9066 383
9066.3 384
9066.7 384
9067.1 384
9067.4 385
9067.8 385
9068.1 385
9068.5 385
9068.9 385
9069.2 385
9070 385
9070.9 385
9071.7 385
9072.5 384
9073.3 384
9073.3 384
9073.7 383
9074 383
9074.4 383
9074.8 382
9075.1 382
9075.5 382
9075.8 382
9076.2 382
9076.6 382
9076.9 382
9077.3 383
9077.7 383
9078 383
9078.4 384
9078.7 384
9079.1 384
9079.5 385
9079.8 385
9080.2 385
9080.6 386
9080.9 386
9081.3 386
9081.6 386
9082 386
9082.4 386
9083.2 386
9084 386
9084.8 386
9085.6 385
9086.5 385
9086.5 385
9086.8 384
9087.2 384
9087.6 384
9087.9 384
9088.3 383
9088.6 383
9089 383
9089.4 383
9089.7 383
9090.1 383
9090.5 384
9090.8 384
9091.2 384
9091.5 385
9091.9 385
9092.3 385
9092.6 386
9093 386
9093.4 386
9093.7 387
9094.1 387
9094.4 387
9094.8 387
9095.2 387
9095.5 387
9096.4 387
9097.2 387
9098 387
9098.8 386
9099.6 386
9099.7 386
9100 386
9100.4 385
9100.7 385
9101.1 385
9101.5 384
9101.8 384
9102.2 384
9102.6 384
9102.9 384
9103.3 385
9103.6 385
9104 385
9104.4 385
9104.7 386
9105.1 386
9105.5 387
9105.8 387
9106.2 387
9106.5 387
9106.9 388
9107.3 388
9107.6 388
9108 388
9108.4 388
9108.7 388
9109.6 388
9110.4 388
9111.2 388
9112 387
9112.9 387
9112.9 387
9113.3 387
9113.6 386
9114 386
9114.3 386
9114.7 385
9115.1 385
9115.4 385
9115.8 385
9116.2 385
9116.5 386
9116.9 386
9117.2 386
9117.6 386
9118 387
9118.3 387
9118.7 387
9119.1 388
9119.4 388
9119.8 388
9120.1 389
9120.5 389
9120.9 389
9121.2 389
9121.6 389
9122 389
9122.8 389
9123.6 389
9124.5 389
9125.3 388
9126.1 388
9126.2 388
9126.5 387
9126.9 387
9127.2 387
9127.6 387
9128 386
9128.3 386
9128.7 386
9129.1 386
9129.4 386
9129.8 386
9130.1 387
9130.5 387
9130.9 387
9131.2 388
9131.6 388
9132 388
9132.3 389
9132.7 389
9133 389
9133.4 389
9133.8 390
9134.1 390
9134.5 390
9134.9 390
9135.2 390
9136.1 390
9136.9 390
9137.8 390
9138.6 389
9139.5 388
9139.5 388
9139.8 388
9140.2 388
9140.6 388
9140.9 387
9141.3 387
9141.6 387
9142 387
9142.4 387
9142.7 387
9143.1 387
9143.5 387
9143.8 388
9144.2 388
9144.5 388
9144.9 389
9145.3 389
9145.6 389
9146 390
9146.4 390
9146.7 390
9147.1 390
9147.4 390
9147.8 391
9148.2 391
9148.5 391
9149.4 391
9150.2 390
9151.1 390
9151.9 390
9152.8 389
9152.8 389
9153.1 389
9153.5 389
9153.9 388
9154.2 388
9154.6 388
9155 388
9155.3 387
9155.7 387
9156 388
9156.4 388
9156.8 388
9157.1 388
9157.5 389
9157.9 389
9158.2 389
9158.6 389
9159 390
9159.3 390
9159.7 390
9160 391
9160.4 391
9160.8 391
9161.1 391
9161.5 391
9161.9 391
9162.7 391
9163.6 391
9164.4 391
9165.3 390
9166.1 390
9166.1 390
9166.5 389
9166.9 389
9167.2 389
9167.6 388
9168 388
9168.3 388
9168.7 388
9169 388
9169.4 388
9169.8 388
9170.1 388
9170.5 389
9170.9 389
9171.2 389
9171.6 390
9171.9 390
9172.3 390
9172.7 390
9173 391
9173.4 391
9173.8 391
9174.1 391
9174.5 391
9174.8 391
9175.2 392
9176.1 392
9176.9 391
9177.8 391
9178.7 391
9179.5 390
9179.5 390
9179.9 390
9180.3 389
9180.6 389
9181 389
9181.4 388
9181.7 388
9182.1 388
9182.4 388
9182.8 388
9183.2 388
9183.5 389
9183.9 389
9184.3 389
9184.6 390
9185 390
9185.3 390
9185.7 390
9186.1 391
9186.4 391
9186.8 391
9187.2 391
9187.5 391
9187.9 392
9188.2 392
9188.6 392
9189.5 392
9190.3 392
9191.2 391
9192.1 391
9192.9 390
9193 390
9193.3 390
9193.7 390
9194 389
9194.4 389
9194.8 389
9195.1 389
9195.5 388
9195.9 388
9196.2 389
9196.6 389
9196.9 389
9197.3 389
9197.7 389
9198 390
9198.4 390
9198.8 390
9199.1 391
9199.5 391
9199.8 391
9200.2 391
9200.6 391
9200.9 392
9201.3 392
9201.7 392
9202 392
9202.9 392
9203.8 392
9204.6 391
9205.5 391
9206.4 390
9206.4 390
9206.8 390
9207.1 389
9207.5 389
9207.9 389
9208.2 389
9208.6 388
9208.9 388
9209.3 388
9209.7 388
9210 389
9210.4 389
9210.8 389
9211.1 389
9211.5 389
9211.8 390
9212.2 390
9212.6 390
9212.9 391
9213.3 391
9213.7 391
9214 391
9214.4 391
9214.7 391
9215.1 392
9215.5 392
9216.4 392
9217.2 391
9218.1 391
9219 390
9219.9 390
9219.9 390
9220.3 390
9220.6 389
9221 389
9221.3 389
9221.7 388
9222.1 388
9222.4 388
9222.8 388
9223.2 388
9223.5 388
9223.9 388
9224.2 389
9224.6 389
9225 389
9225.3 390
9225.7 390
9226.1 390
9226.4 390
9226.8 391
9227.1 391
9227.5 391
9227.9 391
9228.2 391
9228.6 391
9229 391
9229.8 391
9230.7 391
9231.6 391
9232.5 390
9233.4 389
9233.4 389
9233.8 389
9234.1 389
9234.5 388
9234.9 388
9235.2 388
9235.6 388
9236 388
9236.3 388
9236.7 388
9237 388
9237.4 388
9237.8 388
9238.1 388
9238.5 389
9238.9 389
9239.2 389
9239.6 390
9239.9 390
9240.3 390
9240.7 390
9241 390
9241.4 391
9241.8 391
9242.1 391
9242.5 391
9243.4 391
9244.3 391
9245.2 390
9246.1 390
9247 389
9247 389
9247.3 389
9247.7 388
9248.1 388
9248.4 388
9248.8 388
9249.2 387
9249.5 387
9249.9 387
9250.2 387
9250.6 388
9251 388
9251.3 388
9251.7 388
9252.1 388
9252.4 389
9252.8 389
9253.1 389
9253.5 390
9253.9 390
9254.2 390
9254.6 390
9255 390
9255.3 391
9255.7 391
9256 391
9256.9 391
9257.8 391
9258.7 390
9259.6 390
9260.5 389
9260.6 389
9260.9 389
9261.3 389
9261.6 388
9262 388
9262.4 388
9262.7 388
9263.1 388
9263.5 388
9263.8 388
9264.2 388
9264.5 388
9264.9 388
9265.3 388
9265.6 389
9266 389
9266.4 389
9266.7 390
9267.1 390
9267.5 390
9267.8 390
9268.2 391
9268.5 391
9268.9 391
9269.3 391
9269.6 391
9270.5 391
9271.4 391
9272.4 391
9273.3 390
9274.2 390
9274.2 390
9274.5 390
9274.9 389
9275.3 389
9275.6 389
9276 388
9276.4 388
9276.7 388
9277.1 388
9277.4 388
9277.8 388
9278.2 389
9278.5 389
9278.9 389
9279.3 389
9279.6 390
9280 390
9280.3 390
9280.7 391
9281.1 391
9281.4 391
9281.8 391
9282.2 392
9282.5 392
9282.9 392
9283.2 392
9284.2 392
9285.1 392
9286 392
9286.9 391
9287.8 391
9287.8 391
9288.2 390
9288.6 390
9288.9 390
9289.3 390
9289.7 389
9290 389
9290.4 389
9290.7 389
9291.1 389
9291.5 389
9291.8 390
9292.2 390
9292.6 390
9292.9 390
9293.3 391
9293.6 391
9294 391
9294.4 392
9294.7 392
9295.1 392
9295.5 392
9295.8 393
9296.2 393
9296.5 393
9296.9 393
9297.8 393
9298.7 393
9299.7 393
9300.6 392
9301.5 392
9301.5 392
9301.9 391
9302.2 391
9302.6 391
9303 391
9303.3 390
9303.7 390
9304.1 390
9304.4 390
9304.8 390
9305.1 390
9305.5 391
9305.9 391
9306.2 391
9306.6 391
9307 392
9307.3 392
9307.7 392
9308 393
9308.4 393
9308.8 393
9309.1 393
9309.5 394
9309.9 394
9310.2 394
9310.6 394
9311.5 394
9312.4 394
9313.4 394
9314.3 393
9315.2 393
9315.2 393
9315.6 393
9316 392
9316.3 392
9316.7 392
9317 392
9317.4 391
9317.8 391
9318.1 391
9318.5 391
9318.9 391
9319.2 392
9319.6 392
9319.9 392
9320.3 392
9320.7 393
9321 393
9321.4 393
9321.8 394
9322.1 394
9322.5 394
9322.8 394
9323.2 395
9323.6 395
9323.9 395
9324.3 395
9325.2 395
9326.2 395
9327.1 395
9328 394
9329 394
9329 394
9329.3 393
9329.7 393
9330.1 393
9330.4 393
9330.8 392
9331.2 392
9331.5 392
9331.9 392
9332.2 392
9332.6 392
9333 393
9333.3 393
9333.7 393
9334.1 393
9334.4 394
9334.8 394
9335.1 394
9335.5 394
9335.9 395
9336.2 395
9336.6 395
9337 395
9337.3 396
9337.7 396
9338 396
9339 396
9339.9 396
9340.9 395
9341.8 395
9342.8 395
9342.8 395
9343.1 394
9343.5 394
9343.9 394
9344.2 393
9344.6 393
9344.9 393
9345.3 393
9345.7 393
9346 393
9346.4 393
9346.8 393
9347.1 394
9347.5 394
9347.8 394
9348.2 394
9348.6 395
9348.9 395
9349.3 395
9349.7 395
9350 396
9350.4 396
9350.7 396
9351.1 396
9351.5 396
9351.8 396
9352.8 397
9353.7 396
9354.7 396
9355.6 396
9356.6 395
9356.6 395
9357 395
9357.3 395
9357.7 394
9358.1 394
9358.4 394
9358.8 394
9359.1 394
9359.5 394
9359.9 394
9360.2 394
9360.6 394
9361 394
9361.3 394
9361.7 395
9362 395
9362.4 395
9362.8 395
9363.1 396
9363.5 396
9363.9 396
9364.2 396
9364.6 397
9364.9 397
9365.3 397
9365.7 397
9366.6 397
9367.6 397
9368.5 397
9369.5 396
9370.4 396
9370.4 396
9370.8 395
9371.2 395
9371.5 395
9371.9 395
9372.3 394
9372.6 394
9373 394
9373.3 394
9373.7 394
9374.1 394
9374.4 394
9374.8 395
9375.2 395
9375.5 395
9375.9 395
9376.3 396
9376.6 396
9377 396
9377.3 396
9377.7 397
9378.1 397
9378.4 397
9378.8 397
9379.2 397
9379.5 397
9380.5 397
9381.4 397
9382.4 397
9383.4 397
9384.3 396
9384.3 396
9384.7 396
9385.1 396
9385.4 395
9385.8 395
9386.1 395
9386.5 395
9386.9 394
9387.2 394
9387.6 394
9388 395
9388.3 395
9388.7 395
9389.1 395
9389.4 395
9389.8 396
9390.1 396
9390.5 396
9390.9 396
9391.2 397
9391.6 397
9392 397
9392.3 397
9392.7 397
9393 398
9393.4 398
9394.4 398
9395.3 398
9396.3 397
9397.3 397
9398.2 396
9398.2 396
9398.6 396
9399 396
9399.3 396
9399.7 395
9400.1 395
9400.4 395
9400.8 395
9401.1 395
9401.5 395
9401.9 395
9402.2 395
9402.6 395
9403 395
9403.3 396
9403.7 396
9404 396
9404.4 396
9404.8 397
9405.1 397
9405.5 397
9405.9 397
9406.2 397
9406.6 398
9406.9 398
9407.3 398
9408.3 398
9409.3 398
9410.2 397
9411.2 397
9412.2 396
9412.2 396
9412.5 396
9412.9 396
9413.3 396
9413.6 395
9414 395
9414.4 395
9414.7 395
9415.1 395
9415.4 395
9415.8 395
9416.2 395
9416.5 395
9416.9 395
9417.3 396
9417.6 396
9418 396
9418.4 396
9418.7 397
9419.1 397
9419.4 397
9419.8 397
9420.2 397
9420.5 398
9420.9 398
9421.3 398
9422.2 398
9423.2 398
9424.2 397
9425.2 397
9426.2 396
9426.2 396
9426.5 396
9426.9 396
9427.3 395
9427.6 395
9428 395
9428.3 395
9428.7 395
9429.1 395
9429.4 395
9429.8 395
9430.2 395
9430.5 395
9430.9 395
9431.2 395
9431.6 396
9432 396
9432.3 396
9432.7 396
9433.1 397
9433.4 397
9433.8 397
9434.1 397
9434.5 397
9434.9 397
9435.2 397
9436.2 397
9437.2 397
9438.2 397
9439.2 397
9440.2 396
9440.2 396
9440.6 396
9440.9 395
9441.3 395
9441.6 395
9442 395
9442.4 394
9442.7 394
9443.1 394
9443.5 394
9443.8 394
9444.2 394
9444.5 395
9444.9 395
9445.3 395
9445.6 395
9446 395
9446.4 396
9446.7 396
9447.1 396
9447.4 396
9447.8 397
9448.2 397
9448.5 397
9448.9 397
9449.3 397
9450.3 397
9451.2 397
9452.2 397
9453.2 396
9454.2 396
9454.2 396
9454.6 395
9455 395
9455.3 395
9455.7 395
9456 394
9456.4 394
9456.8 394
9457.1 394
9457.5 394
9457.9 394
9458.2 394
9458.6 394
9458.9 395
9459.3 395
9459.7 395
9460 395
9460.4 396
9460.8 396
9461.1 396
9461.5 396
9461.9 397
9462.2 397
9462.6 397
9462.9 397
9463.3 397
9464.3 397
9465.3 397
9466.3 397
9467.3 396
9468.3 396
9468.3 396
9468.7 396
9469 395
9469.4 395
9469.8 395
9470.1 395
9470.5 394
9470.9 394
9471.2 394
9471.6 394
9471.9 394
9472.3 394
9472.7 395
9473 395
9473.4 395
9473.8 395
9474.1 396
9474.5 396
9474.8 396
9475.2 396
9475.6 397
9475.9 397
9476.3 397
9476.7 397
9477 397
9477.4 397
9478.4 397
9479.4 397
9480.4 397
9481.4 397
9482.4 396
9482.4 396
9482.8 396
9483.2 396
9483.5 395
9483.9 395
9484.3 395
9484.6 395
9485 395
9485.3 395
9485.7 395
9486.1 395
9486.4 395
9486.8 395
9487.2 395
9487.5 396
9487.9 396
9488.2 396
9488.6 396
9489 397
9489.3 397
9489.7 397
9490.1 397
9490.4 397
9490.8 398
9491.1 398
9491.5 398
9492.5 398
9493.5 398
9494.5 398
9495.6 397
9496.6 397
9496.6 397
9496.9 397
9497.3 396
9497.7 396
9498 396
9498.4 396
9498.8 395
9499.1 395
9499.5 395
9499.8 395
9500.2 395
9500.6 396
9500.9 396
9501.3 396
9501.7 396
9502 396
9502.4 397
9502.7 397
9503.1 397
9503.5 397
9503.8 398
9504.2 398
9504.6 398
9504.9 398
9505.3 398
9505.6 398
9506.7 399
9507.7 399
9508.7 398
9509.7 398
9510.7 398
9510.8 398
9511.1 397
9511.5 397
9511.8 397
9512.2 397
9512.6 396
9512.9 396
9513.3 396
9513.7 396
9514 396
9514.4 396
9514.7 396
9515.1 396
9515.5 397
9515.8 397
9516.2 397
9516.6 397
9516.9 398
9517.3 398
9517.7 398
9518 398
9518.4 399
9518.7 399
9519.1 399
9519.5 399
9519.8 399
9520.9 399
9521.9 399
9522.9 399
9523.9 399
9525 398
9525 398
9525.3 398
9525.7 398
9526.1 398
9526.4 397
9526.8 397
9527.2 397
9527.5 397
9527.9 397
9528.2 397
9528.6 397
9529 397
9529.3 397
9529.7 397
9530.1 398
9530.4 398
9530.8 398
9531.1 398
9531.5 399
9531.9 399
9532.2 399
9532.6 399
9533 399
9533.3 400
9533.7 400
9534 400
9535.1 400
9536.1 400
9537.2 400
9538.2 399
9539.2 399
9539.2 399
9539.6 399
9540 399
9540.3 398
9540.7 398
9541.1 398
9541.4 398
9541.8 398
9542.1 397
9542.5 397
9542.9 398
9543.2 398
9543.6 398
9544 398
9544.3 398
9544.7 399
9545 399
9545.4 399
9545.8 399
9546.1 400
9546.5 400
9546.9 400
9547.2 400
9547.6 400
9547.9 400
9548.3 401
9549.4 401
9550.4 401
9551.4 400
9552.5 400
9553.5 400
9553.5 400
9553.9 399
9554.3 399
9554.6 399
9555 399
9555.4 398
9555.7 398
9556.1 398
9556.4 398
9556.8 398
9557.2 398
9557.5 398
9557.9 398
9558.3 399
9558.6 399
9559 399
9559.4 399
9559.7 400
9560.1 400
9560.4 400
9560.8 400
9561.2 400
9561.5 401
9561.9 401
9562.3 401
9562.6 401
9563.7 401
9564.7 401
9565.8 401
9566.8 401
9567.9 400
9567.9 400
9568.2 400
9568.6 400
9569 399
9569.3 399
9569.7 399
9570 399
9570.4 399
9570.8 399
9571.1 399
9571.5 399
9571.9 399
9572.2 399
9572.6 399
9572.9 399
9573.3 400
9573.7 400
9574 400
9574.4 400
9574.8 400
9575.1 401
9575.5 401
9575.8 401
9576.2 401
9576.6 401
9576.9 401
9578 402
9579.1 402
9580.1 401
9581.2 401
9582.2 400
9582.2 400
9582.6 400
9583 400
9583.3 400
9583.7 400
9584 399
9584.4 399
9584.8 399
9585.1 399
9585.5 399
9585.9 399
9586.2 399
9586.6 399
9586.9 399
9587.3 400
9587.7 400
9588 400
9588.4 400
9588.8 401
9589.1 401
9589.5 401
9589.8 401
9590.2 401
9590.6 402
9590.9 402
9591.3 402
9592.4 402
9593.4 402
9594.5 402
9595.6 401
9596.6 401
9596.6 401
9597 401
9597.4 400
9597.7 400
9598.1 400
9598.5 400
9598.8 399
9599.2 399
9599.5 399
9599.9 399
9600.3 399
9600.6 399
9601 400
9601.4 400
9601.7 400
9602.1 400
9602.4 400
9602.8 401
9603.2 401
9603.5 401
9603.9 401
9604.3 401
9604.6 402
9605 402
9605.3 402
9605.7 402
9606.8 402
9607.8 402
9608.9 402
9610 402
9611.1 401
9611.1 401
9611.4 401
9611.8 401
9612.1 400
9612.5 400
9612.9 400
9613.2 400
9613.6 400
9614 399
9614.3 399
9614.7 399
9615.1 400
9615.4 400
9615.8 400
9616.1 400
9616.5 400
9616.9 401
9617.2 401
9617.6 401
9618 401
9618.3 401
9618.7 402
9619 402
9619.4 402
9619.8 402
9620.1 402
9621.2 402
9622.3 402
9623.4 402
9624.4 402
9625.5 401
9625.5 401
9625.9 401
9626.3 401
9626.6 400
9627 400
9627.3 400
9627.7 400
9628.1 400
9628.4 400
9628.8 400
9629.2 400
9629.5 400
9629.9 400
9630.2 400
9630.6 400
9631 400
9631.3 401
9631.7 401
9632.1 401
9632.4 401
9632.8 401
9633.1 402
9633.5 402
9633.9 402
9634.2 402
9634.6 402
9635.7 402
9636.8 402
9637.9 402
9638.9 402
9640 401
9640 401
9640.4 401
9640.8 401
9641.1 400
9641.5 400
9641.8 400
9642.2 400
9642.6 400
9642.9 400
9643.3 400
9643.7 400
9644 400
9644.4 400
9644.7 400
9645.1 400
9645.5 400
9645.8 401
9646.2 401
9646.6 401
9646.9 401
9647.3 401
9647.7 402
9648 402
9648.4 402
9648.7 402
9649.1 402
9650.2 402
9651.3 402
9652.4 402
9653.5 401
9654.6 401
9654.6 401
9654.9 401
9655.3 400
9655.7 400
9656 400
9656.4 400
9656.8 399
9657.1 399
9657.5 399
9657.8 399
9658.2 399
9658.6 399
9658.9 399
9659.3 400
9659.7 400
9660 400
9660.4 400
9660.7 400
9661.1 401
9661.5 401
9661.8 401
9662.2 401
9662.6 401
9662.9 401
9663.3 402
9663.7 402
9664.7 402
9665.8 402
9666.9 401
9668 401
9669.1 400
9669.1 400
9669.5 400
9669.9 400
9670.2 400
9670.6 399
9671 399
9671.3 399
9671.7 399
9672.1 399
9672.4 399
9672.8 399
9673.1 399
9673.5 399
9673.9 399
9674.2 399
9674.6 400
9675 400
9675.3 400
9675.7 400
9676 400
9676.4 401
9676.8 401
9677.1 401
9677.5 401
9677.9 401
9678.2 401
9679.3 401
9680.4 401
9681.5 401
9682.6 401
9683.7 400
9683.8 400
9684.1 400
9684.5 400
9684.8 400
9685.2 399
9685.6 399
9685.9 399
9686.3 399
9686.7 399
9687 399
9687.4 399
9687.7 399
9688.1 399
9688.5 399
9688.8 399
9689.2 399
9689.6 400
9689.9 400
9690.3 400
9690.7 400
9691 400
9691.4 401
9691.7 401
9692.1 401
9692.5 401
9692.8 401
9693.9 401
9695 401
9696.2 401
9697.3 401
9698.4 400
9698.4 400
9698.7 400
9699.1 400
9699.5 400
9699.8 399
9700.2 399
9700.6 399
9700.9 399
9701.3 399
9701.7 399
9702 399
9702.4 399
9702.7 399
9703.1 399
9703.5 399
9703.8 399
9704.2 400
9704.6 400
9704.9 400
9705.3 400
9705.6 401
9706 401
9706.4 401
9706.7 401
9707.1 401
9707.5 401
9708.6 402
9709.7 402
9710.8 401
9711.9 401
9713 401
9713.1 401
9713.4 400
9713.8 400
9714.1 400
9714.5 400
9714.9 399
9715.2 399
9715.6 399
9716 399
9716.3 399
9716.7 399
9717 399
9717.4 399
9717.8 399
9718.1 400
9718.5 400
9718.9 400
9719.2 400
9719.6 400
9719.9 401
9720.3 401
9720.7 401
9721 401
9721.4 401
9721.8 402
9722.1 402
9723.3 402
9724.4 402
9725.5 402
9726.6 402
9727.8 401
9727.8 401
9728.1 401
9728.5 401
9728.9 400
9729.2 400
9729.6 400
9729.9 400
9730.3 400
9730.7 400
9731 400
9731.4 400
9731.8 400
9732.1 400
9732.5 400
9732.8 400
9733.2 400
9733.6 401
9733.9 401
9734.3 401
9734.7 401
9735 401
9735.4 402
9735.8 402
9736.1 402
9736.5 402
9736.8 402
9738 403
9739.1 403
9740.2 402
9741.4 402
9742.5 402
9742.5 402
9742.9 401
9743.3 401
9743.6 401
9744 401
9744.3 401
9744.7 400
9745.1 400
9745.4 400
9745.8 400
9746.2 400
9746.5 400
9746.9 400
9747.2 401
9747.6 401
9748 401
9748.3 401
9748.7 401
9749.1 402
9749.4 402
9749.8 402
9750.1 402
9750.5 402
9750.9 403
9751.2 403
9751.6 403
9752.7 403
9753.9 403
9755 403
9756.2 403
9757.3 402
9757.3 402
9757.7 402
9758.1 402
9758.4 402
9758.8 401
9759.1 401
9759.5 401
9759.9 401
9760.2 401
9760.6 401
9761 401
9761.3 401
9761.7 401
9762 401
9762.4 401
9762.8 402
9763.1 402
9763.5 402
9763.9 402
9764.2 402
9764.6 403
9764.9 403
9765.3 403
9765.7 403
9766 403
9766.4 404
9767.5 404
9768.7 404
9769.8 404
9771 403
9772.1 403
9772.1 403
9772.5 403
9772.9 402
9773.2 402
9773.6 402
9774 402
9774.3 402
9774.7 402
9775 401
9775.4 401
9775.8 401
9776.1 402
9776.5 402
9776.9 402
9777.2 402
9777.6 402
9777.9 402
9778.3 403
9778.7 403
9779 403
9779.4 403
9779.8 403
9780.1 404
9780.5 404
9780.9 404
9781.2 404
9782.4 404
9783.5 404
9784.7 404
9785.8 404
9787 403
9787 403
9787.4 403
9787.7 403
9788.1 403
9788.5 403
9788.8 402
9789.2 402
9789.5 402
9789.9 402
9790.3 402
9790.6 402
9791 402
9791.4 402
9791.7 402
9792.1 403
9792.4 403
9792.8 403
9793.2 403
9793.5 403
9793.9 404
9794.3 404
9794.6 404
9795 404
9795.3 404
9795.7 404
9796.1 405
9797.2 405
9798.4 405
9799.6 405
9800.7 404
9801.9 404
9801.9 404
9802.3 404
9802.6 404
9803 403
9803.4 403
9803.7 403
9804.1 403
9804.5 403
9804.8 402
9805.2 402
9805.5 402
9805.9 403
9806.3 403
9806.6 403
9807 403
9807.4 403
9807.7 403
9808.1 404
9808.4 404
9808.8 404
9809.2 404
9809.5 404
9809.9 405
9810.3 405
9810.6 405
9811 405
9812.1 405
9813.3 405
9814.5 405
9815.7 405
9816.8 404
9816.8 404
9817.2 404
9817.6 404
9817.9 404
9818.3 403
9818.6 403
9819 403
9819.4 403
9819.7 403
9820.1 403
9820.5 403
9820.8 403
9821.2 403
9821.6 403
9821.9 403
9822.3 403
9822.6 404
9823 404
9823.4 404
9823.7 404
9824.1 404
9824.5 405
9824.8 405
9825.2 405
9825.5 405
9825.9 405
9827.1 406
9828.3 406
9829.4 405
9830.6 405
9831.8 405
9831.8 405
9832.2 404
9832.5 404
9832.9 404
9833.3 404
9833.6 404
9834 403
9834.3 403
9834.7 403
9835.1 403
9835.4 403
9835.8 403
9836.2 403
9836.5 403
9836.9 403
9837.2 404
9837.6 404
9838 404
9838.3 404
9838.7 404
9839.1 405
9839.4 405
9839.8 405
9840.1 405
9840.5 405
9840.9 405
9842.1 406
9843.2 406
9844.4 406
9845.6 405
9846.8 405
9846.8 405
9847.2 404
9847.5 404
9847.9 404
9848.3 404
9848.6 404
9849 403
9849.4 403
9849.7 403
9850.1 403
9850.4 403
9850.8 403
9851.2 403
9851.5 403
9851.9 404
9852.3 404
9852.6 404
9853 404
9853.3 404
9853.7 405
9854.1 405
9854.4 405
9854.8 405
9855.2 405
9855.5 405
9855.9 406
9857.1 406
9858.3 406
9859.5 406
9860.7 405
9861.9 405
9861.9 405
9862.2 405
9862.6 404
9863 404
9863.3 404
9863.7 404
9864 404
9864.4 403
9864.8 403
9865.1 403
9865.5 403
9865.9 403
9866.2 403
9866.6 403
9867 404
9867.3 404
9867.7 404
9868 404
9868.4 404
9868.8 405
9869.1 405
9869.5 405
9869.9 405
9870.2 405
9870.6 405
9870.9 406
9872.1 406
9873.3 406
9874.6 406
9875.8 405
9877 405
9877 405
9877.3 404
9877.7 404
9878.1 404
9878.4 404
9878.8 404
9879.1 403
9879.5 403
9879.9 403
9880.2 403
9880.6 403
9881 403
9881.3 403
9881.7 403
9882.1 403
9882.4 403
9882.8 404
9883.1 404
9883.5 404
9883.9 404
9884.2 404
9884.6 405
9885 405
9885.3 405
9885.7 405
9886 405
9887.2 405
9888.5 405
9889.7 405
9890.9 405
9892.1 404
9892.1 404
9892.5 404
9892.8 404
9893.2 404
9893.5 403
9893.9 403
9894.3 403
9894.6 403
9895 403
9895.4 403
9895.7 403
9896.1 403
9896.4 403
9896.8 403
9897.2 403
9897.5 403
9897.9 403
9898.3 403
9898.6 404
9899 404
9899.3 404
9899.7 404
9900.1 404
9900.4 404
9900.8 405
9901.2 405
9902.4 405
9903.6 405
9904.8 405
9906 404
9907.2 404
9907.3 404
9907.6 404
9908 404
9908.3 403
9908.7 403
9909.1 403
9909.4 403
9909.8 403
9910.2 402
9910.5 402
9910.9 402
9911.2 402
9911.6 402
9912 403
9912.3 403
9912.7 403
9913.1 403
9913.4 403
9913.8 403
9914.1 404
9914.5 404
9914.9 404
9915.2 404
9915.6 404
9916 404
9916.3 405
9917.5 405
9918.8 405
9920 405
9921.2 404
9922.4 404
9922.4 404
9922.8 404
9923.2 404
9923.5 403
9923.9 403
9924.3 403
9924.6 403
9925 403
9925.3 402
9925.7 402
9926.1 402
9926.4 402
9926.8 403
9927.2 403
9927.5 403
9927.9 403
9928.2 403
9928.6 403
9929 404
9929.3 404
9929.7 404
9930.1 404
9930.4 404
9930.8 404
9931.1 405
9931.5 405
9932.7 405
9934 405
9935.2 405
9936.4 405
9937.7 404
9937.7 404
9938 404
9938.4 404
9938.8 404
9939.1 403
9939.5 403
9939.8 403
9940.2 403
9940.6 403
9940.9 403
9941.3 403
9941.7 403
9942 403
9942.4 403
9942.7 403
9943.1 403
9943.5 403
9943.8 404
9944.2 404
9944.6 404
9944.9 404
9945.3 404
9945.6 405
9946 405
9946.4 405
9946.7 405
9948 405
9949.2 406
9950.5 405
9951.7 405
9952.9 405
9952.9 405
9953.3 405
9953.7 404
9954 404
9954.4 404
9954.8 404
9955.1 404
9955.5 403
9955.8 403
9956.2 403
9956.6 403
9956.9 403
9957.3 403
9957.7 404
9958 404
9958.4 404
9958.7 404
9959.1 404
9959.5 404
9959.8 405
9960.2 405
9960.6 405
9960.9 405
9961.3 405
9961.6 406
9962 406
9963.3 406
9964.5 406
9965.8 406
9967 406
9968.2 405
9968.3 405
9968.6 405
9969 405
9969.3 405
9969.7 405
9970.1 404
9970.4 404
9970.8 404
9971.2 404
9971.5 404
9971.9 404
9972.2 404
9972.6 404
9973 404
9973.3 404
9973.7 405
9974.1 405
9974.4 405
9974.8 405
9975.1 405
9975.5 406
9975.9 406
9976.2 406
9976.6 406
9977 406
9977.3 406
9978.6 407
9979.8 407
9981.1 407
9982.4 406
9983.6 406
9983.6 406
9984 406
9984.3 406
9984.7 405
9985.1 405
9985.4 405
9985.8 405
9986.2 405
9986.5 405
9986.9 405
9987.2 405
9987.6 405
9988 405
9988.3 405
9988.7 405
9989.1 405
9989.4 405
9989.8 406
9990.1 406
9990.5 406
9990.9 406
9991.2 406
9991.6 407
9992 407
9992.3 407
9992.7 407
9994 407
9995.2 407
9996.5 407
9997.8 407
9999 407
9999 407
9999.4 406
9999.8 406
10000 406
10000 406
10001 406
10001 406
10002 405
10002 405
10002 405
10003 405
10003 405
10003 405
10004 405
10004 406
10004 406
10005 406
10005 406
10006 406
10006 407
10006 407
10007 407
10007 407
10007 407
10008 407
10008 408
10009 408
10011 408
10012 408
10013 408
10014 407
10014 407
10015 407
10015 407
10016 407
10016 406
10016 406
10017 406
10017 406
10017 406
10018 406
10018 406
10018 406
10019 406
10019 406
10020 406
10020 406
10020 406
10021 407
10021 407
10021 407
10022 407
10022 407
10022 407
10023 408
10023 408
10024 408
10025 408
10026 408
10027 408
10029 408
10030 407
10030 407
10030 407
10031 407
10031 407
10031 407
10032 407
10032 406
10032 406
10033 406
10033 406
10034 406
10034 406
10034 406
10035 406
10035 406
10035 407
10036 407
10036 407
10036 407
10037 407
10037 407
10038 408
10038 408
10038 408
10039 408
10039 408
10040 409
10042 409
10043 408
10044 408
10045 408
10045 408
10046 408
10046 407
10047 407
10047 407
10047 407
10048 407
10048 406
10048 406
10049 406
10049 406
10049 406
10050 406
10050 406
10051 407
10051 407
10051 407
10052 407
10052 407
10052 407
10053 408
10053 408
10053 408
10054 408
10054 408
10054 408
10056 409
10057 409
10058 409
10060 408
10061 408
10061 408
10061 408
10062 408
10062 407
10062 407
10063 407
10063 407
10064 407
10064 407
10064 406
10065 406
10065 406
10065 406
10066 407
10066 407
10066 407
10067 407
10067 407
10067 407
10068 408
10068 408
10069 408
10069 408
10069 408
10070 408
10070 408
10071 409
10073 409
10074 409
10075 408
10077 408
10077 408
10077 408
10077 408
10078 407
10078 407
10078 407
10079 407
10079 407
10079 407
10080 406
10080 406
10081 406
10081 407
10081 407
10082 407
10082 407
10082 407
10083 407
10083 407
10083 408
10084 408
10084 408
10085 408
10085 408
10085 408
10086 408
10087 409
10088 409
10090 409
10091 408
10092 408
10092 408
10093 408
10093 408
10093 407
10094 407
10094 407
10094 407
10095 407
10095 407
10095 406
10096 406
10096 406
10097 406
10097 407
10097 407
10098 407
10098 407
10098 407
10099 407
10099 407
10099 408
10100 408
10100 408
10101 408
10101 408
10101 408
10103 409
10104 409
10105 409
10107 408
10108 408
10108 408
10108 408
10109 407
10109 407
10109 407
10110 407
10110 407
10110 407
10111 406
10111 406
10111 406
10112 406
10112 406
10113 406
10113 407
10113 407
10114 407
10114 407
10114 407
10115 407
10115 407
10115 408
10116 408
10116 408
10117 408
10117 408
10118 408
10120 409
10121 408
10122 408
10124 407
10124 407
10124 407
10124 407
10125 407
10125 407
10125 407
10126 406
10126 406
10126 406
10127 406
10127 406
10128 406
10128 406
10128 406
10129 406
10129 406
10129 406
10130 407
10130 407
10130 407
10131 407
10131 407
10132 407
10132 407
10132 408
10133 408
10134 408
10135 408
10137 408
10138 407
10139 407
10139 407
10140 407
10140 407
10140 406
10141 406
10141 406
10141 406
10142 406
10142 406
10143 405
10143 405
10143 405
10144 405
10144 405
10144 406
10145 406
10145 406
10145 406
10146 406
10146 406
10147 406
10147 407
10147 407
10148 407
10148 407
10148 407
10150 407
10151 408
10152 407
10154 407
10155 407
10155 407
10155 406
10156 406
10156 406
10156 406
10157 406
10157 405
10158 405
10158 405
10158 405
10159 405
10159 405
10159 405
10160 405
10160 405
10160 405
10161 405
10161 406
10162 406
10162 406
10162 406
10163 406
10163 406
10163 407
10164 407
10164 407
10165 407
10167 407
10168 407
10169 407
10171 406
10171 406
10171 406
10172 406
10172 406
10172 406
10173 405
10173 405
10173 405
10174 405
10174 405
10174 405
10175 405
10175 405
10176 405
10176 405
10176 405
10177 405
10177 406
10177 406
10178 406
10178 406
10178 406
10179 406
10179 407
10180 407
10180 407
10181 407
10183 407
10184 407
10185 407
10187 406
10187 406
10187 406
10187 406
10188 406
10188 406
10189 406
10189 405
10189 405
10190 405
10190 405
10190 405
10191 405
10191 405
10191 405
10192 405
10192 405
10193 406
10193 406
10193 406
10194 406
10194 406
10194 406
10195 407
10195 407
10195 407
10196 407
10197 407
10199 408
10200 407
10201 407
10203 407
10203 407
10203 407
10203 406
10204 406
10204 406
10204 406
10205 406
10205 406
10206 405
10206 405
10206 405
10207 405
10207 405
10207 405
10208 406
10208 406
10208 406
10209 406
10209 406
10210 406
10210 407
10210 407
10211 407
10211 407
10211 407
10212 407
10213 408
10214 408
10216 408
10217 408
10219 407
10219 407
10219 407
10219 407
10220 407
10220 406
10220 406
10221 406
10221 406
10221 406
10222 406
10222 406
10223 406
10223 406
10223 406
10224 406
10224 406
10224 406
10225 406
10225 407
10225 407
10226 407
10226 407
10227 407
10227 407
10227 408
10228 408
10229 408
10230 408
10232 408
10233 408
10235 407
10235 407
10235 407
10235 407
10236 407
10236 407
10236 407
10237 407
10237 406
10237 406
10238 406
10238 406
10239 406
10239 406
10239 406
10240 406
10240 407
10240 407
10241 407
10241 407
10241 407
10242 407
10242 408
10243 408
10243 408
10243 408
10244 408
10245 409
10246 409
10248 409
10249 408
10251 408
10251 408
10251 408
10251 408
10252 407
10252 407
10252 407
10253 407
10253 407
10253 407
10254 407
10254 407
10255 407
10255 407
10255 407
10256 407
10256 407
10256 407
10257 407
10257 407
10257 408
10258 408
10258 408
10259 408
10259 408
10259 408
10260 409
10261 409
10262 409
10264 409
10265 409
10267 408
10267 408
10267 408
10267 408
10268 408
10268 408
10268 408
10269 407
10269 407
10270 407
10270 407
10270 407
10271 407
10271 407
10271 407
10272 407
10272 407
10272 407
10273 408
10273 408
10274 408
10274 408
10274 408
10275 408
10275 409
10275 409
10276 409
10277 409
10278 409
10280 409
10281 409
10283 409
10283 409
10283 408
10283 408
10284 408
10284 408
10285 408
10285 408
10285 408
10286 407
10286 407
10286 407
10287 407
10287 407
10287 407
10288 407
10288 408
10289 408
10289 408
10289 408
10290 408
10290 408
10290 409
10291 409
10291 409
10291 409
10292 409
10293 410
10295 410
10296 410
10297 409
10299 409
10299 409
10299 409
10300 409
10300 408
10300 408
10301 408
10301 408
10301 408
10302 408
10302 408
10302 408
10303 408
10303 408
10304 408
10304 408
10304 408
10305 408
10305 408
10305 408
10306 408
10306 409
10306 409
10307 409
10307 409
10308 409
10308 409
10309 410
10311 410
10312 410
10314 409
10315 409
10315 409
10315 409
10316 409
10316 409
10316 408
10317 408
10317 408
10318 408
10318 408
10318 408
10319 408
10319 408
10319 408
10320 408
10320 408
10320 408
10321 408
10321 408
10322 408
10322 409
10322 409
10323 409
10323 409
10323 409
10324 409
10324 409
10326 410
10327 410
10328 410
10330 410
10331 409
10331 409
10332 409
10332 409
10332 409
10333 408
10333 408
10333 408
10334 408
10334 408
10335 408
10335 408
10335 408
10336 408
10336 408
10336 408
10337 408
10337 408
10337 408
10338 408
10338 409
10339 409
10339 409
10339 409
10340 409
10340 409
10340 409
10342 410
10343 410
10345 410
10346 410
10348 409
10348 409
10348 409
10348 409
10349 409
10349 408
10349 408
10350 408
10350 408
10350 408
10351 408
10351 408
10352 408
10352 408
10352 408
10353 408
10353 408
10353 408
10354 408
10354 408
10354 408
10355 409
10355 409
10356 409
10356 409
10356 409
10357 409
10358 410
10359 410
10361 410
10362 409
10364 409
10364 409
10364 409
10365 409
10365 409
10365 408
10366 408
10366 408
10366 408
10367 408
10367 408
10367 408
10368 408
10368 408
10369 408
10369 408
10369 408
10370 408
10370 408
10370 408
10371 408
10371 409
10371 409
10372 409
10372 409
10373 409
10373 409
10374 410
10376 410
10377 410
10379 409
10380 409
10380 409
10381 409
10381 408
10381 408
10382 408
10382 408
10382 408
10383 408
10383 407
10383 407
10384 407
10384 407
10385 407
10385 407
10385 407
10386 407
10386 408
10386 408
10387 408
10387 408
10387 408
10388 408
10388 408
10388 408
10389 409
10389 409
10391 409
10392 409
10394 409
10395 409
10397 408
10397 408
10397 408
10397 408
10398 408
10398 408
10398 407
10399 407
10399 407
10399 407
10400 407
10400 407
10401 407
10401 407
10401 407
10402 407
10402 407
10402 407
10403 407
10403 407
10403 407
10404 408
10404 408
10405 408
10405 408
10405 408
10406 408
10407 409
10409 409
10410 409
10411 408
10413 408
10413 408
10413 408
10414 408
10414 407
10414 407
10415 407
10415 407
10415 407
10416 407
10416 406
10417 406
10417 406
10417 406
10418 406
10418 406
10418 407
10419 407
10419 407
10419 407
10420 407
10420 407
10421 407
10421 408
10421 408
10422 408
10422 408
10423 408
10425 408
10426 408
10428 408
10429 408
10429 408
10430 407
10430 407
10431 407
10431 407
10431 407
10432 407
10432 407
10432 406
10433 406
10433 406
10433 406
10434 406
10434 406
10434 406
10435 406
10435 407
10436 407
10436 407
10436 407
10437 407
10437 407
10437 407
10438 408
10438 408
10438 408
10440 408
10441 408
10443 408
10444 408
10446 408
10446 408
10446 407
10447 407
10447 407
10447 407
10448 407
10448 407
10448 407
10449 406
10449 406
10450 406
10450 406
10450 406
10451 406
10451 406
10451 407
10452 407
10452 407
10452 407
10453 407
10453 407
10454 407
10454 408
10454 408
10455 408
10455 408
10456 408
10458 409
10459 409
10461 408
10462 408
10462 408
10463 408
10463 408
10464 407
10464 407
10464 407
10465 407
10465 407
10465 407
10466 407
10466 407
10466 407
10467 407
10467 407
10468 407
10468 407
10468 407
10469 407
10469 407
10469 407
10470 407
10470 408
10470 408
10471 408
10471 408
10472 408
10473 409
10475 409
10476 409
10478 409
10479 408
10479 408
10479 408
10480 408
10480 408
10481 408
10481 407
10481 407
10482 407
10482 407
10482 407
10483 407
10483 407
10483 407
10484 407
10484 407
10485 407
10485 407
10485 407
10486 407
10486 408
10486 408
10487 408
10487 408
10487 408
10488 408
10488 409
10490 409
10491 409
10493 409
10494 409
10496 409
10496 409
10496 408
10496 408
10497 408
10497 408
10498 408
10498 408
10498 408
10499 407
10499 407
10499 407
10500 407
10500 407
10500 407
10501 407
10501 407
10502 408
10502 408
10502 408
10503 408
10503 408
10503 408
10504 408
10504 409
10504 409
10505 409
10506 409
10508 410
10509 410
10511 409
10512 409
10512 409
10513 409
10513 409
10513 409
10514 408
10514 408
10515 408
10515 408
10515 408
10516 408
10516 408
10516 408
10517 408
10517 408
10517 408
10518 408
10518 408
10519 408
10519 408
10519 408
10520 409
10520 409
10520 409
10521 409
10521 409
10521 409
10523 410
10524 410
10526 410
10528 410
10529 409
10529 409
10529 409
10530 409
10530 409
10531 409
10531 409
10531 408
10532 408
10532 408
10532 408
10533 408
10533 408
10533 408
10534 408
10534 408
10535 408
10535 408
10535 408
10536 409
10536 409
10536 409
10537 409
10537 409
10537 409
10538 409
10538 410
10540 410
10541 410
10543 410
10544 410
10546 410
10546 410
10546 409
10547 409
10547 409
10547 409
10548 409
10548 409
10548 409
10549 408
10549 408
10549 408
10550 408
10550 408
10551 408
10551 408
10551 408
10552 409
10552 409
10552 409
10553 409
10553 409
10553 409
10554 409
10554 410
10555 410
10555 410
10556 410
10558 410
10560 410
10561 410
10563 410
10563 410
10563 410
10563 409
10564 409
10564 409
10564 409
10565 409
10565 409
10566 409
10566 409
10566 408
10567 408
10567 408
10567 408
10568 409
10568 409
10568 409
10569 409
10569 409
10570 409
10570 409
10570 409
10571 410
10571 410
10571 410
10572 410
10573 410
10575 411
10576 411
10578 410
10579 410
10580 410
10580 410
10580 410
10581 409
10581 409
10581 409
10582 409
10582 409
10582 409
10583 409
10583 409
10583 409
10584 409
10584 409
10585 409
10585 409
10585 409
10586 409
10586 409
10586 409
10587 409
10587 409
10587 410
10588 410
10588 410
10589 410
10590 410
10592 411
10593 411
10595 410
10596 410
10596 410
10597 410
10597 410
10597 409
10598 409
10598 409
10599 409
10599 409
10599 409
10600 409
10600 409
10600 409
10601 409
10601 409
10601 409
10602 409
10602 409
10603 409
10603 409
10603 409
10604 409
10604 409
10604 410
10605 410
10605 410
10605 410
10607 410
10609 411
10610 411
10612 410
10613 410
10613 410
10614 410
10614 410
10614 409
10615 409
10615 409
10616 409
10616 409
10616 409
10617 409
10617 409
10617 408
10618 408
10618 408
10618 409
10619 409
10619 409
10619 409
10620 409
10620 409
10621 409
10621 409
10621 409
10622 410
10622 410
10622 410
10624 410
10626 410
10627 410
10629 410
10630 410
10630 410
10631 409
10631 409
10631 409
10632 409
10632 409
10632 409
10633 409
10633 408
10634 408
10634 408
10634 408
10635 408
10635 408
10635 408
10636 408
10636 408
10636 408
10637 409
10637 409
10638 409
10638 409
10638 409
10639 409
10639 409
10639 409
10641 410
10643 410
10644 410
10646 410
10647 409
10647 409
10648 409
10648 409
10648 409
10649 409
10649 408
10649 408
10650 408
10650 408
10651 408
10651 408
10651 408
10652 408
10652 408
10652 408
10653 408
10653 408
10653 408
10654 408
10654 408
10655 408
10655 408
10655 409
10656 409
10656 409
10656 409
10658 409
10660 410
10661 410
10663 409
10664 409
10664 409
10665 409
10665 409
10665 408
10666 408
10666 408
10667 408
10667 408
10667 408
10668 408
10668 407
10668 407
10669 407
10669 407
10669 407
10670 407
10670 408
10671 408
10671 408
10671 408
10672 408
10672 408
10672 408
10673 408
10673 409
10673 409
10675 409
10677 409
10678 409
10680 409
10681 409
10681 409
10682 408
10682 408
10683 408
10683 408
10683 408
10684 408
10684 408
10684 407
10685 407
10685 407
10685 407
10686 407
10686 407
10687 407
10687 407
10687 407
10688 408
10688 408
10688 408
10689 408
10689 408
10689 408
10690 408
10690 408
10691 409
10692 409
10694 409
10695 409
10697 409
10699 409
10699 409
10699 408
10699 408
10700 408
10700 408
10700 408
10701 408
10701 408
10702 408
10702 407
10702 407
10703 407
10703 407
10703 407
10704 407
10704 407
10704 407
10705 408
10705 408
10706 408
10706 408
10706 408
10707 408
10707 408
10707 409
10708 409
10709 409
10711 409
10713 409
10714 409
10716 409
10716 409
10716 409
10717 409
10717 408
10717 408
10718 408
10718 408
10718 408
10719 408
10719 408
10719 408
10720 407
10720 407
10721 408
10721 408
10721 408
10722 408
10722 408
10722 408
10723 408
10723 408
10723 408
10724 408
10724 409
10725 409
10725 409
10727 409
10728 410
10730 410
10731 409
10733 409
10733 409
10733 409
10734 409
10734 409
10735 409
10735 408
10735 408
10736 408
10736 408
10736 408
10737 408
10737 408
10737 408
10738 408
10738 408
10738 408
10739 408
10739 408
10740 408
10740 408
10740 408
10741 409
10741 409
10741 409
10742 409
10742 409
10744 410
10745 410
10747 410
10749 410
10750 409
10750 409
10751 409
10751 409
10751 409
10752 409
10752 409
10752 409
10753 408
10753 408
10754 408
10754 408
10754 408
10755 408
10755 408
10755 408
10756 408
10756 408
10756 408
10757 409
10757 409
10758 409
10758 409
10758 409
10759 409
10759 409
10759 410
10761 410
10763 410
10764 410
10766 410
10768 410
10768 410
10768 410
10768 410
10769 410
10769 409
10769 409
10770 409
10770 409
10771 409
10771 409
10771 409
10772 409
10772 409
10772 409
10773 409
10773 409
10773 409
10774 409
10774 409
10775 409
10775 409
10775 410
10776 410
10776 410
10776 410
10777 410
10778 411
10780 411
10782 411
10783 411
10785 410
10785 410
10785 410
10786 410
10786 410
10786 410
10787 410
10787 410
10788 410
10788 409
10788 409
10789 409
10789 409
10789 409
10790 409
10790 409
10790 409
10791 409
10791 410
10792 410
10792 410
10792 410
10793 410
10793 410
10793 410
10794 410
10794 411
10796 411
10797 411
10799 411
10801 411
10802 411
10802 411
10803 411
10803 411
10803 410
10804 410
10804 410
10805 410
10805 410
10805 410
10806 410
10806 410
10806 410
10807 410
10807 410
10807 410
10808 410
10808 410
10809 410
10809 410
10809 410
10810 410
10810 410
10810 411
10811 411
10811 411
10811 411
10813 411
10815 412
10816 412
10818 411
10820 411
10820 411
10820 411
10821 411
10821 411
10821 411
10822 410
10822 410
10822 410
10823 410
10823 410
10823 410
10824 410
10824 410
10825 410
10825 410
10825 410
10826 410
10826 410
10826 410
10827 410
10827 410
10827 411
10828 411
10828 411
10829 411
10829 411
10831 412
10832 412
10834 412
10836 412
10837 411
10837 411
10838 411
10838 411
10838 411
10839 411
10839 411
10840 410
10840 410
10840 410
10841 410
10841 410
10841 410
10842 410
10842 410
10842 410
10843 410
10843 410
10844 410
10844 410
10844 410
10845 411
10845 411
10845 411
10846 411
10846 411
10846 411
10848 412
10850 412
10852 412
10853 412
10855 411
10855 411
10855 411
10856 411
10856 411
10856 411
10857 411
10857 410
10857 410
10858 410
10858 410
10859 410
10859 410
10859 410
10860 410
10860 410
10860 410
10861 410
10861 410
10861 410
10862 410
10862 411
10863 411
10863 411
10863 411
10864 411
10864 411
10866 412
10867 412
10869 412
10871 412
10872 411
10873 411
10873 411
10873 411
10874 411
10874 411
10874 411
10875 410
10875 410
10875 410
10876 410
10876 410
10876 410
10877 410
10877 410
10878 410
10878 410
10878 410
10879 410
10879 410
10879 410
10880 410
10880 411
10880 411
10881 411
10881 411
10882 411
10883 411
10885 412
10887 412
10888 411
10890 411
10890 411
10890 411
10891 411
10891 411
10892 411
10892 410
10892 410
10893 410
10893 410
10893 410
10894 410
10894 410
10894 410
10895 410
10895 410
10896 410
10896 410
10896 410
10897 410
10897 410
10897 410
10898 410
10898 410
10898 411
10899 411
10899 411
10901 411
10903 411
10904 411
10906 411
10908 411
10908 411
10908 411
10909 410
10909 410
10909 410
10910 410
10910 410
10910 410
10911 410
10911 410
10911 409
10912 409
10912 409
10912 409
10913 409
10913 409
10914 409
10914 409
10914 410
10915 410
10915 410
10915 410
10916 410
10916 410
10916 410
10917 410
10919 411
10920 411
10922 411
10924 411
10925 410
10926 410
10926 410
10926 410
10927 410
10927 410
10927 409
10928 409
10928 409
10928 409
10929 409
10929 409
10929 409
10930 409
10930 409
10931 409
10931 409
10931 409
10932 409
10932 409
10932 409
10933 409
10933 409
10933 409
10934 409
10934 410
10935 410
10936 410
10938 410
10940 410
10942 410
10943 410
10943 410
10944 409
10944 409
10944 409
10945 409
10945 409
10945 409
10946 409
10946 409
10947 408
10947 408
10947 408
10948 408
10948 408
10948 408
10949 408
10949 408
10949 408
10950 408
10950 409
10951 409
10951 409
10951 409
10952 409
10952 409
10952 409
10954 410
10956 410
10958 410
10959 410
10961 409
10961 409
10961 409
10962 409
10962 409
10963 409
10963 409
10963 408
10964 408
10964 408
10964 408
10965 408
10965 408
10965 408
10966 408
10966 408
10967 408
10967 408
10967 408
10968 408
10968 408
10968 408
10969 408
10969 409
10969 409
10970 409
10970 409
10972 409
10974 410
10975 410
10977 409
10979 409
10979 409
10979 409
10980 409
10980 409
10980 409
10981 408
10981 408
10981 408
10982 408
10982 408
10983 408
10983 408
10983 408
10984 408
10984 408
10984 408
10985 408
10985 408
10985 408
10986 408
10986 408
10987 408
10987 409
10987 409
10988 409
10988 409
10990 409
10992 410
10993 410
10995 409
10997 409
10997 409
10997 409
10998 409
10998 409
10998 409
10999 408
10999 408
10999 408
11000 408
11000 408
11000 408
11001 408
11001 408
11002 408
11002 408
11002 408
11003 408
11003 408
11003 408
11004 408
11004 408
11004 408
11005 409
11005 409
11006 409
11006 409
11008 409
11009 410
11011 410
11013 410
11015 409
11015 409
11015 409
11016 409
11016 409
11016 409
11017 409
11017 408
11017 408
11018 408
11018 408
11018 408
11019 408
11019 408
11020 408
11020 408
11020 408
11021 408
11021 408
11021 408
11022 408
11022 408
11022 409
11023 409
11023 409
11024 409
11024 409
11026 410
11027 410
11029 410
11031 410
11033 409
11033 409
11033 409
11034 409
11034 409
11034 409
11035 409
11035 409
11035 409
11036 408
11036 408
11036 408
11037 408
11037 408
11038 408
11038 408
11038 408
11039 408
11039 408
11039 408
11040 409
11040 409
11040 409
11041 409
11041 409
11041 409
11042 409
11044 410
11045 410
11047 410
11049 410
11051 410
11051 410
11051 409
11052 409
11052 409
11052 409
11053 409
11053 409
11053 409
11054 409
11054 409
11054 409
11055 408
11055 408
11056 408
11056 408
11056 408
11057 409
11057 409
11057 409
11058 409
11058 409
11058 409
11059 409
11059 409
11060 409
11060 409
11062 410
11063 410
11065 410
11067 410
11069 410
11069 410
11069 410
11070 410
11070 409
11070 409
11071 409
11071 409
11071 409
11072 409
11072 409
11073 409
11073 409
11073 409
11074 409
11074 409
11074 409
11075 409
11075 409
11075 409
11076 409
11076 409
11077 409
11077 409
11077 409
11078 410
11078 410
11080 410
11082 410
11083 410
11085 410
11087 410
11087 410
11087 410
11088 410
11088 410
11089 409
11089 409
11089 409
11090 409
11090 409
11090 409
11091 409
11091 409
11091 409
11092 409
11092 409
11092 409
11093 409
11093 409
11094 409
11094 409
11094 409
11095 409
11095 409
11095 409
11096 410
11096 410
11098 410
11100 411
11102 411
11103 410
11105 410
11105 410
11106 410
11106 410
11106 410
11107 410
11107 409
11107 409
11108 409
11108 409
11108 409
11109 409
11109 409
11110 409
11110 409
11110 409
11111 409
11111 409
11111 409
11112 409
11112 409
11112 409
11113 409
11113 409
11114 410
11114 410
11114 410
11116 410
11118 411
11120 411
11122 410
11123 410
11123 410
11124 410
11124 410
11125 410
11125 410
11125 409
11126 409
11126 409
11126 409
11127 409
11127 409
11127 409
11128 409
11128 409
11129 409
11129 409
11129 409
11130 409
11130 409
11130 409
11131 409
11131 409
11131 409
11132 410
11132 410
11133 410
11134 410
11136 410
11138 411
11140 410
11142 410
11142 410
11142 410
11142 410
11143 410
11143 410
11144 409
11144 409
11144 409
11145 409
11145 409
11145 409
11146 409
11146 409
11146 409
11147 409
11147 409
11147 409
11148 409
11148 409
11149 409
11149 409
11149 409
11150 409
11150 409
11150 410
11151 410
11153 410
11154 410
11156 410
11158 410
11160 410
11160 410
11160 410
11161 410
11161 410
11161 409
11162 409
11162 409
11163 409
11163 409
11163 409
11164 409
11164 409
11164 409
11165 409
11165 409
11165 409
11166 409
11166 409
11167 409
11167 409
11167 409
11168 409
11168 409
11168 409
11169 409
11169 410
11171 410
11173 410
11175 410
11176 410
11178 410
11178 410
11179 410
11179 409
11179 409
11180 409
11180 409
11181 409
11181 409
11181 409
11182 409
11182 408
11182 408
11183 408
11183 408
11183 408
11184 408
11184 408
11185 408
11185 408
11185 409
11186 409
11186 409
11186 409
11187 409
11187 409
11187 409
11189 410
11191 410
11193 410
11195 410
11197 409
11197 409
11197 409
11197 409
11198 409
11198 409
11199 409
11199 408
11199 408
11200 408
11200 408
11200 408
11201 408
11201 408
11201 408
11202 408
11202 408
11203 408
11203 408
11203 408
11204 408
11204 408
11204 408
11205 408
11205 408
11205 409
11206 409
11208 409
11210 409
11211 409
11213 409
11215 409
11215 409
11216 409
11216 408
11216 408
11217 408
11217 408
11217 408
11218 408
11218 408
11218 408
11219 408
11219 407
11220 407
11220 407
11220 407
11221 407
11221 407
11221 407
11222 408
11222 408
11222 408
11223 408
11223 408
11224 408
11224 408
11224 408
11226 409
11228 409
11230 409
11232 409
11234 408
11234 408
11234 408
11234 408
11235 408
11235 408
11236 408
11236 408
11236 408
11237 407
11237 407
11237 407
11238 407
11238 407
11238 407
11239 407
11239 407
11240 407
11240 407
11240 407
11241 407
11241 407
11241 408
11242 408
11242 408
11242 408
11243 408
11245 409
11247 409
11248 409
11250 409
11252 408
11252 408
11253 408
11253 408
11253 408
11254 408
11254 408
11254 408
11255 408
11255 407
11256 407
11256 407
11256 407
11257 407
11257 407
11257 407
11258 407
11258 407
11258 407
11259 407
11259 407
11259 407
11260 408
11260 408
11261 408
11261 408
11261 408
11263 409
11265 409
11267 409
11269 409
11271 408
11271 408
11271 408
11272 408
11272 408
11272 408
11273 408
11273 408
11273 408
11274 408
11274 407
11274 407
11275 407
11275 407
11276 407
11276 407
11276 407
11277 407
11277 407
11277 407
11278 407
11278 408
11278 408
11279 408
11279 408
11280 408
11280 408
11282 409
11284 409
11286 409
11288 409
11289 409
11289 409
11290 408
11290 408
11291 408
11291 408
11291 408
11292 408
11292 408
11292 408
11293 408
11293 408
11293 407
11294 407
11294 407
11295 407
11295 407
11295 407
11296 407
11296 408
11296 408
11297 408
11297 408
11297 408
11298 408
11298 408
11299 408
11300 409
11302 409
11304 409
11306 409
11308 409
11308 409
11309 409
11309 409
11309 408
11310 408
11310 408
11310 408
11311 408
11311 408
11311 408
11312 408
11312 408
11312 408
11313 408
11313 408
11314 408
11314 408
11314 408
11315 408
11315 408
11315 408
11316 408
11316 408
11316 408
11317 408
11317 409
11319 409
11321 409
11323 410
11325 409
11327 409
11327 409
11327 409
11328 409
11328 409
11328 409
11329 409
11329 408
11329 408
11330 408
11330 408
11331 408
11331 408
11331 408
11332 408
11332 408
11332 408
11333 408
11333 408
11333 408
11334 408
11334 408
11334 408
11335 408
11335 409
11336 409
11336 409
11338 409
11340 410
11342 410
11344 410
11346 409
11346 409
11346 409
11346 409
11347 409
11347 409
11347 409
11348 409
11348 408
11349 408
11349 408
11349 408
11350 408
11350 408
11350 408
11351 408
11351 408
11351 408
11352 408
11352 408
11353 408
11353 408
11353 408
11354 409
11354 409
11354 409
11355 409
11357 409
11359 410
11361 410
11363 410
11365 409
11365 409
11365 409
11365 409
11366 409
11366 409
11366 409
11367 409
11367 409
11367 409
11368 408
11368 408
11369 408
11369 408
11369 408
11370 408
11370 408
11370 408
11371 408
11371 408
11371 408
11372 409
11372 409
11373 409
11373 409
11373 409
11374 409
11376 410
11378 410
11379 410
11381 410
11383 409
11383 409
11384 409
11384 409
11384 409
11385 409
11385 409
11386 409
11386 409
11386 409
11387 409
11387 408
11387 408
11388 408
11388 408
11388 408
11389 408
11389 408
11390 408
11390 408
11390 408
11391 409
11391 409
11391 409
11392 409
11392 409
11392 409
11394 410
11396 410
11398 410
11400 410
11402 409
11402 409
11403 409
11403 409
11403 409
11404 409
11404 409
11404 409
11405 409
11405 409
11406 409
11406 408
11406 408
11407 408
11407 408
11407 408
11408 408
11408 408
11408 408
11409 408
11409 408
11410 409
11410 409
11410 409
11411 409
11411 409
11411 409
11413 410
11415 410
11417 410
11419 410
11421 409
11421 409
11422 409
11422 409
11422 409
11423 409
11423 409
11423 409
11424 409
11424 409
11425 408
11425 408
11425 408
11426 408
11426 408
11426 408
11427 408
11427 408
11427 408
11428 408
11428 408
11429 409
11429 409
11429 409
11430 409
11430 409
11430 409
11432 410
11434 410
11436 410
11438 410
11440 409
11440 409
11441 409
11441 409
11441 409
11442 409
11442 409
11442 409
11443 409
11443 408
11444 408
11444 408
11444 408
11445 408
11445 408
11445 408
11446 408
11446 408
11446 408
11447 408
11447 408
11448 408
11448 408
11448 409
11449 409
11449 409
11449 409
11451 409
11453 410
11455 410
11457 410
11459 409
11459 409
11460 409
11460 409
11460 409
11461 409
11461 409
11462 409
11462 408
11462 408
11463 408
11463 408
11463 408
11464 408
11464 408
11464 408
11465 408
11465 408
11466 408
11466 408
11466 408
11467 408
11467 408
11467 408
11468 409
11468 409
11468 409
11470 409
11472 409
11474 410
11476 409
11479 409
11479 409
11479 409
11479 409
11480 409
11480 409
11480 408
11481 408
11481 408
11481 408
11482 408
11482 408
11483 408
11483 408
11483 408
11484 408
11484 408
11484 408
11485 408
11485 408
11485 408
11486 408
11486 408
11486 408
11487 408
11487 408
11488 408
11490 409
11492 409
11494 409
11496 409
11498 408
11498 408
11498 408
11498 408
11499 408
11499 408
11500 408
11500 408
11500 408
11501 407
11501 407
11501 407
11502 407
11502 407
11502 407
11503 407
11503 407
11503 407
11504 407
11504 407
11505 407
11505 407
11505 407
11506 407
11506 408
11506 408
11507 408
11509 408
11511 408
11513 408
11515 408
11517 408
11517 408
11517 408
11518 408
11518 408
11518 407
11519 407
11519 407
11519 407
11520 407
11520 407
11521 407
11521 407
11521 407
11522 407
11522 407
11522 407
11523 407
11523 407
11523 407
11524 407
11524 407
11525 407
11525 407
11525 407
11526 407
11526 407
11528 408
11530 408
11532 408
11534 408
11536 408
11536 408
11537 407
11537 407
11537 407
11538 407
11538 407
11538 407
11539 407
11539 407
11539 407
11540 407
11540 406
11541 406
11541 406
11541 406
11542 406
11542 406
11542 406
11543 406
11543 406
11543 407
11544 407
11544 407
11545 407
11545 407
11545 407
11547 407
11549 408
11551 408
11553 408
11555 407
11555 407
11556 407
11556 407
11557 407
11557 407
11557 407
11558 407
11558 407
11558 407
11559 406
11559 406
11559 406
11560 406
11560 406
11561 406
11561 406
11561 406
11562 406
11562 406
11562 406
11563 406
11563 407
11563 407
11564 407
11564 407
11565 407
11567 407
11569 408
11571 408
11573 408
11575 407
11575 407
11575 407
11576 407
11576 407
11576 407
11577 407
11577 407
11577 407
11578 407
11578 407
11578 406
11579 406
11579 406
11580 406
11580 406
11580 406
11581 406
11581 406
11581 406
11582 406
11582 407
11582 407
11583 407
11583 407
11584 407
11584 407
11586 408
11588 408
11590 408
11592 408
11594 408
11594 408
11595 407
11595 407
11595 407
11596 407
11596 407
11596 407
11597 407
11597 407
11598 407
11598 407
11598 407
11599 406
11599 406
11599 406
11600 406
11600 406
11600 406
11601 407
11601 407
11601 407
11602 407
11602 407
11603 407
11603 407
11603 407
11605 408
11607 408
11610 408
11612 408
11614 408
11614 408
11614 408
11614 408
11615 407
11615 407
11616 407
11616 407
11616 407
11617 407
11617 407
11617 407
11618 407
11618 407
11618 407
11619 407
11619 407
11620 407
11620 407
11620 407
11621 407
11621 407
11621 407
11622 407
11622 407
11622 407
11623 407
11625 408
11627 408
11629 408
11631 408
11633 408
11633 408
11634 408
11634 408
11634 408
11635 408
11635 407
11635 407
11636 407
11636 407
11636 407
11637 407
11637 407
11638 407
11638 407
11638 407
11639 407
11639 407
11639 407
11640 407
11640 407
11640 407
11641 407
11641 407
11642 407
11642 407
11642 407
11644 408
11646 408
11649 408
11651 408
11653 408
11653 408
11653 408
11653 408
11654 408
11654 408
11655 408
11655 408
11655 407
11656 407
11656 407
11656 407
11657 407
11657 407
11657 407
11658 407
11658 407
11659 407
11659 407
11659 407
11660 407
11660 407
11660 407
11661 407
11661 407
11661 408
11662 408
11664 408
11666 409
11668 409
11670 409
11672 408
11672 408
11673 408
11673 408
11673 408
11674 408
11674 408
11675 408
11675 408
11675 407
11676 407
11676 407
11676 407
11677 407
11677 407
11677 407
11678 407
11678 407
11679 407
11679 407
11679 407
11680 407
11680 407
11680 407
11681 408
11681 408
11681 408
11684 408
11686 409
11688 409
11690 409
11692 408
11692 408
11692 408
11693 408
11693 408
11693 408
11694 408
11694 408
11695 408
11695 408
11695 408
11696 407
11696 407
11696 407
11697 407
11697 407
11697 407
11698 407
11698 407
11699 407
11699 407
11699 407
11700 408
11700 408
11700 408
11701 408
11701 408
11703 408
11705 409
11707 409
11710 409
11712 408
11712 408
11712 408
11712 408
11713 408
11713 408
11714 408
11714 408
11714 408
11715 408
11715 408
11715 408
11716 407
11716 407
11716 407
11717 407
11717 407
11718 407
11718 407
11718 407
11719 407
11719 408
11719 408
11720 408
11720 408
11720 408
11721 408
11723 409
11725 409
11727 409
11729 409
11731 409
11731 409
11732 408
11732 408
11733 408
11733 408
11733 408
11734 408
11734 408
11734 408
11735 408
11735 408
11735 408
11736 407
11736 407
11737 407
11737 407
11737 407
11738 407
11738 407
11738 408
11739 408
11739 408
11739 408
11740 408
11740 408
11741 408
11743 409
11745 409
11747 409
11749 409
11751 408
11751 408
11752 408
11752 408
11752 408
11753 408
11753 408
11753 408
11754 408
11754 408
11755 408
11755 408
11755 407
11756 407
11756 407
11756 407
11757 407
11757 407
11757 407
11758 407
11758 407
11759 408
11759 408
11759 408
11760 408
11760 408
11760 408
11763 408
11765 409
11767 409
11769 409
11771 408
11771 408
11772 408
11772 408
11772 408
11773 408
11773 408
11773 408
11774 408
11774 408
11774 407
11775 407
11775 407
11775 407
11776 407
11776 407
11777 407
11777 407
11777 407
11778 407
11778 407
11778 407
11779 407
11779 407
11779 408
11780 408
11780 408
11782 408
11785 409
11787 409
11789 408
11791 408
11791 408
11791 408
11792 408
11792 408
11793 408
11793 408
11793 407
11794 407
11794 407
11794 407
11795 407
11795 407
11795 407
11796 407
11796 407
11797 407
11797 407
11797 407
11798 407
11798 407
11798 407
11799 407
11799 407
11799 407
11800 407
11800 407
11802 408
11804 408
11807 408
11809 408
11811 407
11811 407
11811 407
11812 407
11812 407
11812 407
11813 407
11813 407
11814 407
11814 407
11814 407
11815 406
11815 406
11815 406
11816 406
11816 406
11816 406
11817 406
11817 406
11818 406
11818 406
11818 406
11819 406
11819 406
11819 407
11820 407
11820 407
11822 407
11824 407
11827 408
11829 407
11831 407
11831 407
11831 407
11832 407
11832 407
11832 407
11833 406
11833 406
11834 406
11834 406
11834 406
11835 406
11835 406
11835 406
11836 406
11836 406
11836 406
11837 406
11837 406
11838 406
11838 406
11838 406
11839 406
11839 406
11839 406
11840 406
11840 406
11842 407
11844 407
11847 407
11849 407
11851 407
11851 407
11851 406
11852 406
11852 406
11853 406
11853 406
11853 406
11854 406
11854 406
11854 406
11855 406
11855 406
11855 405
11856 405
11856 405
11857 405
11857 405
11857 405
11858 405
11858 405
11858 405
11859 406
11859 406
11859 406
11860 406
11860 406
11862 406
11865 407
11867 407
11869 407
11871 406
11871 406
11872 406
11872 406
11872 406
11873 406
11873 406
11873 406
11874 406
11874 406
11874 405
11875 405
11875 405
11876 405
11876 405
11876 405
11877 405
11877 405
11877 405
11878 405
11878 405
11878 405
11879 405
11879 405
11880 406
11880 406
11880 406
11882 406
11885 407
11887 407
11889 407
11891 406
11891 406
11892 406
11892 406
11892 406
11893 406
11893 406
11894 406
11894 406
11894 406
11895 405
11895 405
11895 405
11896 405
11896 405
11896 405
11897 405
11897 405
11897 405
11898 405
11898 405
11899 405
11899 405
11899 405
11900 405
11900 406
11900 406
11903 406
11905 407
11907 407
11909 407
11912 406
11912 406
11912 406
11912 406
11913 406
11913 406
11913 406
11914 406
11914 406
11914 406
11915 405
11915 405
11916 405
11916 405
11916 405
11917 405
11917 405
11917 405
11918 405
11918 405
11918 405
11919 405
11919 405
11920 405
11920 406
11920 406
11921 406
11923 406
11925 407
11927 407
11930 407
11932 406
11932 406
11932 406
11933 406
11933 406
11933 406
11934 406
11934 406
11934 406
11935 406
11935 406
11935 405
11936 405
11936 405
11937 405
11937 405
11937 405
11938 405
11938 405
11938 405
11939 405
11939 405
11939 405
11940 406
11940 406
11941 406
11941 406
11943 406
11945 407
11948 407
11950 407
11952 406
11952 406
11952 406
11953 406
11953 406
11954 406
11954 406
11954 406
11955 406
11955 406
11955 406
11956 406
11956 406
11956 405
11957 405
11957 405
11958 405
11958 405
11958 405
11959 405
11959 405
11959 405
11960 406
11960 406
11960 406
11961 406
11961 406
11963 406
11966 407
11968 407
11970 407
11972 407
11972 407
11973 406
11973 406
11974 406
11974 406
11974 406
11975 406
11975 406
11975 406
11976 406
11976 406
11976 406
11977 406
11977 405
11978 405
11978 405
11978 405
11979 405
11979 405
11979 406
11980 406
11980 406
11980 406
11981 406
11981 406
11982 406
11984 406
11986 407
11988 407
11991 407
11993 407
11993 407
11993 406
11994 406
11994 406
11994 406
11995 406
11995 406
11995 406
11996 406
11996 406
11997 406
11997 406
11997 406
11998 406
11998 405
11998 405
11999 405
11999 405
11999 406
12000 406
12000 406
12001 406
12001 406
12001 406
12002 406
12002 406
12004 406
12007 407
12009 407
12011 407
12013 407
12013 407
12014 406
12014 406
12014 406
12015 406
12015 406
12016 406
12016 406
12016 406
12017 406
12017 406
12017 406
12018 406
12018 406
12018 405
12019 405
12019 405
12020 405
12020 405
12020 406
12021 406
12021 406
12021 406
12022 406
12022 406
12022 406
12025 406
12027 407
12029 407
12032 407
12034 407
12034 407
12034 406
12035 406
12035 406
12035 406
12036 406
12036 406
12036 406
12037 406
12037 406
12038 406
12038 406
12038 406
12039 405
12039 405
12039 405
12040 405
12040 405
12040 405
12041 405
12041 406
12041 406
12042 406
12042 406
12043 406
12043 406
12045 406
12048 407
12050 407
12052 407
12054 406
12054 406
12055 406
12055 406
12056 406
12056 406
12056 406
12057 406
12057 406
12057 406
12058 406
12058 406
12058 405
12059 405
12059 405
12060 405
12060 405
12060 405
12061 405
12061 405
12061 405
12062 405
12062 405
12062 406
12063 406
12063 406
12064 406
12066 406
12068 407
12070 407
12073 407
12075 406
12075 406
12075 406
12076 406
12076 406
12077 406
12077 406
12077 406
12078 406
12078 406
12078 405
12079 405
12079 405
12079 405
12080 405
12080 405
12081 405
12081 405
12081 405
12082 405
12082 405
12082 405
12083 405
12083 405
12083 405
12084 405
12084 406
12086 406
12089 406
12091 407
12093 406
12096 406
12096 406
12096 406
12096 406
12097 406
12097 406
12098 406
12098 405
12098 405
12099 405
12099 405
12099 405
12100 405
12100 405
12100 405
12101 405
12101 405
12102 405
12102 405
12102 405
12103 405
12103 405
12103 405
12104 405
12104 405
12104 405
12105 405
12107 406
12109 406
12112 406
12114 406
12116 405
12116 405
12117 405
12117 405
12118 405
12118 405
12118 405
12119 405
12119 405
12119 405
12120 405
12120 405
12120 404
12121 404
12121 404
12122 404
12122 404
12122 404
12123 404
12123 404
12123 404
12124 404
12124 404
12124 404
12125 404
12125 405
12126 405
12128 405
12130 405
12133 406
12135 405
12137 405
12137 405
12138 405
12138 405
12138 405
12139 405
12139 405
12139 404
12140 404
12140 404
12141 404
12141 404
12141 404
12142 404
12142 404
12142 404
12143 404
12143 404
12143 404
12144 404
12144 404
12145 404
12145 404
12145 404
12146 404
12146 404
12146 404
12149 405
12151 405
12153 405
12156 405
12158 405
12158 405
12158 405
12159 405
12159 404
12160 404
12160 404
12160 404
12161 404
12161 404
12161 404
12162 404
12162 404
12162 404
12163 404
12163 404
12164 404
12164 403
12164 403
12165 404
12165 404
12165 404
12166 404
12166 404
12166 404
12167 404
12167 404
12169 404
12172 405
12174 405
12177 405
12179 404
12179 404
12179 404
12180 404
12180 404
12180 404
12181 404
12181 404
12181 404
12182 404
12182 404
12183 404
12183 404
12183 403
12184 403
12184 403
12184 403
12185 403
12185 403
12185 403
12186 403
12186 403
12187 403
12187 404
12187 404
12188 404
12188 404
12190 404
12193 405
12195 405
12197 405
12200 404
12200 404
12200 404
12201 404
12201 404
12201 404
12202 404
12202 404
12202 404
12203 404
12203 404
12203 404
12204 404
12204 403
12205 403
12205 403
12205 403
12206 403
12206 403
12206 403
12207 403
12207 403
12207 403
12208 404
12208 404
12209 404
12209 404
12211 404
12214 405
12216 405
12218 405
12221 404
12221 404
12221 404
12222 404
12222 404
12222 404
12223 404
12223 404
12223 404
12224 404
12224 404
12224 404
12225 404
12225 404
12226 403
12226 403
12226 403
12227 403
12227 403
12227 403
12228 403
12228 403
12228 404
12229 404
12229 404
12230 404
12230 404
12232 404
12235 405
12237 405
12240 405
12242 405
12242 405
12242 404
12243 404
12243 404
12243 404
12244 404
12244 404
12244 404
12245 404
12245 404
12246 404
12246 404
12246 404
12247 404
12247 404
12247 404
12248 403
12248 403
12248 404
12249 404
12249 404
12250 404
12250 404
12250 404
12251 404
12251 404
12253 404
12256 405
12258 405
12261 405
12263 405
12263 405
12263 405
12264 405
12264 404
12264 404
12265 404
12265 404
12266 404
12266 404
12266 404
12267 404
12267 404
12267 404
12268 404
12268 404
12268 404
12269 404
12269 404
12270 404
12270 404
12270 404
12271 404
12271 404
12271 404
12272 404
12272 404
12274 405
12277 405
12279 405
12282 405
12284 405
12284 405
12285 405
12285 405
12285 405
12286 404
12286 404
12286 404
12287 404
12287 404
12287 404
12288 404
12288 404
12289 404
12289 404
12289 404
12290 404
12290 404
12290 404
12291 404
12291 404
12291 404
12292 404
12292 404
12293 404
12293 404
12293 404
12296 405
12298 405
12300 405
12303 405
12305 405
12305 405
12306 405
12306 405
12306 405
12307 405
12307 404
12308 404
12308 404
12308 404
12309 404
12309 404
12309 404
12310 404
12310 404
12310 404
12311 404
12311 404
12312 404
12312 404
12312 404
12313 404
12313 404
12313 404
12314 404
12314 404
12314 404
12317 405
12319 405
12322 405
12324 405
12327 405
12327 405
12327 405
12327 405
12328 405
12328 405
12328 404
12329 404
12329 404
12329 404
12330 404
12330 404
12331 404
12331 404
12331 404
12332 404
12332 404
12332 404
12333 404
12333 404
12333 404
12334 404
12334 404
12335 404
12335 404
12335 404
12336 404
12338 405
12341 405
12343 405
12345 405
12348 405
12348 405
12348 405
12349 405
12349 405
12349 405
12350 404
12350 404
12350 404
12351 404
12351 404
12352 404
12352 404
12352 404
12353 404
12353 404
12353 404
12354 404
12354 404
12354 404
12355 404
12355 404
12355 404
12356 404
12356 404
12357 404
12357 404
12359 405
12362 405
12364 405
12367 405
12369 405
12369 405
12370 405
12370 405
12370 404
12371 404
12371 404
12371 404
12372 404
12372 404
12373 404
12373 404
12373 404
12374 404
12374 404
12374 404
12375 404
12375 404
12375 404
12376 404
12376 404
12377 404
12377 404
12377 404
12378 404
12378 404
12378 404
12381 404
12383 405
12386 405
12388 405
12391 405
12391 405
12391 404
12391 404
12392 404
12392 404
12392 404
12393 404
12393 404
12394 404
12394 404
12394 404
12395 404
12395 404
12395 404
12396 404
12396 403
12396 403
12397 403
12397 403
12398 403
12398 403
12398 404
12399 404
12399 404
12399 404
12400 404
12402 404
12405 405
12407 405
12410 405
12412 404
12412 404
12413 404
12413 404
12413 404
12414 404
12414 404
12414 404
12415 404
12415 404
12415 404
12416 404
12416 403
12417 403
12417 403
12417 403
12418 403
12418 403
12418 403
12419 403
12419 403
12419 403
12420 403
12420 403
12421 403
12421 403
12421 404
12424 404
12426 404
12429 405
12431 404
12434 404
12434 404
12434 404
12434 404
12435 404
12435 404
12436 404
12436 404
12436 403
12437 403
12437 403
12437 403
12438 403
12438 403
12438 403
12439 403
12439 403
12439 403
12440 403
12440 403
12441 403
12441 403
12441 403
12442 403
12442 403
12442 403
12443 403
12445 404
12448 404
12450 404
12453 404
12455 403
12455 403
12456 403
12456 403
12456 403
12457 403
12457 403
12457 403
12458 403
12458 403
12459 403
12459 403
12459 403
12460 402
12460 402
12460 402
12461 402
12461 402
12461 402
12462 402
12462 402
12462 402
12463 402
12463 402
12464 402
12464 402
12464 403
12467 403
12469 403
12472 403
12474 403
12477 403
12477 403
12477 403
12478 403
12478 403
12478 403
12479 403
12479 403
12479 402
12480 402
12480 402
12480 402
12481 402
12481 402
12482 402
12482 402
12482 402
12483 402
12483 402
12483 402
12484 402
12484 402
12484 402
12485 402
12485 402
12486 402
12486 402
12488 403
12491 403
12493 403
12496 403
12499 403
12499 403
12499 403
12499 402
12500 402
12500 402
12500 402
12501 402
12501 402
12501 402
12502 402
12502 402
12503 402
12503 402
12503 402
12504 402
12504 402
12504 401
12505 401
12505 401
12505 401
12506 402
12506 402
12507 402
12507 402
12507 402
12508 402
12510 402
12513 403
12515 403
12518 403
12520 402
12520 402
12521 402
12521 402
12521 402
12522 402
12522 402
12522 402
12523 402
12523 402
12524 402
12524 402
12524 402
12525 401
12525 401
12525 401
12526 401
12526 401
12526 401
12527 401
12527 401
12528 401
12528 401
12528 401
12529 401
12529 402
12529 402
12532 402
12534 402
12537 403
12540 403
12542 402
12542 402
12542 402
12543 402
12543 402
12544 402
12544 402
12544 402
12545 402
12545 402
12545 402
12546 402
12546 401
12546 401
12547 401
12547 401
12548 401
12548 401
12548 401
12549 401
12549 401
12549 401
12550 401
12550 401
12550 401
12551 401
12551 402
12554 402
12556 402
12559 403
12561 403
12564 402
12564 402
12564 402
12565 402
12565 402
12565 402
12566 402
12566 402
12566 402
12567 402
12567 402
12568 402
12568 401
12568 401
12569 401
12569 401
12569 401
12570 401
12570 401
12570 401
12571 401
12571 401
12572 401
12572 401
12572 401
12573 401
12573 402
12576 402
12578 402
12581 403
12583 403
12586 402
12586 402
12586 402
12587 402
12587 402
12587 402
12588 402
12588 402
12588 402
12589 402
12589 402
12589 402
12590 402
12590 401
12591 401
12591 401
12591 401
12592 401
12592 401
12592 401
12593 401
12593 401
12593 401
12594 401
12594 401
12595 402
12595 402
12597 402
12600 403
12603 403
12605 403
12608 402
12608 402
12608 402
12608 402
12609 402
12609 402
12610 402
12610 402
12610 402
12611 402
12611 402
12611 402
12612 402
12612 402
12612 402
12613 401
12613 401
12614 401
12614 401
12614 401
12615 401
12615 401
12615 401
12616 402
12616 402
12616 402
12617 402
12619 402
12622 403
12625 403
12627 403
12630 402
12630 402
12630 402
12630 402
12631 402
12631 402
12632 402
12632 402
12632 402
12633 402
12633 402
12633 402
12634 402
12634 402
12634 402
12635 402
12635 401
12636 401
12636 401
12636 401
12637 401
12637 401
12637 402
12638 402
12638 402
12638 402
12639 402
12641 402
12644 403
12647 403
12649 403
12652 403
12652 403
12652 402
12653 402
12653 402
12653 402
12654 402
12654 402
12654 402
12655 402
12655 402
12655 402
12656 402
12656 402
12657 402
12657 402
12657 402
12658 401
12658 401
12658 401
12659 401
12659 402
12659 402
12660 402
12660 402
12661 402
12661 402
12663 402
12666 403
12669 403
12671 403
12674 402
12674 402
12674 402
12675 402
12675 402
12675 402
12676 402
12676 402
12676 402
12677 402
12677 402
12678 402
12678 402
12678 402
12679 402
12679 402
12679 401
12680 401
12680 401
12680 401
12681 401
12681 401
12682 402
12682 402
12682 402
12683 402
12683 402
12686 402
12688 403
12691 403
12693 403
12696 402
12696 402
12696 402
12697 402
12697 402
12698 402
12698 402
12698 402
12699 402
12699 402
12699 402
12700 402
12700 402
12700 402
12701 402
12701 401
12702 401
12702 401
12702 401
12703 401
12703 401
12703 401
12704 401
12704 401
12704 402
12705 402
12705 402
12708 402
12710 403
12713 403
12716 403
12718 402
12718 402
12719 402
12719 402
12719 402
12720 402
12720 402
12721 402
12721 402
12721 402
12722 402
12722 402
12722 402
12723 401
12723 401
12723 401
12724 401
12724 401
12725 401
12725 401
12725 401
12726 401
12726 401
12726 401
12727 401
12727 401
12727 402
12730 402
12733 402
12735 403
12738 403
12741 402
12741 402
12741 402
12741 402
12742 402
12742 402
12742 402
12743 402
12743 402
12744 402
12744 402
12744 402
12745 402
12745 401
12745 401
12746 401
12746 401
12746 401
12747 401
12747 401
12748 401
12748 401
12748 401
12749 401
12749 401
12749 402
12750 402
12752 402
12755 402
12758 403
12760 403
12763 402
12763 402
12763 402
12764 402
12764 402
12764 402
12765 402
12765 402
12766 402
12766 402
12766 402
12767 402
12767 402
12767 402
12768 401
12768 401
12768 401
12769 401
12769 401
12770 401
12770 401
12770 401
12771 401
12771 401
12771 401
12772 402
12772 402
12775 402
12777 402
12780 403
12783 403
12785 402
12785 402
12786 402
12786 402
12786 402
12787 402
12787 402
12788 402
12788 402
12788 402
12789 402
12789 402
12789 401
12790 401
12790 401
12790 401
12791 401
12791 401
12792 401
12792 401
12792 401
12793 401
12793 401
12793 401
12794 401
12794 401
12794 401
12797 402
12800 402
12802 402
12805 402
12808 402
12808 402
12808 402
12809 402
12809 402
12809 402
12810 402
12810 401
12810 401
12811 401
12811 401
12811 401
12812 401
12812 401
12813 401
12813 401
12813 401
12814 401
12814 401
12814 401
12815 401
12815 401
12815 401
12816 401
12816 401
12817 401
12817 401
12820 401
12822 402
12825 402
12828 402
12830 401
12830 401
12831 401
12831 401
12831 401
12832 401
12832 401
12833 401
12833 401
12833 401
12834 401
12834 401
12834 401
12835 401
12835 400
12835 400
12836 400
12836 400
12836 400
12837 400
12837 400
12838 400
12838 400
12838 400
12839 400
12839 400
12839 400
12842 401
12845 401
12847 401
12850 401
12853 401
12853 401
12853 401
12854 401
12854 401
12854 401
12855 401
12855 401
12855 401
12856 400
12856 400
12857 400
12857 400
12857 400
12858 400
12858 400
12858 400
12859 400
12859 400
12859 400
12860 400
12860 400
12861 400
12861 400
12861 400
12862 400
12862 400
12865 401
12867 401
12870 401
12873 401
12876 401
12876 401
12876 401
12876 401
12877 401
12877 401
12877 400
12878 400
12878 400
12878 400
12879 400
12879 400
12880 400
12880 400
12880 400
12881 400
12881 400
12881 400
12882 400
12882 400
12882 400
12883 400
12883 400
12884 400
12884 400
12884 400
12885 400
12887 400
12890 401
12893 401
12895 401
12898 401
12898 401
12899 401
12899 400
12899 400
12900 400
12900 400
12900 400
12901 400
12901 400
12901 400
12902 400
12902 400
12903 400
12903 400
12903 400
12904 400
12904 400
12904 400
12905 400
12905 400
12905 400
12906 400
12906 400
12907 400
12907 400
12907 400
12910 400
12913 401
12915 401
12918 401
12921 401
12921 401
12921 400
12922 400
12922 400
12922 400
12923 400
12923 400
12923 400
12924 400
12924 400
12925 400
12925 400
12925 400
12926 400
12926 400
12926 400
12927 400
12927 399
12927 399
12928 399
12928 399
12929 400
12929 400
12929 400
12930 400
12930 400
12933 400
12935 401
12938 401
12941 401
12944 400
12944 400
12944 400
12944 400
12945 400
12945 400
12946 400
12946 400
12946 400
12947 400
12947 400
12947 400
12948 400
12948 400
12948 400
12949 400
12949 400
12950 399
12950 399
12950 399
12951 399
12951 399
12951 399
12952 400
12952 400
12952 400
12953 400
12956 400
12958 401
12961 401
12964 401
12967 400
12967 400
12967 400
12967 400
12968 400
12968 400
12968 400
12969 400
12969 400
12969 400
12970 400
12970 400
12971 400
12971 400
12971 400
12972 400
12972 400
12972 399
12973 399
12973 399
12973 399
12974 399
12974 399
12975 400
12975 400
12975 400
12976 400
12978 400
12981 401
12984 401
12987 401
12989 400
12989 400
12990 400
12990 400
12991 400
12991 400
12991 400
12992 400
12992 400
12992 400
12993 400
12993 400
12993 400
12994 400
12994 400
12995 400
12995 399
12995 399
12996 399
12996 399
12996 399
12997 399
12997 399
12997 399
12998 400
12998 400
12998 400
13001 400
13004 400
13007 401
13010 401
13012 400
13012 400
13013 400
13013 400
13013 400
13014 400
13014 400
13015 400
13015 400
13015 400
13016 400
13016 400
13016 400
13017 400
13017 400
13017 399
13018 399
13018 399
13019 399
13019 399
13019 399
13020 399
13020 399
13020 399
13021 399
13021 399
13021 400
13024 400
13027 400
13030 401
13033 401
13035 400
13035 400
13036 400
13036 400
13037 400
13037 400
13037 400
13038 400
13038 400
13038 400
13039 400
13039 400
13039 400
13040 399
13040 399
13040 399
13041 399
13041 399
13042 399
13042 399
13042 399
13043 399
13043 399
13043 399
13044 399
13044 399
13044 399
13047 400
13050 400
13053 400
13056 400
13058 400
13058 400
13059 400
13059 400
13060 400
13060 400
13060 400
13061 400
13061 400
13061 400
13062 400
13062 399
13062 399
13063 399
13063 399
13064 399
13064 399
13064 399
13065 399
13065 399
13065 399
13066 399
13066 399
13066 399
13067 399
13067 399
13068 399
13070 400
13073 400
13076 400
13079 400
13082 400
13082 400
13082 400
13082 400
13083 400
13083 400
13083 400
13084 400
13084 400
13085 399
13085 399
13085 399
13086 399
13086 399
13086 399
13087 399
13087 399
13087 399
13088 399
13088 399
13088 399
13089 399
13089 399
13090 399
13090 399
13090 399
13091 399
13093 400
13096 400
13099 400
13102 400
13105 400
13105 400
13105 400
13106 400
13106 400
13106 400
13107 399
13107 399
13107 399
13108 399
13108 399
13108 399
13109 399
13109 399
13110 399
13110 399
13110 399
13111 399
13111 399
13111 399
13112 399
13112 399
13112 399
13113 399
13113 399
13114 399
13114 399
13117 399
13120 400
13122 400
13125 400
13128 399
13128 399
13128 399
13129 399
13129 399
13129 399
13130 399
13130 399
13131 399
13131 399
13131 399
13132 399
13132 399
13132 399
13133 399
13133 398
13133 398
13134 398
13134 398
13135 398
13135 398
13135 398
13136 398
13136 398
13136 398
13137 398
13137 398
13140 399
13143 399
13146 399
13148 399
13151 399
13151 399
13152 399
13152 399
13152 399
13153 399
13153 399
13153 399
13154 398
13154 398
13155 398
13155 398
13155 398
13156 398
13156 398
13156 398
13157 398
13157 398
13157 398
13158 398
13158 398
13159 398
13159 398
13159 398
13160 398
13160 398
13160 398
13163 398
13166 399
13169 399
13172 399
13175 398
13175 398
13175 398
13175 398
13176 398
13176 398
13176 398
13177 398
13177 398
13178 398
13178 398
13178 398
13179 398
13179 398
13179 398
13180 397
13180 397
13180 397
13181 397
13181 397
13182 397
13182 397
13182 397
13183 397
13183 397
13183 397
13184 397
13187 398
13189 398
13192 398
13195 398
13198 398
13198 398
13198 398
13199 398
13199 398
13200 398
13200 398
13200 398
13201 398
13201 397
13201 397
13202 397
13202 397
13202 397
13203 397
13203 397
13204 397
13204 397
13204 397
13205 397
13205 397
13205 397
13206 397
13206 397
13206 397
13207 397
13207 397
13210 397
13213 398
13216 398
13219 398
13222 398
13222 398
13222 398
13222 398
13223 398
13223 398
13223 397
13224 397
13224 397
13224 397
13225 397
13225 397
13226 397
13226 397
13226 397
13227 397
13227 397
13227 397
13228 397
13228 397
13228 397
13229 397
13229 397
13230 397
13230 397
13230 397
13231 397
13234 397
13236 398
13239 398
13242 398
13245 398
13245 398
13245 398
13246 397
13246 397
13247 397
13247 397
13247 397
13248 397
13248 397
13248 397
13249 397
13249 397
13249 397
13250 397
13250 397
13251 397
13251 397
13251 397
13252 397
13252 397
13252 397
13253 397
13253 397
13253 397
13254 397
13254 397
13257 397
13260 398
13263 398
13266 398
13269 398
13269 398
13269 397
13269 397
13270 397
13270 397
13271 397
13271 397
13271 397
13272 397
13272 397
13272 397
13273 397
13273 397
13273 397
13274 397
13274 397
13275 397
13275 397
13275 397
13276 397
13276 397
13276 397
13277 397
13277 397
13277 397
13278 397
13281 397
13284 398
13287 398
13289 398
13292 398
13292 398
13293 397
13293 397
13293 397
13294 397
13294 397
13295 397
13295 397
13295 397
13296 397
13296 397
13296 397
13297 397
13297 397
13297 397
13298 397
13298 397
13299 397
13299 397
13299 397
13300 397
13300 397
13300 397
13301 397
13301 397
13301 397
13304 397
13307 398
13310 398
13313 398
13316 398
13316 398
13316 397
13317 397
13317 397
13318 397
13318 397
13318 397
13319 397
13319 397
13319 397
13320 397
13320 397
13320 397
13321 397
13321 397
13322 397
13322 397
13322 397
13323 397
13323 397
13323 397
13324 397
13324 397
13324 397
13325 397
13325 397
13328 397
13331 398
13334 398
13337 398
13340 398
13340 398
13340 398
13341 397
13341 397
13341 397
13342 397
13342 397
13342 397
13343 397
13343 397
13343 397
13344 397
13344 397
13345 397
13345 397
13345 397
13346 397
13346 397
13346 397
13347 397
13347 397
13347 397
13348 397
13348 397
13349 397
13349 397
13352 397
13355 398
13358 398
13361 398
13364 398
13364 398
13364 397
13364 397
13365 397
13365 397
13365 397
13366 397
13366 397
13367 397
13367 397
13367 397
13368 397
13368 397
13368 397
13369 397
13369 397
13369 397
13370 397
13370 397
13371 397
13371 397
13371 397
13372 397
13372 397
13372 397
13373 397
13376 397
13379 398
13382 398
13385 398
13388 397
13388 397
13388 397
13388 397
13389 397
13389 397
13389 397
13390 397
13390 397
13390 397
13391 397
13391 397
13392 397
13392 397
13392 397
13393 397
13393 397
13393 397
13394 397
13394 397
13394 397
13395 396
13395 397
13396 397
13396 397
13396 397
13397 397
13400 397
13403 397
13406 398
13409 398
13412 397
13412 397
13412 397
13412 397
13413 397
13413 397
13413 397
13414 397
13414 397
13414 397
13415 397
13415 397
13416 397
13416 397
13416 397
13417 397
13417 396
13417 396
13418 396
13418 396
13418 396
13419 396
13419 396
13420 396
13420 396
13420 396
13421 396
13424 397
13427 397
13430 398
13433 398
13436 397
13436 397
13436 397
13436 397
13437 397
13437 397
13437 397
13438 397
13438 397
13438 397
13439 397
13439 397
13440 397
13440 397
13440 396
13441 396
13441 396
13441 396
13442 396
13442 396
13442 396
13443 396
13443 396
13444 396
13444 396
13444 396
13445 396
13448 397
13451 397
13454 397
13457 397
13460 397
13460 397
13460 397
13460 397
13461 397
13461 397
13461 397
13462 397
13462 397
13462 397
13463 397
13463 396
13464 396
13464 396
13464 396
13465 396
13465 396
13465 396
13466 396
13466 396
13466 396
13467 396
13467 396
13468 396
13468 396
13468 396
13469 396
13472 397
13475 397
13478 397
13481 397
13484 397
13484 397
13484 397
13484 397
13485 397
13485 397
13485 397
13486 397
13486 396
13487 396
13487 396
13487 396
13488 396
13488 396
13488 396
13489 396
13489 396
13489 396
13490 396
13490 396
13491 396
13491 396
13491 396
13492 396
13492 396
13492 396
13493 396
13496 396
13499 397
13502 397
13505 397
13508 397
13508 397
13508 397
13509 396
13509 396
13509 396
13510 396
13510 396
13510 396
13511 396
13511 396
13511 396
13512 396
13512 396
13513 396
13513 396
13513 396
13514 396
13514 396
13514 396
13515 395
13515 395
13515 395
13516 395
13516 396
13517 396
13517 396
13520 396
13523 396
13526 396
13529 396
13532 396
13532 396
13532 396
13533 396
13533 396
13534 396
13534 396
13534 396
13535 396
13535 396
13535 395
13536 395
13536 395
13536 395
13537 395
13537 395
13538 395
13538 395
13538 395
13539 395
13539 395
13539 395
13540 395
13540 395
13540 395
13541 395
13541 395
13544 395
13547 396
13550 396
13553 396
13556 396
13556 396
13557 395
13557 395
13557 395
13558 395
13558 395
13559 395
13559 395
13559 395
13560 395
13560 395
13560 395
13561 395
13561 395
13561 395
13562 395
13562 395
13563 394
13563 394
13563 394
13564 394
13564 394
13564 394
13565 394
13565 394
13565 395
13569 395
13572 395
13575 395
13578 395
13581 395
13581 395
13581 395
13581 395
13582 395
13582 395
13583 395
13583 395
13583 395
13584 395
13584 395
13584 395
13585 394
13585 394
13585 394
13586 394
13586 394
13587 394
13587 394
13587 394
13588 394
13588 394
13588 394
13589 394
13589 394
13589 394
13590 394
13593 395
13596 395
13599 395
13602 395
13605 395
13605 395
13606 395
13606 395
13606 395
13607 395
13607 395
13607 395
13608 394
13608 394
13608 394
13609 394
13609 394
13610 394
13610 394
13610 394
13611 394
13611 394
13611 394
13612 394
13612 394
13612 394
13613 394
13613 394
13614 394
13614 394
13614 394
13617 394
13620 395
13623 395
13627 395
13630 395
13630 395
13630 395
13630 395
13631 395
13631 394
13631 394
13632 394
13632 394
13633 394
13633 394
13633 394
13634 394
13634 394
13634 394
13635 394
13635 394
13635 394
13636 394
13636 394
13637 394
13637 394
13637 394
13638 394
13638 394
13638 394
13639 394
13642 394
13645 395
13648 395
13651 395
13654 395
13654 395
13655 395
13655 395
13655 394
13656 394
13656 394
13656 394
13657 394
13657 394
13657 394
13658 394
13658 394
13659 394
13659 394
13659 394
13660 394
13660 394
13660 394
13661 394
13661 394
13661 394
13662 394
13662 394
13663 394
13663 394
13663 394
13666 394
13669 395
13673 395
13676 395
13679 395
13679 395
13679 395
13679 395
13680 394
13680 394
13681 394
13681 394
13681 394
13682 394
13682 394
13682 394
13683 394
13683 394
13683 394
13684 394
13684 394
13685 394
13685 394
13685 394
13686 394
13686 394
13686 394
13687 394
13687 394
13687 394
13688 394
13691 394
13694 395
13697 395
13700 395
13703 395
13703 395
13704 395
13704 395
13704 394
13705 394
13705 394
13706 394
13706 394
13706 394
13707 394
13707 394
13707 394
13708 394
13708 394
13708 394
13709 394
13709 394
13710 394
13710 394
13710 394
13711 394
13711 394
13711 394
13712 394
13712 394
13712 394
13716 394
13719 395
13722 395
13725 395
13728 395
13728 395
13728 395
13729 394
13729 394
13730 394
13730 394
13730 394
13731 394
13731 394
13731 394
13732 394
13732 394
13732 394
13733 394
13733 394
13734 394
13734 394
13734 394
13735 394
13735 394
13735 394
13736 394
13736 394
13736 394
13737 394
13737 394
13740 394
13743 395
13747 395
13750 395
13753 395
13753 395
13753 394
13754 394
13754 394
13754 394
13755 394
13755 394
13755 394
13756 394
13756 394
13757 394
13757 394
13757 394
13758 394
13758 394
13758 394
13759 394
13759 394
13759 394
13760 394
13760 394
13761 394
13761 394
13761 394
13762 394
13762 394
13765 394
13768 394
13771 395
13775 395
13778 394
13778 394
13778 394
13778 394
13779 394
13779 394
13780 394
13780 394
13780 394
13781 394
13781 394
13781 394
13782 394
13782 394
13782 394
13783 394
13783 394
13784 394
13784 394
13784 394
13785 394
13785 394
13785 393
13786 394
13786 394
13786 394
13787 394
13790 394
13793 394
13796 395
13799 395
13803 394
13803 394
13803 394
13803 394
13804 394
13804 394
13804 394
13805 394
13805 394
13806 394
13806 394
13806 394
13807 394
13807 394
13807 394
13808 394
13808 394
13808 393
13809 393
13809 393
13810 393
13810 393
13810 393
13811 393
13811 393
13811 393
13812 393
13815 394
13818 394
13821 394
13824 394
13828 394
13828 394
13828 394
13828 394
13829 394
13829 394
13829 394
13830 394
13830 394
13831 394
13831 394
13831 394
13832 394
13832 394
13832 393
13833 393
13833 393
13833 393
13834 393
13834 393
13835 393
13835 393
13835 393
13836 393
13836 393
13836 393
13837 393
13840 394
13843 394
13846 394
13849 394
13853 394
13853 394
13853 394
13853 394
13854 394
13854 394
13854 394
13855 394
13855 394
13856 394
13856 394
13856 393
13857 393
13857 393
13857 393
13858 393
13858 393
13858 393
13859 393
13859 393
13860 393
13860 393
13860 393
13861 393
13861 393
13861 393
13862 393
13865 393
13868 394
13871 394
13875 394
13878 394
13878 394
13878 394
13878 394
13879 394
13879 394
13880 393
13880 393
13880 393
13881 393
13881 393
13881 393
13882 393
13882 393
13882 393
13883 393
13883 393
13884 393
13884 393
13884 393
13885 393
13885 393
13885 393
13886 393
13886 393
13886 393
13887 393
13890 393
13893 393
13896 394
13900 394
13903 393
13903 393
13903 393
13904 393
13904 393
13904 393
13905 393
13905 393
13905 393
13906 393
13906 393
13906 393
13907 393
13907 393
13908 392
13908 392
13908 392
13909 392
13909 392
13909 392
13910 392
13910 392
13910 392
13911 392
13911 392
13912 392
13912 392
13915 393
13918 393
13922 393
13925 393
13928 393
13928 393
13928 393
13929 393
13929 393
13930 393
13930 392
13930 392
13931 392
13931 392
13931 392
13932 392
13932 392
13932 392
13933 392
13933 392
13934 392
13934 392
13934 392
13935 392
13935 392
13935 392
13936 392
13936 392
13936 392
13937 392
13937 392
13940 392
13944 392
13947 393
13950 392
13953 392
13953 392
13954 392
13954 392
13954 392
13955 392
13955 392
13956 392
13956 392
13956 392
13957 392
13957 392
13957 392
13958 391
13958 391
13958 391
13959 391
13959 391
13960 391
13960 391
13960 391
13961 391
13961 391
13961 391
13962 391
13962 391
13962 391
13966 391
13969 392
13972 392
13975 392
13979 392
13979 392
13979 392
13979 392
13980 392
13980 392
13980 391
13981 391
13981 391
13982 391
13982 391
13982 391
13983 391
13983 391
13983 391
13984 391
13984 391
13984 391
13985 391
13985 391
13986 391
13986 391
13986 391
13987 391
13987 391
13987 391
13988 391
13991 391
13994 392
13998 392
14001 392
14004 391
14004 391
14004 391
14005 391
14005 391
14006 391
14006 391
14006 391
14007 391
14007 391
14007 391
14008 391
14008 391
14008 391
14009 391
14009 391
14010 391
14010 391
14010 391
14011 391
14011 391
14011 391
14012 390
14012 390
14012 391
14013 391
14013 391
14016 391
14020 391
14023 392
14026 392
14029 391
14030 391
14030 391
14030 391
14031 391
14031 391
14031 391
14032 391
14032 391
14032 391
14033 391
14033 391
14033 391
14034 391
14034 391
14035 391
14035 391
14035 391
14036 390
14036 390
14036 390
14037 390
14037 390
14037 390
14038 390
14038 390
14039 390
14042 391
14045 391
14048 392
14052 392
14055 391
14055 391
14055 391
14056 391
14056 391
14056 391
14057 391
14057 391
14058 391
14058 391
14058 391
14059 391
14059 391
14059 391
14060 391
14060 391
14060 391
14061 391
14061 390
14062 390
14062 390
14062 390
14063 390
14063 390
14063 390
14064 390
14064 390
14067 391
14071 391
14074 392
14077 392
14081 391
14081 391
14081 391
14081 391
14082 391
14082 391
14082 391
14083 391
14083 391
14083 391
14084 391
14084 391
14085 391
14085 391
14085 391
14086 391
14086 391
14086 391
14087 391
14087 390
14087 390
14088 390
14088 390
14089 390
14089 390
14089 390
14090 390
14093 391
14096 391
14100 392
14103 392
14106 391
14106 391
14107 391
14107 391
14107 391
14108 391
14108 391
14108 391
14109 391
14109 391
14110 391
14110 391
14110 391
14111 391
14111 391
14111 391
14112 391
14112 391
14112 391
14113 391
14113 390
14113 390
14114 390
14114 390
14115 390
14115 390
14115 391
14119 391
14122 391
14125 392
14129 392
14132 391
14132 391
14132 391
14133 391
14133 391
14133 391
14134 391
14134 391
14134 391
14135 391
14135 391
14136 391
14136 391
14136 391
14137 391
14137 391
14137 391
14138 391
14138 391
14138 391
14139 390
14139 390
14140 390
14140 390
14140 390
14141 390
14141 390
14144 391
14148 391
14151 392
14154 392
14158 391
14158 391
14158 391
14158 391
14159 391
14159 391
14159 391
14160 391
14160 391
14161 391
14161 391
14161 391
14162 391
14162 391
14162 391
14163 391
14163 391
14163 391
14164 390
14164 390
14165 390
14165 390
14165 390
14166 390
14166 390
14166 390
14167 390
14170 391
14173 391
14177 392
14180 392
14183 391
14184 391
14184 391
14184 391
14185 391
14185 391
14185 391
14186 391
14186 391
14186 391
14187 391
14187 391
14187 391
14188 391
14188 391
14189 391
14189 391
14189 390
14190 390
14190 390
14190 390
14191 390
14191 390
14191 390
14192 390
14192 390
14193 390
14196 391
14199 391
14203 391
14206 391
14209 391
14209 391
14210 391
14210 391
14210 391
14211 391
14211 391
14212 391
14212 391
14212 391
14213 391
14213 391
14213 391
14214 391
14214 390
14214 390
14215 390
14215 390
14216 390
14216 390
14216 390
14217 390
14217 390
14217 390
14218 390
14218 390
14218 390
14222 391
14225 391
14229 391
14232 391
14235 391
14235 391
14236 391
14236 391
14236 391
14237 391
14237 391
14237 391
14238 391
14238 391
14239 391
14239 391
14239 390
14240 390
14240 390
14240 390
14241 390
14241 390
14241 390
14242 390
14242 390
14243 390
14243 390
14243 390
14244 390
14244 390
14244 390
14248 390
14251 391
14255 391
14258 391
14261 391
14261 391
14262 391
14262 391
14262 391
14263 391
14263 391
14263 391
14264 390
14264 390
14265 390
14265 390
14265 390
14266 390
14266 390
14266 390
14267 390
14267 390
14267 390
14268 390
14268 390
14269 390
14269 390
14269 390
14270 390
14270 390
14270 390
14274 390
14277 391
14281 391
14284 391
14287 391
14287 391
14288 390
14288 390
14288 390
14289 390
14289 390
14290 390
14290 390
14290 390
14291 390
14291 390
14291 390
14292 390
14292 390
14292 390
14293 390
14293 390
14294 390
14294 390
14294 390
14295 390
14295 389
14295 389
14296 389
14296 389
14296 389
14300 390
14303 390
14307 390
14310 390
14314 390
14314 390
14314 390
14314 390
14315 390
14315 390
14315 390
14316 390
14316 390
14316 390
14317 390
14317 389
14318 389
14318 389
14318 389
14319 389
14319 389
14319 389
14320 389
14320 389
14320 389
14321 389
14321 389
14322 389
14322 389
14322 389
14323 389
14326 389
14329 390
14333 390
14336 390
14340 389
14340 389
14340 389
14340 389
14341 389
14341 389
14342 389
14342 389
14342 389
14343 389
14343 389
14343 389
14344 389
14344 389
14344 389
14345 389
14345 389
14346 389
14346 389
14346 389
14347 388
14347 388
14347 388
14348 388
14348 388
14348 388
14349 388
14352 389
14356 389
14359 389
14363 389
14366 389
14366 389
14366 389
14367 389
14367 389
14367 389
14368 389
14368 389
14369 389
14369 389
14369 389
14370 389
14370 388
14370 388
14371 388
14371 388
14371 388
14372 388
14372 388
14373 388
14373 388
14373 388
14374 388
14374 388
14374 388
14375 388
14375 388
14379 388
14382 389
14385 389
14389 389
14392 389
14392 389
14393 389
14393 389
14393 389
14394 389
14394 389
14395 388
14395 388
14395 388
14396 388
14396 388
14396 388
14397 388
14397 388
14397 388
14398 388
14398 388
14399 388
14399 388
14399 388
14400 388
14400 388
14400 388
14401 388
14401 388
14401 388
14405 388
14408 389
14412 389
14415 389
14419 389
14419 389
14419 389
14419 388
14420 388
14420 388
14421 388
14421 388
14421 388
14422 388
14422 388
14422 388
14423 388
14423 388
14423 388
14424 388
14424 388
14425 388
14425 388
14425 388
14426 388
14426 388
14426 388
14427 388
14427 388
14427 388
14428 388
14431 388
14435 388
14438 389
14442 389
14445 388
14445 388
14446 388
14446 388
14446 388
14447 388
14447 388
14447 388
14448 388
14448 388
14448 388
14449 388
14449 388
14450 388
14450 388
14450 388
14451 388
14451 388
14451 388
14452 388
14452 388
14452 388
14453 388
14453 388
14454 388
14454 388
14454 388
14458 388
14461 388
14465 389
14468 389
14472 388
14472 388
14472 388
14472 388
14473 388
14473 388
14474 388
14474 388
14474 388
14475 388
14475 388
14475 388
14476 388
14476 388
14476 388
14477 388
14477 388
14478 388
14478 388
14478 388
14479 387
14479 387
14479 387
14480 387
14480 387
14480 387
14481 387
14484 388
14488 388
14491 388
14495 389
14498 388
14498 388
14499 388
14499 388
14499 388
14500 388
14500 388
14500 388
14501 388
14501 388
14502 388
14502 388
14502 388
14503 388
14503 388
14503 388
14504 388
14504 388
14504 387
14505 387
14505 387
14506 387
14506 387
14506 387
14507 387
14507 387
14507 387
14511 388
14514 388
14518 388
14521 388
14525 388
14525 388
14525 388
14526 388
14526 388
14526 388
14527 388
14527 388
14528 388
14528 388
14528 388
14529 388
14529 388
14529 388
14530 388
14530 388
14530 388
14531 387
14531 387
14532 387
14532 387
14532 387
14533 387
14533 387
14533 387
14534 387
14534 387
14538 388
14541 388
14545 388
14548 388
14552 388
14552 388
14552 388
14552 388
14553 388
14553 388
14554 388
14554 388
14554 388
14555 388
14555 388
14555 388
14556 388
14556 388
14556 388
14557 387
14557 387
14557 387
14558 387
14558 387
14559 387
14559 387
14559 387
14560 387
14560 387
14560 387
14561 387
14564 388
14568 388
14571 388
14575 388
14578 388
14578 388
14579 388
14579 388
14580 388
14580 388
14580 388
14581 388
14581 388
14581 388
14582 388
14582 388
14582 388
14583 387
14583 387
14584 387
14584 387
14584 387
14585 387
14585 387
14585 387
14586 387
14586 387
14586 387
14587 387
14587 387
14587 387
14591 387
14595 388
14598 388
14602 388
14605 388
14605 388
14606 388
14606 388
14606 388
14607 388
14607 388
14607 388
14608 388
14608 388
14609 388
14609 387
14609 387
14610 387
14610 387
14610 387
14611 387
14611 387
14611 387
14612 387
14612 387
14613 387
14613 387
14613 387
14614 387
14614 387
14614 387
14618 387
14621 388
14625 388
14629 388
14632 388
14632 388
14633 388
14633 388
14633 388
14634 388
14634 388
14634 387
14635 387
14635 387
14635 387
14636 387
14636 387
14636 387
14637 387
14637 387
14638 387
14638 387
14638 387
14639 387
14639 387
14639 387
14640 387
14640 387
14640 387
14641 387
14641 387
14645 387
14648 388
14652 388
14656 388
14659 388
14659 388
14659 388
14660 387
14660 387
14661 387
14661 387
14661 387
14662 387
14662 387
14662 387
14663 387
14663 387
14663 387
14664 387
14664 387
14665 387
14665 387
14665 387
14666 387
14666 387
14666 387
14667 387
14667 387
14667 387
14668 387
14668 387
14672 387
14675 387
14679 388
14683 388
14686 387
14686 387
14687 387
14687 387
14687 387
14688 387
14688 387
14688 387
14689 387
14689 387
14689 387
14690 387
14690 387
14691 387
14691 387
14691 387
14692 387
14692 387
14692 386
14693 386
14693 386
14693 386
14694 386
14694 386
14694 386
14695 386
14695 386
14699 387
14702 387
14706 387
14710 387
14713 387
14713 387
14714 387
14714 387
14714 387
14715 387
14715 387
14715 387
14716 387
14716 387
14717 387
14717 386
14717 386
14718 386
14718 386
14718 386
14719 386
14719 386
14719 386
14720 386
14720 386
14721 386
14721 386
14721 386
14722 386
14722 386
14722 386
14726 386
14730 387
14733 387
14737 387
14740 386
14740 386
14741 386
14741 386
14742 386
14742 386
14742 386
14743 386
14743 386
14743 386
14744 386
14744 386
14744 386
14745 386
14745 386
14746 386
14746 386
14746 386
14747 386
14747 386
14747 385
14748 385
14748 385
14748 385
14749 385
14749 385
14749 385
14753 386
14757 386
14760 386
14764 386
14768 386
14768 386
14768 386
14768 386
14769 386
14769 386
14769 386
14770 386
14770 386
14771 386
14771 385
14771 385
14772 385
14772 385
14772 385
14773 385
14773 385
14773 385
14774 385
14774 385
14775 385
14775 385
14775 385
14776 385
14776 385
14776 385
14777 385
14780 385
14784 386
14788 386
14791 386
14795 385
14795 385
14795 385
14796 385
14796 385
14796 385
14797 385
14797 385
14797 385
14798 385
14798 385
14799 385
14799 385
14799 385
14800 385
14800 385
14800 385
14801 385
14801 385
14801 385
14802 385
14802 385
14803 385
14803 385
14803 385
14804 385
14804 385
14808 385
14811 385
14815 385
14819 385
14822 385
14822 385
14823 385
14823 385
14823 385
14824 385
14824 385
14824 385
14825 385
14825 385
14826 385
14826 385
14826 385
14827 385
14827 385
14827 385
14828 384
14828 384
14828 384
14829 384
14829 384
14830 384
14830 384
14830 384
14831 384
14831 384
14831 384
14835 385
14839 385
14842 385
14846 385
14850 385
14850 385
14850 385
14850 385
14851 385
14851 385
14852 385
14852 385
14852 385
14853 385
14853 385
14853 385
14854 384
14854 384
14854 384
14855 384
14855 384
14855 384
14856 384
14856 384
14857 384
14857 384
14857 384
14858 384
14858 384
14858 384
14859 384
14862 384
14866 385
14870 385
14873 385
14877 385
14877 385
14878 385
14878 385
14878 385
14879 385
14879 385
14879 385
14880 385
14880 385
14880 384
14881 384
14881 384
14882 384
14882 384
14882 384
14883 384
14883 384
14883 384
14884 384
14884 384
14884 384
14885 384
14885 384
14886 384
14886 384
14886 384
14890 384
14894 385
14897 385
14901 385
14905 385
14905 385
14905 385
14905 385
14906 385
14906 385
14907 385
14907 385
14907 385
14908 384
14908 384
14908 384
14909 384
14909 384
14909 384
14910 384
14910 384
14911 384
14911 384
14911 384
14912 384
14912 384
14912 384
14913 384
14913 384
14913 384
14914 384
14918 384
14921 385
14925 385
14929 385
14932 385
14932 385
14933 385
14933 385
14933 385
14934 385
14934 385
14935 384
14935 384
14935 384
14936 384
14936 384
14936 384
14937 384
14937 384
14937 384
14938 384
14938 384
14939 384
14939 384
14939 384
14940 384
14940 384
14940 384
14941 384
14941 384
14941 384
14945 384
14949 385
14953 385
14956 385
14960 385
14960 385
14960 385
14961 385
14961 385
14962 385
14962 384
14962 384
14963 384
14963 384
14963 384
14964 384
14964 384
14964 384
14965 384
14965 384
14966 384
14966 384
14966 384
14967 384
14967 384
14967 384
14968 384
14968 384
14968 384
14969 384
14969 384
14973 384
14977 384
14980 385
14984 385
14988 385
14988 385
14988 385
14989 385
14989 384
14989 384
14990 384
14990 384
14990 384
14991 384
14991 384
14991 384
14992 384
14992 384
14993 384
14993 384
14993 384
14994 384
14994 384
14994 384
14995 384
14995 384
14995 384
14996 384
14996 384
14997 384
14997 384
15001 384
15004 384
15008 385
15012 385
15016 384
15016 384
15016 384
15016 384
15017 384
15017 384
15017 384
15018 384
15018 384
15019 384
15019 384
15019 384
15020 384
15020 384
15020 384
15021 384
15021 384
15021 384
15022 384
15022 384
15023 384
15023 384
15023 384
15024 384
15024 384
15024 384
15025 384
15028 384
15032 384
15036 385
15040 385
15043 384
15043 384
15044 384
15044 384
15045 384
15045 384
15045 384
15046 384
15046 384
15046 384
15047 384
15047 384
15047 384
15048 384
15048 384
15049 384
15049 384
15049 384
15050 384
15050 384
15050 384
15051 383
15051 383
15051 383
15052 383
15052 383
15053 383
15056 384
15060 384
15064 384
15068 384
15071 384
15071 384
15072 384
15072 384
15073 384
15073 384
15073 384
15074 384
15074 384
15074 384
15075 384
15075 384
15075 384
15076 384
15076 384
15077 384
15077 383
15077 383
15078 383
15078 383
15078 383
15079 383
15079 383
15079 383
15080 383
15080 383
15081 383
15084 384
15088 384
15092 384
15096 384
15099 384
15099 384
15100 384
15100 384
15101 384
15101 384
15101 384
15102 384
15102 384
15102 384
15103 384
15103 384
15103 383
15104 383
15104 383
15105 383
15105 383
15105 383
15106 383
15106 383
15106 383
15107 383
15107 383
15107 383
15108 383
15108 383
15109 383
15112 383
15116 384
15120 384
15124 384
15128 384
15128 384
15128 384
15128 384
15129 384
15129 384
15129 383
15130 383
15130 383
15130 383
15131 383
15131 383
15132 383
15132 383
15132 383
15133 383
15133 383
15133 383
15134 383
15134 383
15134 383
15135 383
15135 383
15136 383
15136 383
15136 383
15137 383
15140 383
15144 383
15148 383
15152 383
15156 383
15156 383
15156 383
15156 383
15157 383
15157 383
15158 383
15158 383
15158 383
15159 383
15159 383
15159 383
15160 383
15160 383
15160 383
15161 383
15161 382
15162 382
15162 382
15162 382
15163 382
15163 382
15163 382
15164 382
15164 382
15164 382
15165 382
15169 382
15172 383
15176 383
15180 383
15184 383
15184 383
15184 383
15185 383
15185 383
15185 383
15186 383
15186 382
15186 382
15187 382
15187 382
15188 382
15188 382
15188 382
15189 382
15189 382
15189 382
15190 382
15190 382
15190 382
15191 382
15191 382
15192 382
15192 382
15192 382
15193 382
15193 382
15197 382
15201 382
15205 383
15208 383
15212 382
15212 382
15213 382
15213 382
15213 382
15214 382
15214 382
15214 382
15215 382
15215 382
15215 382
15216 382
15216 382
15217 382
15217 382
15217 382
15218 382
15218 382
15218 382
15219 381
15219 381
15219 381
15220 381
15220 381
15221 381
15221 381
15221 381
15225 382
15229 382
15233 382
15237 382
15241 382
15241 382
15241 382
15241 382
15242 382
15242 382
15242 382
15243 382
15243 382
15243 382
15244 382
15244 382
15245 382
15245 381
15245 381
15246 381
15246 381
15246 381
15247 381
15247 381
15247 381
15248 381
15248 381
15249 381
15249 381
15249 381
15250 381
15253 381
15257 382
15261 382
15265 382
15269 382
15269 382
15269 382
15270 382
15270 382
15270 382
15271 382
15271 382
15271 382
15272 382
15272 382
15273 382
15273 382
15273 381
15274 381
15274 381
15274 381
15275 381
15275 381
15275 381
15276 381
15276 381
15277 381
15277 381
15277 381
15278 381
15278 381
15282 381
15286 382
15290 382
15294 382
15297 382
15297 382
15298 382
15298 382
15299 382
15299 382
15299 382
15300 382
15300 382
15300 382
15301 382
15301 382
15301 382
15302 382
15302 381
15303 381
15303 381
15303 381
15304 381
15304 381
15304 381
15305 381
15305 381
15305 381
15306 381
15306 381
15307 381
15310 381
15314 382
15318 382
15322 382
15326 382
15326 382
15326 382
15327 382
15327 382
15327 382
15328 382
15328 382
15329 382
15329 382
15329 382
15330 382
15330 382
15330 382
15331 382
15331 381
15331 381
15332 381
15332 381
15332 381
15333 381
15333 381
15334 381
15334 381
15334 381
15335 381
15335 381
15339 381
15343 382
15347 382
15351 382
15355 382
15355 382
15355 382
15355 382
15356 382
15356 382
15356 382
15357 382
15357 382
15357 382
15358 382
15358 382
15359 382
15359 382
15359 382
15360 381
15360 381
15360 381
15361 381
15361 381
15361 381
15362 381
15362 381
15363 381
15363 381
15363 381
15364 381
15368 381
15371 382
15375 382
15379 382
15383 382
15383 382
15384 382
15384 382
15384 382
15385 382
15385 382
15385 382
15386 382
15386 382
15387 382
15387 382
15387 382
15388 382
15388 382
15388 381
15389 381
15389 381
15389 381
15390 381
15390 381
15391 381
15391 381
15391 381
15392 381
15392 381
15392 381
15396 381
15400 382
15404 382
15408 382
15412 382
15412 382
15412 382
15413 382
15413 382
15413 382
15414 382
15414 382
15415 382
15415 382
15415 382
15416 382
15416 382
15416 381
15417 381
15417 381
15417 381
15418 381
15418 381
15419 381
15419 381
15419 381
15420 381
15420 381
15420 381
15421 381
15421 381
15425 381
15429 382
15433 382
15437 382
15441 382
15441 382
15441 382
15442 382
15442 382
15442 382
15443 382
15443 382
15443 382
15444 382
15444 381
15444 381
15445 381
15445 381
15446 381
15446 381
15446 381
15447 381
15447 381
15447 381
15448 381
15448 381
15448 381
15449 381
15449 381
15450 381
15450 381
15454 381
15458 382
15462 382
15466 382
15470 382
15470 382
15470 382
15470 382
15471 382
15471 382
15471 381
15472 381
15472 381
15473 381
15473 381
15473 381
15474 381
15474 381
15474 381
15475 381
15475 381
15475 381
15476 381
15476 381
15477 381
15477 381
15477 381
15478 381
15478 381
15478 381
15479 381
15483 381
15487 381
15491 382
15495 382
15499 381
15499 381
15499 381
15499 381
15500 381
15500 381
15500 381
15501 381
15501 381
15502 381
15502 381
15502 381
15503 381
15503 381
15503 381
15504 381
15504 381
15504 381
15505 381
15505 381
15506 381
15506 381
15506 381
15507 381
15507 381
15507 380
15508 380
15512 381
15516 381
15520 381
15524 381
15528 381
15528 381
15528 381
15528 381
15529 381
15529 381
15530 381
15530 381
15530 381
15531 381
15531 381
15531 381
15532 381
15532 381
15532 381
15533 381
15533 381
15534 380
15534 380
15534 380
15535 380
15535 380
15535 380
15536 380
15536 380
15536 380
15537 380
15541 380
15545 381
15549 381
15553 381
15557 381
15557 381
15557 381
15558 381
15558 381
15558 381
15559 381
15559 381
15559 381
15560 381
15560 380
15560 380
15561 380
15561 380
15561 380
15562 380
15562 380
15563 380
15563 380
15563 380
15564 380
15564 380
15564 380
15565 380
15565 380
15565 380
15566 380
15570 380
15574 380
15578 381
15582 381
15586 380
15586 380
15586 380
15587 380
15587 380
15587 380
15588 380
15588 380
15588 380
15589 380
15589 380
15590 380
15590 380
15590 380
15591 380
15591 380
15591 380
15592 380
15592 380
15592 380
15593 380
15593 380
15594 380
15594 380
15594 380
15595 379
15595 379
15599 380
15603 380
15607 380
15611 380
15615 380
15615 380
15616 380
15616 380
15616 380
15617 380
15617 380
15617 380
15618 380
15618 380
15618 380
15619 380
15619 379
15619 379
15620 379
15620 379
15621 379
15621 379
15621 379
15622 379
15622 379
15622 379
15623 379
15623 379
15623 379
15624 379
15624 379
15628 379
15632 379
15636 380
15640 380
15644 379
15644 379
15645 379
15645 379
15646 379
15646 379
15646 379
15647 379
15647 379
15647 379
15648 379
15648 379
15648 379
15649 379
15649 379
15649 379
15650 379
15650 379
15651 379
15651 379
15651 379
15652 378
15652 378
15652 378
15653 378
15653 378
15653 378
15658 379
15662 379
15666 379
15670 379
15674 379
15674 379
15674 379
15675 379
15675 379
15675 379
15676 379
15676 379
15676 379
15677 379
15677 379
15677 378
15678 378
15678 378
15678 378
15679 378
15679 378
15680 378
15680 378
15680 378
15681 378
15681 378
15681 378
15682 378
15682 378
15682 378
15683 378
15687 378
15691 378
15695 379
15699 379
15703 379
15703 379
15704 379
15704 378
15704 378
15705 378
15705 378
15705 378
15706 378
15706 378
15706 378
15707 378
15707 378
15708 378
15708 378
15708 378
15709 378
15709 378
15709 378
15710 378
15710 378
15710 378
15711 378
15711 378
15712 378
15712 378
15712 378
15716 378
15720 378
15725 378
15729 378
15733 378
15733 378
15733 378
15733 378
15734 378
15734 378
15735 378
15735 378
15735 378
15736 378
15736 378
15736 378
15737 378
15737 378
15737 378
15738 378
15738 378
15739 378
15739 378
15739 378
15740 377
15740 377
15740 377
15741 377
15741 377
15741 377
15742 377
15746 378
15750 378
15754 378
15758 378
15762 378
15762 378
15763 378
15763 378
15763 378
15764 378
15764 378
15765 378
15765 378
15765 378
15766 378
15766 378
15766 378
15767 378
15767 378
15767 378
15768 377
15768 377
15769 377
15769 377
15769 377
15770 377
15770 377
15770 377
15771 377
15771 377
15771 377
15776 377
15780 378
15784 378
15788 378
15792 378
15792 378
15792 378
15793 378
15793 378
15793 378
15794 378
15794 378
15795 378
15795 378
15795 378
15796 378
15796 378
15796 377
15797 377
15797 377
15797 377
15798 377
15798 377
15799 377
15799 377
15799 377
15800 377
15800 377
15800 377
15801 377
15801 377
15805 377
15809 378
15813 378
15818 378
15822 378
15822 378
15822 378
15822 378
15823 378
15823 378
15823 378
15824 378
15824 378
15825 378
15825 378
15825 377
15826 377
15826 377
15826 377
15827 377
15827 377
15827 377
15828 377
15828 377
15829 377
15829 377
15829 377
15830 377
15830 377
15830 377
15831 377
15835 377
15839 378
15843 378
15847 378
15851 378
15851 378
15852 378
15852 378
15853 378
15853 378
15853 378
15854 378
15854 377
15854 377
15855 377
15855 377
15855 377
15856 377
15856 377
15856 377
15857 377
15857 377
15858 377
15858 377
15858 377
15859 377
15859 377
15859 377
15860 377
15860 377
15860 377
15865 377
15869 377
15873 378
15877 378
15881 378
15881 378
15882 378
15882 378
15882 378
15883 377
15883 377
15883 377
15884 377
15884 377
15885 377
15885 377
15885 377
15886 377
15886 377
15886 377
15887 377
15887 377
15887 377
15888 377
15888 377
15889 377
15889 377
15889 377
15890 377
15890 377
15890 377
15894 377
15899 377
15903 378
15907 378
15911 377
15911 377
15912 377
15912 377
15912 377
15913 377
15913 377
15913 377
15914 377
15914 377
15914 377
15915 377
15915 377
15916 377
15916 377
15916 377
15917 377
15917 377
15917 377
15918 377
15918 377
15918 377
15919 377
15919 377
15920 377
15920 377
15920 377
15924 377
15929 377
15933 377
15937 377
15941 377
15941 377
15942 377
15942 377
15942 377
15943 377
15943 377
15943 377
15944 377
15944 377
15944 377
15945 377
15945 377
15946 377
15946 377
15946 377
15947 377
15947 377
15947 377
15948 377
15948 377
15948 377
15949 376
15949 376
15950 376
15950 376
15950 376
15954 377
15959 377
15963 377
15967 377
15971 377
15971 377
15972 377
15972 377
15972 377
15973 377
15973 377
15973 377
15974 377
15974 377
15974 377
15975 377
15975 377
15976 377
15976 377
15976 377
15977 376
15977 376
15977 376
15978 376
15978 376
15978 376
15979 376
15979 376
15980 376
15980 376
15980 376
15985 376
15989 377
15993 377
15997 377
16001 377
16001 377
16002 377
16002 377
16002 377
16003 377
16003 377
16004 377
16004 377
16004 377
16005 377
16005 376
16005 376
16006 376
16006 376
16006 376
16007 376
16007 376
16008 376
16008 376
16008 376
16009 376
16009 376
16009 376
16010 376
16010 376
16010 376
16015 376
16019 377
16023 377
16027 377
16032 377
16032 377
16032 377
16032 377
16033 377
16033 376
16033 376
16034 376
16034 376
16034 376
16035 376
16035 376
16036 376
16036 376
16036 376
16037 376
16037 376
16037 376
16038 376
16038 376
16038 376
16039 376
16039 376
16040 376
16040 376
16040 376
16041 376
16045 376
16049 376
16053 376
16058 377
16062 376
16062 376
16062 376
16063 376
16063 376
16063 376
16064 376
16064 376
16064 376
16065 376
16065 376
16065 376
16066 376
16066 376
16067 376
16067 376
16067 376
16068 376
16068 376
16068 376
16069 375
16069 375
16069 375
16070 375
16070 375
16070 375
16071 375
16075 375
16079 376
16084 376
16088 376
16092 376
16092 376
16092 376
16093 376
16093 376
16094 376
16094 376
16094 376
16095 376
16095 375
16095 375
16096 375
16096 375
16096 375
16097 375
16097 375
16098 375
16098 375
16098 375
16099 375
16099 375
16099 375
16100 375
16100 375
16100 375
16101 375
16101 375
16105 375
16110 375
16114 375
16118 375
16123 375
16123 375
16123 375
16123 375
16124 375
16124 375
16124 375
16125 375
16125 375
16125 375
16126 375
16126 375
16127 375
16127 375
16127 375
16128 375
16128 375
16128 375
16129 375
16129 374
16129 374
16130 374
16130 374
16131 374
16131 374
16131 374
16132 374
16136 374
16140 375
16144 375
16149 375
16153 375
16153 375
16153 375
16154 375
16154 375
16154 375
16155 375
16155 375
16156 375
16156 375
16156 374
16157 374
16157 374
16157 374
16158 374
16158 374
16158 374
16159 374
16159 374
16160 374
16160 374
16160 374
16161 374
16161 374
16161 374
16162 374
16162 374
16166 374
16171 374
16175 375
16179 375
16184 374
16184 374
16184 374
16184 374
16185 374
16185 374
16185 374
16186 374
16186 374
16186 374
16187 374
16187 374
16188 374
16188 374
16188 374
16189 374
16189 374
16189 374
16190 374
16190 374
16190 374
16191 374
16191 374
16192 374
16192 374
16192 374
16193 374
16197 374
16201 374
16206 374
16210 374
16214 374
16214 374
16215 374
16215 374
16215 374
16216 374
16216 374
16216 374
16217 374
16217 374
16217 374
16218 374
16218 374
16219 374
16219 374
16219 374
16220 374
16220 374
16220 374
16221 373
16221 373
16221 373
16222 373
16222 373
16223 373
16223 373
16223 373
16228 373
16232 374
16236 374
16241 374
16245 374
16245 374
16245 374
16246 374
16246 374
16246 374
16247 374
16247 374
16247 374
16248 374
16248 374
16249 374
16249 374
16249 374
16250 374
16250 373
16250 373
16251 373
16251 373
16251 373
16252 373
16252 373
16253 373
16253 373
16253 373
16254 373
16254 373
16258 373
16263 374
16267 374
16271 374
16276 374
16276 374
16276 374
16276 374
16277 374
16277 374
16277 374
16278 374
16278 374
16279 374
16279 374
16279 374
16280 373
16280 373
16280 373
16281 373
16281 373
16281 373
16282 373
16282 373
16283 373
16283 373
16283 373
16284 373
16284 373
16284 373
16285 373
16289 373
16293 374
16298 374
16302 374
16306 374
16306 374
16307 374
16307 374
16308 374
16308 374
16308 374
16309 374
16309 374
16309 374
16310 373
16310 373
16310 373
16311 373
16311 373
16312 373
16312 373
16312 373
16313 373
16313 373
16313 373
16314 373
16314 373
16314 373
16315 373
16315 373
16316 373
16320 373
16324 373
16329 374
16333 374
16337 374
16337 374
16338 374
16338 374
16338 374
16339 374
16339 374
16340 373
16340 373
16340 373
16341 373
16341 373
16341 373
16342 373
16342 373
16342 373
16343 373
16343 373
16344 373
16344 373
16344 373
16345 373
16345 373
16345 373
16346 373
16346 373
16346 373
16351 373
16355 373
16360 374
16364 374
16368 374
16368 374
16369 374
16369 373
16369 373
16370 373
16370 373
16371 373
16371 373
16371 373
16372 373
16372 373
16372 373
16373 373
16373 373
16373 373
16374 373
16374 373
16375 373
16375 373
16375 373
16376 373
16376 373
16376 373
16377 373
16377 373
16377 373
16382 373
16386 373
16391 374
16395 374
16399 373
16399 373
16400 373
16400 373
16401 373
16401 373
16401 373
16402 373
16402 373
16402 373
16403 373
16403 373
16403 373
16404 373
16404 373
16405 373
16405 373
16405 373
16406 373
16406 373
16406 373
16407 373
16407 373
16407 373
16408 373
16408 373
16409 373
16413 373
16417 373
16422 373
16426 373
16431 373
16431 373
16431 373
16431 373
16432 373
16432 373
16432 373
16433 373
16433 373
16433 373
16434 373
16434 373
16435 373
16435 373
16435 373
16436 373
16436 373
16436 373
16437 373
16437 373
16437 373
16438 372
16438 372
16439 372
16439 372
16439 372
16440 372
16444 373
16448 373
16453 373
16457 373
16462 373
16462 373
16462 373
16462 373
16463 373
16463 373
16464 373
16464 373
16464 373
16465 373
16465 373
16465 373
16466 373
16466 373
16466 373
16467 373
16467 372
16468 372
16468 372
16468 372
16469 372
16469 372
16469 372
16470 372
16470 372
16470 372
16471 372
16475 372
16480 373
16484 373
16489 373
16493 373
16493 373
16493 373
16494 373
16494 373
16494 373
16495 373
16495 373
16496 373
16496 373
16496 373
16497 372
16497 372
16497 372
16498 372
16498 372
16498 372
16499 372
16499 372
16499 372
16500 372
16500 372
16501 372
16501 372
16501 372
16502 372
16502 372
16506 372
16511 372
16515 373
16520 373
16524 373
16524 373
16525 373
16525 372
16525 372
16526 372
16526 372
16526 372
16527 372
16527 372
16528 372
16528 372
16528 372
16529 372
16529 372
16529 372
16530 372
16530 372
16530 372
16531 372
16531 372
16532 372
16532 372
16532 372
16533 372
16533 372
16533 372
16538 372
16542 372
16547 372
16551 372
16556 372
16556 372
16556 372
16556 372
16557 372
16557 372
16557 372
16558 372
16558 372
16559 372
16559 372
16559 372
16560 372
16560 372
16560 372
16561 372
16561 371
16561 371
16562 371
16562 371
16563 371
16563 371
16563 371
16564 371
16564 371
16564 371
16565 371
16569 371
16574 372
16578 372
16583 372
16587 372
16587 372
16588 372
16588 372
16588 371
16589 371
16589 371
16589 371
16590 371
16590 371
16590 371
16591 371
16591 371
16592 371
16592 371
16592 371
16593 371
16593 371
16593 371
16594 371
16594 371
16594 371
16595 371
16595 371
16596 371
16596 371
16596 371
16601 371
16605 371
16610 371
16614 371
16619 371
16619 371
16619 371
16619 371
16620 371
16620 371
16621 371
16621 371
16621 371
16622 371
16622 371
16622 371
16623 371
16623 371
16623 371
16624 371
16624 371
16625 371
16625 370
16625 370
16626 370
16626 370
16626 370
16627 370
16627 370
16627 370
16628 370
16632 370
16637 371
16641 371
16646 371
16650 371
16650 371
16651 371
16651 371
16651 371
16652 371
16652 371
16653 371
16653 371
16653 371
16654 371
16654 370
16654 370
16655 370
16655 370
16655 370
16656 370
16656 370
16657 370
16657 370
16657 370
16658 370
16658 370
16658 370
16659 370
16659 370
16659 370
16664 370
16668 370
16673 371
16677 371
16682 371
16682 371
16682 371
16683 371
16683 370
16683 370
16684 370
16684 370
16685 370
16685 370
16685 370
16686 370
16686 370
16686 370
16687 370
16687 370
16687 370
16688 370
16688 370
16689 370
16689 370
16689 370
16690 370
16690 370
16690 370
16691 370
16691 370
16696 370
16700 370
16705 371
16709 371
16714 370
16714 370
16714 370
16715 370
16715 370
16715 370
16716 370
16716 370
16716 370
16717 370
16717 370
16717 370
16718 370
16718 370
16719 370
16719 370
16719 370
16720 370
16720 370
16720 370
16721 370
16721 370
16721 370
16722 370
16722 370
16723 370
16723 370
16727 370
16732 370
16737 370
16741 370
16746 370
16746 370
16746 370
16746 370
16747 370
16747 370
16747 370
16748 370
16748 370
16749 370
16749 370
16749 370
16750 370
16750 370
16750 370
16751 370
16751 370
16751 370
16752 370
16752 370
16753 370
16753 370
16753 370
16754 370
16754 370
16754 369
16755 369
16759 370
16764 370
16768 370
16773 370
16778 370
16778 370
16778 370
16778 370
16779 370
16779 370
16779 370
16780 370
16780 370
16780 370
16781 370
16781 370
16782 370
16782 370
16782 370
16783 370
16783 370
16783 370
16784 370
16784 370
16784 370
16785 370
16785 370
16785 370
16786 369
16786 369
16787 369
16791 370
16796 370
16800 370
16805 370
16809 370
16810 370
16810 370
16810 370
16811 370
16811 370
16811 370
16812 370
16812 370
16812 370
16813 370
16813 370
16813 370
16814 370
16814 370
16815 370
16815 370
16815 370
16816 370
16816 370
16816 370
16817 370
16817 370
16817 370
16818 370
16818 369
16819 369
16823 370
16828 370
16832 370
16837 370
16842 370
16842 370
16842 370
16842 370
16843 370
16843 370
16843 370
16844 370
16844 370
16844 370
16845 370
16845 370
16846 370
16846 370
16846 370
16847 370
16847 370
16847 370
16848 370
16848 370
16848 370
16849 370
16849 370
16850 369
16850 369
16850 369
16851 369
16855 370
16860 370
16864 370
16869 370
16874 370
16874 370
16874 370
16874 370
16875 370
16875 370
16876 370
16876 370
16876 370
16877 370
16877 370
16877 370
16878 370
16878 370
16878 370
16879 370
16879 370
16880 370
16880 370
16880 370
16881 370
16881 369
16881 369
16882 369
16882 369
16882 369
16883 369
16887 369
16892 370
16897 370
16901 370
16906 370
16906 370
16906 370
16907 370
16907 370
16907 370
16908 370
16908 370
16908 370
16909 370
16909 370
16910 370
16910 370
16910 370
16911 370
16911 370
16911 370
16912 369
16912 369
16912 369
16913 369
16913 369
16914 369
16914 369
16914 369
16915 369
16915 369
16920 369
16924 370
16929 370
16934 370
16938 370
16938 370
16939 370
16939 370
16939 370
16940 370
16940 370
16940 370
16941 370
16941 370
16941 370
16942 370
16942 370
16943 369
16943 369
16943 369
16944 369
16944 369
16944 369
16945 369
16945 369
16945 369
16946 369
16946 369
16947 369
16947 369
16947 369
16952 369
16957 369
16961 370
16966 370
16971 370
16971 370
16971 370
16971 370
16972 370
16972 370
16972 369
16973 369
16973 369
16973 369
16974 369
16974 369
16975 369
16975 369
16975 369
16976 369
16976 369
16976 369
16977 369
16977 369
16977 369
16978 369
16978 369
16979 369
16979 369
16979 369
16980 369
16984 369
16989 369
16994 369
16998 370
17003 369
17003 369
17003 369
17004 369
17004 369
17004 369
17005 369
17005 369
17006 369
17006 369
17006 369
17007 369
17007 369
17007 369
17008 369
17008 369
17008 369
17009 369
17009 369
17010 369
17010 369
17010 369
17011 369
17011 369
17011 369
17012 369
17012 368
17017 369
17021 369
17026 369
17031 369
17035 369
17035 369
17036 369
17036 369
17037 369
17037 369
17037 369
17038 369
17038 369
17038 369
17039 369
17039 369
17039 369
17040 369
17040 369
17041 368
17041 368
17041 368
17042 368
17042 368
17042 368
17043 368
17043 368
17043 368
17044 368
17044 368
17045 368
17049 368
17054 368
17059 369
17063 369
17068 368
17068 368
17068 368
17069 368
17069 368
17070 368
17070 368
17070 368
17071 368
17071 368
17071 368
17072 368
17072 368
17072 368
17073 368
17073 368
17074 368
17074 368
17074 368
17075 368
17075 368
17075 368
17076 368
17076 368
17076 368
17077 368
17077 368
17082 368
17087 368
17091 368
17096 368
17101 368
17101 368
17101 368
17101 368
17102 368
17102 368
17103 368
17103 368
17103 368
17104 368
17104 368
17104 368
17105 368
17105 367
17105 367
17106 367
17106 367
17107 367
17107 367
17107 367
17108 367
17108 367
17108 367
17109 367
17109 367
17109 367
17110 367
17115 367
17119 367
17124 368
17129 368
17133 367
17134 367
17134 367
17134 367
17135 367
17135 367
17135 367
17136 367
17136 367
17136 367
17137 367
17137 367
17137 367
17138 367
17138 367
17139 367
17139 367
17139 367
17140 367
17140 367
17140 367
17141 367
17141 367
17141 367
17142 367
17142 367
17143 366
17147 367
17152 367
17157 367
17162 367
17166 367
17166 367
17167 367
17167 367
17167 367
17168 367
17168 367
17168 367
17169 367
17169 367
17170 367
17170 367
17170 367
17171 367
17171 367
17171 366
17172 366
17172 366
17172 366
17173 366
17173 366
17174 366
17174 366
17174 366
17175 366
17175 366
17175 366
17180 366
17185 367
17190 367
17194 367
17199 367
17199 367
17200 367
17200 367
17200 367
17201 367
17201 367
17201 366
17202 366
17202 366
17202 366
17203 366
17203 366
17203 366
17204 366
17204 366
17205 366
17205 366
17205 366
17206 366
17206 366
17206 366
17207 366
17207 366
17207 366
17208 366
17208 366
17213 366
17218 366
17223 367
17227 367
17232 366
17232 366
17232 366
17233 366
17233 366
17234 366
17234 366
17234 366
17235 366
17235 366
17235 366
17236 366
17236 366
17236 366
17237 366
17237 366
17238 366
17238 366
17238 366
17239 366
17239 366
17239 366
17240 366
17240 366
17240 366
17241 366
17241 366
17246 366
17251 366
17255 366
17260 366
17265 366
17265 366
17265 366
17266 366
17266 366
17267 366
17267 366
17267 366
17268 366
17268 366
17268 366
17269 366
17269 366
17269 366
17270 366
17270 366
17271 366
17271 366
17271 366
17272 366
17272 366
17272 366
17273 366
17273 366
17273 366
17274 365
17274 365
17279 366
17284 366
17289 366
17293 366
17298 366
17298 366
17299 366
17299 366
17299 366
17300 366
17300 366
17300 366
17301 366
17301 366
17301 366
17302 366
17302 366
17303 366
17303 366
17303 366
17304 366
17304 366
17304 366
17305 366
17305 365
17305 365
17306 365
17306 365
17307 365
17307 365
17307 365
17312 365
17317 366
17322 366
17327 366
17331 366
17331 366
17332 366
17332 366
17332 366
17333 366
17333 366
17334 366
17334 366
17334 366
17335 366
17335 366
17335 366
17336 366
17336 366
17336 366
17337 365
17337 365
17338 365
17338 365
17338 365
17339 365
17339 365
17339 365
17340 365
17340 365
17340 365
17345 365
17350 366
17355 366
17360 366
17365 366
17365 366
17365 366
17365 366
17366 366
17366 366
17366 366
17367 366
17367 366
17367 366
17368 366
17368 366
17369 365
17369 365
17369 365
17370 365
17370 365
17370 365
17371 365
17371 365
17371 365
17372 365
17372 365
17373 365
17373 365
17373 365
17374 365
17379 365
17383 365
17388 366
17393 366
17398 366
17398 366
17398 366
17399 366
17399 366
17399 366
17400 365
17400 365
17400 365
17401 365
17401 365
17402 365
17402 365
17402 365
17403 365
17403 365
17403 365
17404 365
17404 365
17404 365
17405 365
17405 365
17406 365
17406 365
17406 365
17407 365
17407 365
17412 365
17417 365
17422 366
17426 366
17431 365
17431 365
17432 365
17432 365
17432 365
17433 365
17433 365
17433 365
17434 365
17434 365
17435 365
17435 365
17435 365
17436 365
17436 365
17436 365
17437 365
17437 365
17437 365
17438 365
17438 365
17439 365
17439 365
17439 365
17440 365
17440 365
17440 365
17445 365
17450 365
17455 365
17460 365
17465 365
17465 365
17465 365
17465 365
17466 365
17466 365
17467 365
17467 365
17467 365
17468 365
17468 365
17468 365
17469 365
17469 365
17469 365
17470 365
17470 365
17471 365
17471 365
17471 365
17472 365
17472 365
17472 364
17473 364
17473 364
17473 364
17474 364
17479 364
17484 365
17488 365
17493 365
17498 365
17498 365
17499 365
17499 365
17499 365
17500 365
17500 365
17500 365
17501 365
17501 365
17502 365
17502 365
17502 365
17503 365
17503 365
17503 365
17504 364
17504 364
17504 364
17505 364
17505 364
17506 364
17506 364
17506 364
17507 364
17507 364
17507 364
17512 364
17517 365
17522 365
17527 365
17532 365
17532 365
17532 365
17533 365
17533 365
17533 365
17534 365
17534 364
17534 364
17535 364
17535 364
17536 364
17536 364
17536 364
17537 364
17537 364
17537 364
17538 364
17538 364
17538 364
17539 364
17539 364
17540 364
17540 364
17540 364
17541 364
17541 364
17546 364
17551 364
17556 364
17561 364
17566 364
17566 364
17566 364
17566 364
17567 364
17567 364
17567 364
17568 364
17568 364
17569 364
17569 364
17569 364
17570 364
17570 364
17570 364
17571 364
17571 364
17571 364
17572 364
17572 364
17573 363
17573 363
17573 363
17574 363
17574 363
17574 363
17575 363
17580 363
17585 364
17590 364
17594 364
17599 364
17599 364
17600 364
17600 364
17601 364
17601 364
17601 364
17602 363
17602 363
17602 363
17603 363
17603 363
17603 363
17604 363
17604 363
17604 363
17605 363
17605 363
17606 363
17606 363
17606 363
17607 363
17607 363
17607 363
17608 363
17608 363
17608 363
17613 363
17618 363
17623 363
17628 363
17633 363
17633 363
17634 363
17634 363
17634 363
17635 363
17635 363
17635 363
17636 363
17636 363
17637 363
17637 363
17637 363
17638 363
17638 363
17638 363
17639 363
17639 363
17639 363
17640 363
17640 363
17641 363
17641 363
17641 362
17642 362
17642 362
17642 362
17647 362
17652 363
17657 363
17662 363
17667 363
17667 363
17668 363
17668 363
17668 363
17669 363
17669 363
17669 363
17670 363
17670 363
17670 363
17671 363
17671 363
17672 363
17672 362
17672 362
17673 362
17673 362
17673 362
17674 362
17674 362
17674 362
17675 362
17675 362
17676 362
17676 362
17676 362
17681 362
17686 362
17691 363
17696 363
17701 363
17701 363
17702 363
17702 363
17702 363
17703 363
17703 362
17703 362
17704 362
17704 362
17704 362
17705 362
17705 362
17706 362
17706 362
17706 362
17707 362
17707 362
17707 362
17708 362
17708 362
17708 362
17709 362
17709 362
17710 362
17710 362
17710 362
17715 362
17720 362
17725 362
17730 363
17735 362
17735 362
17736 362
17736 362
17736 362
17737 362
17737 362
17737 362
17738 362
17738 362
17739 362
17739 362
17739 362
17740 362
17740 362
17740 362
17741 362
17741 362
17741 362
17742 362
17742 362
17743 362
17743 362
17743 362
17744 362
17744 362
17744 362
17749 362
17754 362
17759 362
17764 362
17769 362
17769 362
17770 362
17770 362
17771 362
17771 362
17771 362
17772 362
17772 362
17772 362
17773 362
17773 362
17773 362
17774 362
17774 362
17774 362
17775 362
17775 362
17776 362
17776 362
17776 362
17777 362
17777 362
17777 362
17778 362
17778 362
17778 362
17784 362
17789 362
17794 362
17799 362
17804 362
17804 362
17804 362
17804 362
17805 362
17805 362
17805 362
17806 362
17806 362
17807 362
17807 362
17807 362
17808 362
17808 362
17808 362
17809 362
17809 362
17809 362
17810 362
17810 362
17811 362
17811 362
17811 362
17812 361
17812 361
17812 361
17813 361
17818 361
17823 362
17828 362
17833 362
17838 362
17838 362
17838 362
17839 362
17839 362
17839 362
17840 362
17840 362
17841 362
17841 362
17841 362
17842 362
17842 362
17842 362
17843 362
17843 362
17843 362
17844 362
17844 362
17845 361
17845 361
17845 361
17846 361
17846 361
17846 361
17847 361
17847 361
17852 361
17857 362
17862 362
17867 362
17872 362
17872 362
17873 362
17873 362
17873 362
17874 362
17874 362
17875 362
17875 362
17875 362
17876 362
17876 362
17876 362
17877 362
17877 362
17877 361
17878 361
17878 361
17879 361
17879 361
17879 361
17880 361
17880 361
17880 361
17881 361
17881 361
17881 361
17887 361
17892 361
17897 362
17902 362
17907 362
17907 362
17907 362
17908 362
17908 362
17908 362
17909 362
17909 362
17909 362
17910 361
17910 361
17910 361
17911 361
17911 361
17912 361
17912 361
17912 361
17913 361
17913 361
17913 361
17914 361
17914 361
17914 361
17915 361
17915 361
17916 361
17916 361
17921 361
17926 361
17931 362
17936 362
17941 362
17941 362
17942 361
17942 361
17943 361
17943 361
17943 361
17944 361
17944 361
17944 361
17945 361
17945 361
17945 361
17946 361
17946 361
17946 361
17947 361
17947 361
17948 361
17948 361
17948 361
17949 361
17949 361
17949 361
17950 361
17950 361
17950 361
17956 361
17961 361
17966 361
17971 361
17976 361
17976 361
17976 361
17977 361
17977 361
17977 361
17978 361
17978 361
17979 361
17979 361
17979 361
17980 361
17980 361
17980 361
17981 361
17981 361
17981 361
17982 361
17982 361
17983 361
17983 361
17983 361
17984 361
17984 361
17984 361
17985 361
17985 361
17990 361
17995 361
18000 361
18006 361
18011 361
18011 361
18011 361
18011 361
18012 361
18012 361
18013 361
18013 361
18013 361
18014 361
18014 361
18014 361
18015 361
18015 361
18015 361
18016 361
18016 361
18016 361
18017 361
18017 361
18018 360
18018 360
18018 360
18019 360
18019 360
18019 360
18020 360
18025 360
18030 361
18035 361
18040 361
18045 361
18045 361
18046 361
18046 361
18047 361
18047 361
18047 361
18048 361
18048 361
18048 361
18049 361
18049 361
18049 361
18050 360
18050 360
18051 360
18051 360
18051 360
18052 360
18052 360
18052 360
18053 360
18053 360
18053 360
18054 360
18054 360
18055 360
18060 360
18065 360
18070 361
18075 361
18080 361
18080 361
18081 360
18081 360
18081 360
18082 360
18082 360
18083 360
18083 360
18083 360
18084 360
18084 360
18084 360
18085 360
18085 360
18085 360
18086 360
18086 360
18086 360
18087 360
18087 360
18088 360
18088 360
18088 360
18089 360
18089 360
18089 360
18095 360
18100 360
18105 360
18110 360
18115 360
18115 360
18116 360
18116 360
18116 360
18117 360
18117 360
18117 360
18118 360
18118 360
18118 360
18119 360
18119 360
18120 360
18120 360
18120 360
18121 360
18121 360
18121 359
18122 359
18122 359
18122 359
18123 359
18123 359
18124 359
18124 359
18124 359
18129 359
18135 359
18140 360
18145 360
18150 360
18150 360
18151 359
18151 359
18151 359
18152 359
18152 359
18152 359
18153 359
18153 359
18153 359
18154 359
18154 359
18155 359
18155 359
18155 359
18156 359
18156 359
18156 359
18157 359
18157 359
18157 359
18158 359
18158 359
18159 359
18159 359
18159 359
18164 359
18170 359
18175 359
18180 359
18185 359
18185 359
18186 359
18186 359
18186 359
18187 359
18187 359
18187 359
18188 359
18188 359
18189 359
18189 359
18189 359
18190 359
18190 359
18190 359
18191 359
18191 359
18191 359
18192 359
18192 358
18193 358
18193 358
18193 358
18194 358
18194 358
18194 358
18200 358
18205 359
18210 359
18215 359
18220 359
18220 359
18221 359
18221 359
18222 359
18222 359
18222 359
18223 359
18223 359
18223 359
18224 359
18224 358
18224 358
18225 358
18225 358
18226 358
18226 358
18226 358
18227 358
18227 358
18227 358
18228 358
18228 358
18228 358
18229 358
18229 358
18230 358
18235 358
18240 358
18245 359
18250 359
18256 358
18256 358
18256 358
18256 358
18257 358
18257 358
18257 358
18258 358
18258 358
18259 358
18259 358
18259 358
18260 358
18260 358
18260 358
18261 358
18261 358
18261 358
18262 358
18262 358
18263 358
18263 358
18263 358
18264 358
18264 358
18264 358
18265 358
18270 358
18275 358
18280 358
18286 358
18291 358
18291 358
18291 358
18292 358
18292 358
18292 358
18293 358
18293 358
18294 358
18294 358
18294 358
18295 358
18295 358
18295 358
18296 358
18296 358
18296 358
18297 358
18297 358
18298 358
18298 358
18298 358
18299 358
18299 358
18299 358
18300 358
18300 358
18305 358
18311 358
18316 358
18321 358
18326 358
18326 358
18327 358
18327 358
18327 358
18328 358
18328 358
18329 358
18329 358
18329 358
18330 358
18330 358
18330 358
18331 358
18331 358
18331 358
18332 358
18332 358
18333 358
18333 358
18333 358
18334 358
18334 358
18334 357
18335 357
18335 357
18335 357
18341 357
18346 358
18351 358
18357 358
18362 358
18362 358
18362 358
18363 358
18363 358
18363 358
18364 358
18364 358
18364 358
18365 358
18365 358
18366 358
18366 358
18366 358
18367 358
18367 358
18367 358
18368 358
18368 358
18368 357
18369 357
18369 357
18369 357
18370 357
18370 357
18371 357
18371 357
18376 357
18382 358
18387 358
18392 358
18397 358
18397 358
18398 358
18398 358
18399 358
18399 358
18399 358
18400 358
18400 358
18400 358
18401 358
18401 358
18401 358
18402 358
18402 357
18402 357
18403 357
18403 357
18404 357
18404 357
18404 357
18405 357
18405 357
18405 357
18406 357
18406 357
18406 357
18412 357
18417 357
18422 358
18428 358
18433 358
18433 358
18433 358
18434 358
18434 358
18435 358
18435 358
18435 358
18436 358
18436 358
18436 357
18437 357
18437 357
18437 357
18438 357
18438 357
18438 357
18439 357
18439 357
18440 357
18440 357
18440 357
18441 357
18441 357
18441 357
18442 357
18442 357
18447 357
18453 357
18458 358
18463 358
18469 358
18469 358
18469 358
18470 358
18470 358
18470 358
18471 358
18471 358
18471 357
18472 357
18472 357
18472 357
18473 357
18473 357
18473 357
18474 357
18474 357
18475 357
18475 357
18475 357
18476 357
18476 357
18476 357
18477 357
18477 357
18477 357
18478 357
18483 357
18489 357
18494 358
18499 358
18505 358
18505 358
18505 358
18505 358
18506 358
18506 358
18506 358
18507 357
18507 357
18507 357
18508 357
18508 357
18509 357
18509 357
18509 357
18510 357
18510 357
18510 357
18511 357
18511 357
18511 357
18512 357
18512 357
18513 357
18513 357
18513 357
18514 357
18519 357
18524 357
18530 358
18535 358
18540 358
18540 358
18541 358
18541 358
18541 357
18542 357
18542 357
18543 357
18543 357
18543 357
18544 357
18544 357
18544 357
18545 357
18545 357
18545 357
18546 357
18546 357
18547 357
18547 357
18547 357
18548 357
18548 357
18548 357
18549 357
18549 357
18549 357
18555 357
18560 357
18566 357
18571 358
18576 357
18576 357
18577 357
18577 357
18577 357
18578 357
18578 357
18579 357
18579 357
18579 357
18580 357
18580 357
18580 357
18581 357
18581 357
18581 357
18582 357
18582 357
18583 357
18583 357
18583 357
18584 357
18584 357
18584 357
18585 357
18585 357
18585 357
18591 357
18596 357
18602 357
18607 357
18612 357
18612 357
18613 357
18613 357
18613 357
18614 357
18614 357
18615 357
18615 357
18615 357
18616 357
18616 357
18616 357
18617 357
18617 357
18617 357
18618 357
18618 357
18619 357
18619 357
18619 357
18620 357
18620 357
18620 357
18621 357
18621 356
18621 356
18627 356
18632 357
18638 357
18643 357
18649 357
18649 357
18649 357
18649 357
18650 357
18650 357
18650 357
18651 357
18651 357
18651 357
18652 357
18652 357
18653 357
18653 357
18653 357
18654 356
18654 356
18654 356
18655 356
18655 356
18655 356
18656 356
18656 356
18657 356
18657 356
18657 356
18658 356
18663 356
18668 356
18674 357
18679 357
18685 356
18685 356
18685 356
18685 356
18686 356
18686 356
18687 356
18687 356
18687 356
18688 356
18688 356
18688 356
18689 356
18689 356
18689 356
18690 356
18690 356
18691 356
18691 356
18691 356
18692 356
18692 356
18692 356
18693 356
18693 356
18693 356
18694 356
18699 356
18705 356
18710 356
18715 356
18721 356
18721 356
18721 356
18722 356
18722 356
18722 356
18723 356
18723 356
18723 356
18724 356
18724 356
18725 356
18725 356
18725 356
18726 355
18726 355
18726 355
18727 355
18727 355
18727 355
18728 355
18728 355
18729 355
18729 355
18729 355
18730 355
18730 355
18735 355
18741 355
18746 355
18752 356
18757 355
18757 355
18758 355
18758 355
18758 355
18759 355
18759 355
18759 355
18760 355
18760 355
18761 355
18761 355
18761 355
18762 355
18762 355
18762 355
18763 355
18763 355
18763 355
18764 355
18764 355
18765 355
18765 355
18765 355
18766 355
18766 355
18766 355
18772 355
18777 355
18783 355
18788 355
18794 355
18794 355
18794 355
18794 355
18795 355
18795 355
18795 355
18796 355
18796 355
18797 355
18797 355
18797 355
18798 355
18798 355
18798 355
18799 355
18799 355
18799 355
18800 354
18800 354
18801 354
18801 354
18801 354
18802 354
18802 354
18802 354
18803 354
18808 354
18814 354
18819 355
18825 355
18830 355
18830 355
18831 355
18831 355
18831 355
18832 355
18832 355
18832 355
18833 354
18833 354
18833 354
18834 354
18834 354
18835 354
18835 354
18835 354
18836 354
18836 354
18836 354
18837 354
18837 354
18837 354
18838 354
18838 354
18839 354
18839 354
18839 354
18845 354
18850 354
18856 354
18861 355
18867 354
18867 354
18867 354
18867 354
18868 354
18868 354
18869 354
18869 354
18869 354
18870 354
18870 354
18870 354
18871 354
18871 354
18871 354
18872 354
18872 354
18873 354
18873 354
18873 354
18874 354
18874 354
18874 354
18875 354
18875 354
18875 354
18876 354
18881 354
18887 354
18892 354
18898 354
18903 354
18903 354
18904 354
18904 354
18905 354
18905 354
18905 354
18906 354
18906 354
18906 354
18907 354
18907 354
18907 354
18908 354
18908 354
18909 354
18909 354
18909 354
18910 354
18910 354
18910 354
18911 354
18911 354
18911 354
18912 354
18912 353
18913 353
18918 353
18924 354
18929 354
18935 354
18940 354
18940 354
18941 354
18941 354
18941 354
18942 354
18942 354
18942 354
18943 354
18943 354
18943 354
18944 354
18944 354
18945 354
18945 354
18945 354
18946 354
18946 354
18946 354
18947 353
18947 353
18947 353
18948 353
18948 353
18949 353
18949 353
18949 353
18955 353
18960 354
18966 354
18971 354
18977 354
18977 354
18977 354
18978 354
18978 354
18978 354
18979 354
18979 354
18980 354
18980 354
18980 354
18981 354
18981 354
18981 353
18982 353
18982 353
18982 353
18983 353
18983 353
18984 353
18984 353
18984 353
18985 353
18985 353
18985 353
18986 353
18986 353
18992 353
18997 353
19003 354
19008 354
19014 354
19014 354
19014 354
19015 354
19015 354
19015 353
19016 353
19016 353
19016 353
19017 353
19017 353
19018 353
19018 353
19018 353
19019 353
19019 353
19019 353
19020 353
19020 353
19020 353
19021 353
19021 353
19021 353
19022 353
19022 353
19023 353
19023 353
19029 353
19034 353
19040 353
19045 354
19051 353
19051 353
19051 353
19052 353
19052 353
19052 353
19053 353
19053 353
19053 353
19054 353
19054 353
19054 353
19055 353
19055 353
19056 353
19056 353
19056 353
19057 353
19057 353
19057 353
19058 353
19058 353
19058 353
19059 353
19059 353
19060 353
19060 353
19066 353
19071 353
19077 353
19082 353
19088 353
19088 353
19088 353
19089 353
19089 353
19089 353
19090 353
19090 353
19090 353
19091 353
19091 353
19092 353
19092 353
19092 353
19093 353
19093 353
19093 353
19094 353
19094 353
19094 353
19095 353
19095 353
19096 353
19096 353
19096 352
19097 352
19097 352
19103 352
19108 353
19114 353
19119 353
19125 353
19125 353
19125 353
19126 353
19126 353
19127 353
19127 353
19127 353
19128 353
19128 353
19128 353
19129 353
19129 353
19129 353
19130 353
19130 353
19131 352
19131 352
19131 352
19132 352
19132 352
19132 352
19133 352
19133 352
19133 352
19134 352
19134 352
19140 352
19145 352
19151 353
19157 353
19162 353
19162 353
19163 353
19163 353
19163 353
19164 353
19164 353
19164 352
19165 352
19165 352
19166 352
19166 352
19166 352
19167 352
19167 352
19167 352
19168 352
19168 352
19168 352
19169 352
19169 352
19170 352
19170 352
19170 352
19171 352
19171 352
19171 352
19177 352
19183 352
19188 352
19194 352
19200 352
19200 352
19200 352
19200 352
19201 352
19201 352
19201 352
19202 352
19202 352
19203 352
19203 352
19203 352
19204 352
19204 352
19204 352
19205 352
19205 352
19205 352
19206 352
19206 352
19206 352
19207 352
19207 352
19208 352
19208 352
19208 352
19209 352
19214 351
19220 352
19226 352
19231 352
19237 352
19237 352
19237 352
19238 352
19238 352
19238 352
19239 352
19239 352
19240 352
19240 352
19240 352
19241 352
19241 352
19241 351
19242 351
19242 351
19242 351
19243 351
19243 351
19244 351
19244 351
19244 351
19245 351
19245 351
19245 351
19246 351
19246 351
19252 351
19257 351
19263 351
19269 351
19274 351
19274 351
19275 351
19275 351
19276 351
19276 351
19276 351
19277 351
19277 351
19277 351
19278 351
19278 351
19278 351
19279 351
19279 351
19280 351
19280 351
19280 351
19281 351
19281 351
19281 351
19282 351
19282 351
19282 351
19283 351
19283 351
19284 351
19289 350
19295 351
19301 351
19306 351
19312 351
19312 351
19312 351
19313 351
19313 351
19313 351
19314 351
19314 351
19315 351
19315 351
19315 351
19316 351
19316 351
19316 351
19317 350
19317 350
19317 350
19318 350
19318 350
19319 350
19319 350
19319 350
19320 350
19320 350
19320 350
19321 350
19321 350
19327 350
19332 350
19338 351
19344 351
19350 350
19350 350
19350 350
19350 350
19351 350
19351 350
19351 350
19352 350
19352 350
19353 350
19353 350
19353 350
19354 350
19354 350
19354 350
19355 350
19355 350
19355 350
19356 350
19356 350
19357 350
19357 350
19357 350
19358 350
19358 350
19358 350
19359 350
19364 350
19370 350
19376 350
19382 350
19387 350
19387 350
19388 350
19388 350
19388 350
19389 350
19389 350
19390 350
19390 350
19390 350
19391 350
19391 350
19391 350
19392 350
19392 350
19392 350
19393 350
19393 350
19394 350
19394 350
19394 350
19395 350
19395 350
19395 350
19396 350
19396 350
19396 350
19402 349
19408 350
19414 350
19419 350
19425 350
19425 350
19426 350
19426 350
19426 350
19427 350
19427 350
19427 350
19428 350
19428 350
19428 350
19429 350
19429 350
19430 350
19430 350
19430 350
19431 350
19431 350
19431 350
19432 350
19432 349
19432 349
19433 349
19433 349
19434 349
19434 349
19434 349
19440 349
19446 350
19452 350
19457 350
19463 350
19463 350
19463 350
19464 350
19464 350
19464 350
19465 350
19465 350
19466 350
19466 350
19466 350
19467 350
19467 350
19467 350
19468 349
19468 349
19468 349
19469 349
19469 349
19470 349
19470 349
19470 349
19471 349
19471 349
19471 349
19472 349
19472 349
19478 349
19484 349
19489 350
19495 350
19501 350
19501 350
19501 350
19502 350
19502 350
19502 350
19503 350
19503 350
19504 349
19504 349
19504 349
19505 349
19505 349
19505 349
19506 349
19506 349
19506 349
19507 349
19507 349
19508 349
19508 349
19508 349
19509 349
19509 349
19509 349
19510 349
19510 349
19516 349
19522 349
19527 349
19533 350
19539 349
19539 349
19539 349
19540 349
19540 349
19540 349
19541 349
19541 349
19542 349
19542 349
19542 349
19543 349
19543 349
19543 349
19544 349
19544 349
19544 349
19545 349
19545 349
19546 349
19546 349
19546 349
19547 349
19547 349
19547 349
19548 349
19548 349
19554 349
19560 349
19565 349
19571 349
19577 349
19577 349
19577 349
19578 349
19578 349
19579 349
19579 349
19579 349
19580 349
19580 349
19580 349
19581 349
19581 349
19581 349
19582 349
19582 349
19583 349
19583 349
19583 349
19584 349
19584 349
19584 349
19585 349
19585 349
19585 349
19586 349
19586 349
19592 349
19598 349
19604 349
19609 349
19615 349
19615 349
19616 349
19616 349
19616 349
19617 349
19617 349
19617 349
19618 349
19618 349
19619 349
19619 349
19619 349
19620 349
19620 349
19620 349
19621 349
19621 349
19621 349
19622 349
19622 349
19623 349
19623 349
19623 349
19624 349
19624 349
19624 349
19630 348
19636 349
19642 349
19648 349
19654 349
19654 349
19654 349
19654 349
19655 349
19655 349
19655 349
19656 349
19656 349
19656 349
19657 349
19657 349
19658 349
19658 349
19658 349
19659 349
19659 349
19659 349
19660 349
19660 349
19660 348
19661 348
19661 348
19662 348
19662 348
19662 348
19663 348
19668 348
19674 348
19680 349
19686 349
19692 349
19692 349
19692 349
19693 349
19693 349
19693 349
19694 349
19694 349
19694 349
19695 349
19695 349
19696 349
19696 348
19696 348
19697 348
19697 348
19697 348
19698 348
19698 348
19698 348
19699 348
19699 348
19700 348
19700 348
19700 348
19701 348
19701 348
19707 348
19713 348
19719 349
19724 349
19730 348
19730 348
19731 348
19731 348
19731 348
19732 348
19732 348
19733 348
19733 348
19733 348
19734 348
19734 348
19734 348
19735 348
19735 348
19735 348
19736 348
19736 348
19737 348
19737 348
19737 348
19738 348
19738 348
19738 348
19739 348
19739 348
19739 348
19745 348
19751 348
19757 348
19763 348
19769 348
19769 348
19769 348
19770 348
19770 348
19770 348
19771 348
19771 348
19771 348
19772 348
19772 348
19773 348
19773 348
19773 348
19774 348
19774 348
19774 348
19775 348
19775 348
19775 348
19776 348
19776 348
19777 348
19777 348
19777 348
19778 348
19778 348
19784 347
19790 348
19796 348
19802 348
19808 348
19808 348
19808 348
19808 348
19809 348
19809 348
19809 348
19810 348
19810 348
19810 348
19811 348
19811 348
19812 348
19812 348
19812 348
19813 348
19813 347
19813 347
19814 347
19814 347
19814 347
19815 347
19815 347
19815 347
19816 347
19816 347
19817 347
19823 347
19828 347
19834 348
19840 348
19846 347
19846 347
19847 347
19847 347
19847 347
19848 347
19848 347
19848 347
19849 347
19849 347
19849 347
19850 347
19850 347
19851 347
19851 347
19851 347
19852 347
19852 347
19852 347
19853 347
19853 347
19853 347
19854 347
19854 347
19855 347
19855 347
19855 347
19861 347
19867 347
19873 347
19879 347
19885 347
19885 347
19885 347
19886 347
19886 347
19886 347
19887 347
19887 347
19887 347
19888 347
19888 347
19889 347
19889 347
19889 347
19890 347
19890 347
19890 347
19891 346
19891 346
19891 346
19892 346
19892 346
19893 346
19893 346
19893 346
19894 346
19894 346
19900 346
19906 346
19912 347
19918 347
19924 346
19924 346
19924 346
19925 346
19925 346
19925 346
19926 346
19926 346
19926 346
19927 346
19927 346
19927 346
19928 346
19928 346
19929 346
19929 346
19929 346
19930 346
19930 346
19930 346
19931 346
19931 346
19931 346
19932 346
19932 346
19933 346
19933 346
19939 346
19945 346
19951 346
19957 346
19963 346
19963 346
19963 346
19964 346
19964 346
19964 346
19965 346
19965 346
19965 346
19966 346
19966 346
19966 346
19967 346
19967 346
19967 346
19968 346
19968 346
19969 346
19969 346
19969 346
19970 346
19970 346
19970 346
19971 346
19971 345
19971 345
19972 345
19978 345
19984 346
19990 346
19996 346
20002 346
20002 346
20002 346
20003 346
20003 346
20003 346
20004 346
20004 346
20004 346
20005 346
20005 346
20005 346
20006 346
20006 346
20007 346
20007 345
20007 345
20008 345
20008 345
20008 345
20009 345
20009 345
20009 345
20010 345
20010 345
20011 345
20011 345
20017 345
20023 345
20029 346
20035 346
20041 346
20041 346
20041 346
20042 346
20042 346
20042 345
20043 345
20043 345
20043 345
20044 345
20044 345
20045 345
20045 345
20045 345
20046 345
20046 345
20046 345
20047 345
20047 345
20047 345
20048 345
20048 345
20049 345
20049 345
20049 345
20050 345
20050 345
20056 345
20062 345
20068 345
20074 346
20080 345
20080 345
20081 345
20081 345
20081 345
20082 345
20082 345
20082 345
20083 345
20083 345
20083 345
20084 345
20084 345
20085 345
20085 345
20085 345
20086 345
20086 345
20086 345
20087 345
20087 345
20087 345
20088 345
20088 345
20088 345
20089 345
20089 345
20095 345
20101 345
20107 345
20113 345
20119 345
20119 345
20120 345
20120 345
20120 345
20121 345
20121 345
20122 345
20122 345
20122 345
20123 345
20123 345
20123 345
20124 345
20124 345
20124 345
20125 345
20125 345
20126 345
20126 345
20126 345
20127 345
20127 345
20127 345
20128 345
20128 345
20128 345
20135 345
20141 345
20147 345
20153 345
20159 345
20159 345
20159 345
20159 345
20160 345
20160 345
20161 345
20161 345
20161 345
20162 345
20162 345
20162 345
20163 345
20163 345
20163 345
20164 345
20164 345
20165 345
20165 345
20165 345
20166 345
20166 345
20166 345
20167 345
20167 344
20167 344
20168 344
20174 344
20180 345
20186 345
20192 345
20198 345
20198 345
20199 345
20199 345
20199 345
20200 345
20200 345
20200 345
20201 345
20201 345
20201 345
20202 345
20202 345
20203 345
20203 345
20203 345
20204 345
20204 345
20204 344
20205 344
20205 344
20205 344
20206 344
20206 344
20207 344
20207 344
20207 344
20213 344
20219 344
20226 345
20232 345
20238 345
20238 345
20238 345
20238 345
20239 345
20239 345
20240 345
20240 345
20240 345
20241 345
20241 345
20241 344
20242 344
20242 344
20242 344
20243 344
20243 344
20244 344
20244 344
20244 344
20245 344
20245 344
20245 344
20246 344
20246 344
20246 344
20247 344
20253 344
20259 344
20265 344
20271 345
20277 344
20277 344
20278 344
20278 344
20278 344
20279 344
20279 344
20280 344
20280 344
20280 344
20281 344
20281 344
20281 344
20282 344
20282 344
20282 344
20283 344
20283 344
20284 344
20284 344
20284 344
20285 344
20285 344
20285 344
20286 344
20286 344
20286 344
20293 344
20299 344
20305 344
20311 344
20317 344
20317 344
20317 344
20318 344
20318 344
20319 344
20319 344
20319 344
20320 344
20320 344
20320 344
20321 344
20321 344
20321 344
20322 344
20322 344
20323 344
20323 344
20323 344
20324 344
20324 344
20324 344
20325 344
20325 344
20325 344
20326 344
20326 344
20332 343
20338 344
20345 344
20351 344
20357 344
20357 344
20357 344
20358 344
20358 344
20358 344
20359 344
20359 344
20359 344
20360 344
20360 344
20361 344
20361 344
20361 344
20362 344
20362 344
20362 344
20363 344
20363 344
20363 344
20364 344
20364 344
20365 344
20365 344
20365 343
20366 343
20366 343
20372 343
20378 344
20384 344
20391 344
20397 344
20397 344
20397 344
20397 344
20398 344
20398 344
20399 344
20399 344
20399 344
20400 344
20400 344
20400 344
20401 344
20401 344
20401 344
20402 344
20402 344
20403 344
20403 344
20403 343
20404 343
20404 343
20404 343
20405 343
20405 343
20405 343
20406 343
20412 343
20418 343
20424 344
20430 344
20437 344
20437 344
20437 344
20437 344
20438 344
20438 344
20438 344
20439 344
20439 344
20440 344
20440 344
20440 343
20441 343
20441 343
20441 343
20442 343
20442 343
20442 343
20443 343
20443 343
20444 343
20444 343
20444 343
20445 343
20445 343
20445 343
20446 343
20452 343
20458 343
20464 343
20470 343
20477 343
20477 343
20477 343
20477 343
20478 343
20478 343
20479 343
20479 343
20479 343
20480 343
20480 343
20480 343
20481 343
20481 343
20481 343
20482 343
20482 343
20482 343
20483 343
20483 343
20484 343
20484 343
20484 343
20485 343
20485 343
20485 343
20486 343
20492 342
20498 343
20504 343
20511 343
20517 343
20517 343
20517 343
20518 343
20518 343
20518 343
20519 343
20519 343
20519 343
20520 343
20520 343
20520 343
20521 343
20521 343
20522 343
20522 343
20522 342
20523 342
20523 342
20523 342
20524 342
20524 342
20524 342
20525 342
20525 342
20526 342
20526 342
20532 342
20538 342
20545 342
20551 343
20557 342
20557 342
20557 342
20558 342
20558 342
20559 342
20559 342
20559 342
20560 342
20560 342
20560 342
20561 342
20561 342
20561 342
20562 342
20562 342
20562 342
20563 342
20563 342
20564 342
20564 342
20564 342
20565 342
20565 342
20565 342
20566 342
20566 342
20572 342
20579 342
20585 342
20591 342
20597 342
20597 342
20598 342
20598 342
20598 342
20599 342
20599 342
20600 342
20600 342
20600 342
20601 342
20601 342
20601 342
20602 342
20602 342
20602 342
20603 342
20603 342
20603 342
20604 342
20604 342
20605 342
20605 342
20605 341
20606 341
20606 341
20606 341
20613 341
20619 341
20625 342
20631 342
20638 342
20638 342
20638 342
20638 342
20639 342
20639 342
20640 342
20640 342
20640 342
20641 342
20641 342
20641 342
20642 341
20642 341
20642 341
20643 341
20643 341
20644 341
20644 341
20644 341
20645 341
20645 341
20645 341
20646 341
20646 341
20646 341
20647 341
20653 341
20659 341
20666 341
20672 342
20678 341
20678 341
20679 341
20679 341
20679 341
20680 341
20680 341
20680 341
20681 341
20681 341
20681 341
20682 341
20682 341
20683 341
20683 341
20683 341
20684 341
20684 341
20684 341
20685 341
20685 341
20685 341
20686 341
20686 341
20687 341
20687 341
20687 341
20694 341
20700 341
20706 341
20712 341
20719 341
20719 341
20719 341
20719 341
20720 341
20720 341
20721 341
20721 341
20721 341
20722 341
20722 341
20722 341
20723 341
20723 341
20723 341
20724 341
20724 341
20725 341
20725 341
20725 341
20726 341
20726 341
20726 341
20727 341
20727 341
20727 341
20728 341
20734 340
20740 341
20747 341
20753 341
20759 341
20759 341
20760 341
20760 341
20760 341
20761 341
20761 341
20762 341
20762 341
20762 341
20763 341
20763 341
20763 341
20764 341
20764 341
20764 341
20765 341
20765 341
20765 341
20766 341
20766 341
20767 341
20767 341
20767 340
20768 340
20768 340
20768 340
20775 340
20781 340
20787 341
20794 341
20800 341
20800 341
20800 341
20801 341
20801 341
20802 341
20802 341
20802 341
20803 341
20803 341
20803 341
20804 341
20804 341
20804 341
20805 341
20805 340
20805 340
20806 340
20806 340
20807 340
20807 340
20807 340
20808 340
20808 340
20808 340
20809 340
20809 340
20815 340
20822 340
20828 341
20835 341
20841 341
20841 341
20841 341
20842 341
20842 341
20842 340
20843 340
20843 340
20843 340
20844 340
20844 340
20845 340
20845 340
20845 340
20846 340
20846 340
20846 340
20847 340
20847 340
20847 340
20848 340
20848 340
20848 340
20849 340
20849 340
20850 340
20850 340
20856 340
20863 340
20869 340
20875 340
20882 340
20882 340
20882 340
20883 340
20883 340
20883 340
20884 340
20884 340
20884 340
20885 340
20885 340
20885 340
20886 340
20886 340
20887 340
20887 340
20887 340
20888 340
20888 340
20888 340
20889 340
20889 340
20889 340
20890 340
20890 340
20891 340
20891 340
20897 340
20904 340
20910 340
20916 340
20923 340
20923 340
20923 340
20924 340
20924 340
20924 340
20925 340
20925 340
20925 340
20926 340
20926 340
20926 340
20927 340
20927 340
20927 340
20928 340
20928 340
20929 340
20929 340
20929 340
20930 340
20930 340
20930 340
20931 340
20931 340
20931 339
20932 339
20938 339
20945 340
20951 340
20957 340
20964 340
20964 340
20964 340
20965 340
20965 340
20965 340
20966 340
20966 340
20966 340
20967 340
20967 340
20967 340
20968 340
20968 340
20969 340
20969 339
20969 339
20970 339
20970 339
20970 339
20971 339
20971 339
20971 339
20972 339
20972 339
20973 339
20973 339
20979 339
20986 339
20992 340
20999 340
21005 339
21005 339
21005 339
21006 339
21006 339
21006 339
21007 339
21007 339
21008 339
21008 339
21008 339
21009 339
21009 339
21009 339
21010 339
21010 339
21010 339
21011 339
21011 339
21012 339
21012 339
21012 339
21013 339
21013 339
21013 339
21014 339
21014 339
21021 339
21027 339
21033 339
21040 339
21046 339
21046 339
21047 339
21047 339
21047 339
21048 339
21048 339
21048 339
21049 339
21049 339
21050 339
21050 339
21050 339
21051 339
21051 339
21051 339
21052 339
21052 339
21052 339
21053 339
21053 339
21054 339
21054 339
21054 339
21055 339
21055 339
21055 339
21062 338
21068 339
21075 339
21081 339
21088 339
21088 339
21088 339
21088 339
21089 339
21089 339
21089 339
21090 339
21090 339
21090 338
21091 338
21091 338
21092 338
21092 338
21092 338
21093 338
21093 338
21093 338
21094 338
21094 338
21094 338
21095 338
21095 338
21096 338
21096 338
21096 338
21097 338
21103 338
21110 338
21116 338
21123 338
21129 338
21129 338
21129 338
21130 338
21130 338
21130 338
21131 338
21131 338
21132 338
21132 338
21132 338
21133 338
21133 338
21133 338
21134 338
21134 338
21134 338
21135 338
21135 338
21136 338
21136 338
21136 338
21137 338
21137 338
21137 338
21138 338
21138 338
21145 337
21151 337
21158 338
21164 338
21171 338
21171 338
21171 338
21171 338
21172 338
21172 338
21172 338
21173 338
21173 338
21173 338
21174 337
21174 337
21175 337
21175 337
21175 337
21176 337
21176 337
21176 337
21177 337
21177 337
21177 337
21178 337
21178 337
21179 337
21179 337
21179 337
21180 337
21186 337
21193 337
21199 337
21206 337
21212 337
21212 337
21213 337
21213 337
21213 337
21214 337
21214 337
21214 337
21215 337
21215 337
21215 337
21216 337
21216 337
21217 337
21217 337
21217 337
21218 337
21218 337
21218 337
21219 337
21219 337
21219 337
21220 337
21220 337
21221 337
21221 337
21221 337
21228 337
21234 337
21241 337
21247 337
21254 337
21254 337
21254 337
21255 337
21255 337
21255 337
21256 337
21256 337
21256 337
21257 337
21257 337
21257 337
21258 337
21258 337
21259 337
21259 337
21259 337
21260 337
21260 337
21260 337
21261 337
21261 337
21261 336
21262 336
21262 336
21263 336
21263 336
21269 336
21276 336
21282 337
21289 337
21296 337
