8582.5 25
8582.8 25
8583.2 25
8583.6 25
8583.9 25
8584.3 25
8584.6 25
8585 25
8585.4 25
8585.7 25
8586.1 25
8586.5 25
8586.8 25
8587.2 25
8587.6 25
8587.9 25
8588.3 25
8588.6 25
8589 25
8589.4 25
8589.7 25
8590.1 25
8590.5 25
8590.8 25
8591.2 25
8591.5 25
8592.1 25
8592.7 25
8593.3 25
8593.9 25
8594.5 25
8594.5 25
8594.9 25
8595.2 25
8595.6 25
8596 25
8596.3 25
8596.7 25
8597.1 25
8597.4 25
8597.8 25
8598.1 25
8598.5 25
8598.9 25
8599.2 25
8599.6 25
8600 25
8600.3 25
8600.7 25
8601.1 25
8601.4 25
8601.8 25
8602.1 25
8602.5 25
8602.9 25
8603.2 25
8603.6 25
8604.2 25
8604.8 25
8605.4 25
8606 25
8606.6 25
8606.6 25
8607 25
8607.3 25
8607.7 25
8608.1 25
8608.4 25
8608.8 25
8609.1 25
8609.5 25
8609.9 25
8610.2 25
8610.6 25
8611 25
8611.3 25
8611.7 25
8612 25
8612.4 25
8612.8 25
8613.1 25
8613.5 25
8613.9 25
8614.2 25
8614.6 25
8614.9 25
8615.3 25
8615.7 25
8616.3 25
8616.9 25
8617.5 25
8618.1 25
8618.7 25
8618.7 25
8619.1 25
8619.4 25
8619.8 25
8620.2 25
8620.5 25
8620.9 25
8621.3 25
8621.6 25
8622 25
8622.3 25
8622.7 25
8623.1 25
8623.4 25
8623.8 25
8624.2 25
8624.5 25
8624.9 25
8625.2 25
8625.6 25
8626 25
8626.3 25
8626.7 25
8627.1 25
8627.4 25
8627.8 25
8628.4 25
8629 25
8629.6 25
8630.2 25
8630.8 25
8630.8 25
8631.2 25
8631.6 25
8631.9 25
8632.3 25
8632.7 25
8633 25
8633.4 25
8633.7 25
8634.1 25
8634.5 25
8634.8 25
8635.2 25
8635.6 25
8635.9 25
8636.3 25
8636.6 25
8637 25
8637.4 25
8637.7 25
8638.1 25
8638.5 25
8638.8 25
8639.2 25
8639.5 25
8639.9 25
8640.5 25
8641.1 25
8641.8 25
8642.4 25
8643 25
8643 25
8643.4 25
8643.7 25
8644.1 25
8644.4 25
8644.8 25
8645.2 25
8645.5 25
8645.9 25
8646.3 25
8646.6 25
8647 25
8647.4 25
8647.7 25
8648.1 25
8648.4 25
8648.8 25
8649.2 25
8649.5 25
8649.9 25
8650.3 25
8650.6 25
8651 25
8651.3 25
8651.7 25
8652.1 25
8652.7 25
8653.3 25
8653.9 25
8654.6 25
8655.2 25
8655.2 25
8655.6 25
8655.9 25
8656.3 25
8656.6 25
8657 25
8657.4 25
8657.7 25
8658.1 25
8658.5 25
8658.8 25
8659.2 25
8659.5 25
8659.9 25
8660.3 25
8660.6 25
8661 25
8661.4 25
8661.7 25
8662.1 25
8662.4 25
8662.8 25
8663.2 25
8663.5 25
8663.9 25
8664.3 25
8664.9 25
8665.5 25
8666.1 25
8666.8 25
8667.4 25
8667.4 25
8667.8 25
8668.1 25
8668.5 25
8668.9 25
8669.2 25
8669.6 25
8669.9 25
8670.3 25
8670.7 25
8671 25
8671.4 25
8671.8 25
8672.1 25
8672.5 25
8672.9 25
8673.2 25
8673.6 25
8673.9 25
8674.3 25
8674.7 25
8675 25
8675.4 25
8675.8 25
8676.1 25
8676.5 25
8677.1 25
8677.7 25
8678.4 25
8679 25
8679.7 25
8679.7 25
8680 25
8680.4 25
8680.8 25
8681.1 25
8681.5 25
8681.8 25
8682.2 25
8682.6 25
8682.9 25
8683.3 25
8683.7 25
8684 25
8684.4 25
8684.7 25
8685.1 25
8685.5 25
8685.8 25
8686.2 25
8686.6 25
8686.9 25
8687.3 25
8687.6 25
8688 25
8688.4 25
8688.7 25
8689.4 25
8690 25
8690.6 25
8691.3 25
8691.9 25
8691.9 25
8692.3 25
8692.7 25
8693 25
8693.4 25
8693.7 25
8694.1 25
8694.5 25
8694.8 25
8695.2 25
8695.6 25
8695.9 25
8696.3 25
8696.6 25
8697 25
8697.4 25
8697.7 25
8698.1 25
8698.5 25
8698.8 25
8699.2 25
8699.5 25
8699.9 25
8700.3 25
8700.6 25
8701 25
8701.6 25
8702.3 25
8702.9 25
8703.6 25
8704.2 25
8704.2 25
8704.6 25
8705 25
8705.3 25
8705.7 25
8706 25
8706.4 25
8706.8 25
8707.1 25
8707.5 25
8707.9 25
8708.2 25
8708.6 25
8708.9 25
8709.3 25
8709.7 25
8710 25
8710.4 25
8710.8 25
8711.1 25
8711.5 25
8711.8 25
8712.2 25
8712.6 25
8712.9 25
8713.3 25
8713.9 25
8714.6 25
8715.3 25
8715.9 25
8716.6 25
8716.6 25
8716.9 25
8717.3 25
8717.7 25
8718 25
8718.4 25
8718.7 25
8719.1 25
8719.5 25
8719.8 25
8720.2 25
8720.6 25
8720.9 25
8721.3 25
8721.6 25
8722 25
8722.4 25
8722.7 25
8723.1 25
8723.5 25
8723.8 25
8724.2 25
8724.5 25
8724.9 25
8725.3 25
8725.6 25
8726.3 25
8726.9 25
8727.6 25
8728.2 25
8728.9 25
8728.9 25
8729.3 25
8729.6 25
8730 25
8730.4 25
8730.7 25
8731.1 25
8731.4 25
8731.8 25
8732.2 25
8732.5 25
8732.9 25
8733.3 25
8733.6 25
8734 25
8734.4 25
8734.7 25
8735.1 25
8735.4 25
8735.8 25
8736.2 25
8736.5 25
8736.9 25
8737.3 25
8737.6 25
8738 25
8738.6 25
8739.3 25
8740 25
8740.6 25
8741.3 25
8741.3 25
8741.7 25
8742 25
8742.4 25
8742.7 25
8743.1 25
8743.5 25
8743.8 25
8744.2 25
8744.6 25
8744.9 25
8745.3 25
8745.6 25
8746 25
8746.4 25
8746.7 25
8747.1 25
8747.5 25
8747.8 25
8748.2 25
8748.5 25
8748.9 25
8749.3 25
8749.6 25
8750 25
8750.4 25
8751 25
8751.7 25
8752.4 25
8753 25
8753.7 25
8753.7 25
8754.1 25
8754.4 25
8754.8 25
8755.2 25
8755.5 25
8755.9 25
8756.2 25
8756.6 25
8757 25
8757.3 25
8757.7 25
8758.1 25
8758.4 25
8758.8 25
8759.1 25
8759.5 25
8759.9 25
8760.2 25
8760.6 25
8761 25
8761.3 25
8761.7 25
8762 25
8762.4 25
8762.8 25
8763.4 25
8764.1 25
8764.8 25
8765.5 25
8766.1 25
8766.1 25
8766.5 25
8766.9 25
8767.2 25
8767.6 25
8768 25
8768.3 25
8768.7 25
8769 25
8769.4 25
8769.8 25
8770.1 25
8770.5 25
8770.9 25
8771.2 25
8771.6 25
8772 25
8772.3 25
8772.7 25
8773 25
8773.4 25
8773.8 25
8774.1 25
8774.5 25
8774.9 25
8775.2 25
8775.9 25
8776.6 25
8777.3 25
8777.9 25
8778.6 25
8778.6 25
8779 25
8779.4 25
8779.7 25
8780.1 25
8780.4 25
8780.8 25
8781.2 25
8781.5 25
8781.9 25
8782.3 25
8782.6 25
8783 25
8783.3 25
8783.7 25
8784.1 25
8784.4 25
8784.8 25
8785.2 25
8785.5 25
8785.9 25
8786.2 25
8786.6 25
8787 25
8787.3 25
8787.7 25
8788.4 25
8789.1 25
8789.7 25
8790.4 25
8791.1 25
8791.1 25
8791.5 25
8791.8 25
8792.2 25
8792.6 25
8792.9 25
8793.3 25
8793.7 25
8794 25
8794.4 25
8794.7 25
8795.1 25
8795.5 25
8795.8 25
8796.2 25
8796.6 25
8796.9 25
8797.3 25
8797.6 25
8798 25
8798.4 25
8798.7 25
8799.1 25
8799.5 25
8799.8 25
8800.2 25
8800.9 25
8801.6 25
8802.2 25
8802.9 25
8803.6 25
8803.6 25
8804 25
8804.3 25
8804.7 25
8805.1 25
8805.4 25
8805.8 25
8806.2 25
8806.5 25
8806.9 25
8807.3 25
8807.6 25
8808 25
8808.3 25
8808.7 25
8809.1 25
8809.4 25
8809.8 25
8810.2 25
8810.5 25
8810.9 25
8811.2 25
8811.6 25
8812 25
8812.3 25
8812.7 25
8813.4 25
8814.1 25
8814.8 25
8815.5 25
8816.2 25
8816.2 25
8816.5 25
8816.9 25
8817.3 25
8817.6 25
8818 25
8818.3 25
8818.7 25
8819.1 25
8819.4 25
8819.8 25
8820.2 25
8820.5 25
8820.9 25
8821.2 25
8821.6 25
8822 25
8822.3 25
8822.7 25
8823.1 25
8823.4 25
8823.8 25
8824.1 25
8824.5 25
8824.9 25
8825.2 25
8825.9 25
8826.6 25
8827.3 25
8828 25
8828.7 25
8828.7 25
8829.1 25
8829.5 25
8829.8 25
8830.2 25
8830.6 25
8830.9 25
8831.3 25
8831.6 25
8832 25
8832.4 25
8832.7 25
8833.1 25
8833.5 25
8833.8 25
8834.2 25
8834.5 25
8834.9 25
8835.3 25
8835.6 25
8836 25
8836.4 25
8836.7 25
8837.1 25
8837.4 25
8837.8 25
8838.5 25
8839.2 25
8839.9 25
8840.6 25
8841.3 25
8841.3 25
8841.7 25
8842.1 25
8842.4 25
8842.8 25
8843.2 25
8843.5 25
8843.9 25
8844.3 25
8844.6 25
8845 25
8845.3 25
8845.7 25
8846.1 25
8846.4 25
8846.8 25
8847.2 25
8847.5 25
8847.9 25
8848.2 25
8848.6 25
8849 25
8849.3 25
8849.7 25
8850.1 25
8850.4 25
8851.1 25
8851.8 25
8852.6 25
8853.3 25
8854 25
8854 25
8854.4 25
8854.7 25
8855.1 25
8855.4 25
8855.8 25
8856.2 25
8856.5 25
8856.9 25
8857.3 25
8857.6 25
8858 25
8858.3 25
8858.7 25
8859.1 25
8859.4 25
8859.8 25
8860.2 25
8860.5 25
8860.9 25
8861.2 25
8861.6 25
8862 25
8862.3 25
8862.7 25
8863.1 25
8863.8 25
8864.5 25
8865.2 25
8865.9 25
8866.6 25
8866.6 25
8867 25
8867.4 25
8867.7 25
8868.1 25
8868.5 25
8868.8 25
8869.2 25
8869.6 25
8869.9 25
8870.3 25
8870.6 25
8871 25
8871.4 25
8871.7 25
8872.1 25
8872.5 25
8872.8 25
8873.2 25
8873.5 25
8873.9 25
8874.3 25
8874.6 25
8875 25
8875.4 25
8875.7 25
8876.4 25
8877.2 25
8877.9 25
8878.6 25
8879.3 25
8879.3 25
8879.7 25
8880.1 25
8880.4 25
8880.8 25
8881.2 25
8881.5 25
8881.9 25
8882.2 25
8882.6 25
8883 25
8883.3 25
8883.7 25
8884.1 25
8884.4 25
8884.8 25
8885.1 25
8885.5 25
8885.9 25
8886.2 25
8886.6 25
8887 25
8887.3 25
8887.7 25
8888 25
8888.4 25
8889.1 25
8889.9 25
8890.6 25
8891.3 25
8892.1 25
8892.1 25
8892.4 25
8892.8 25
8893.2 25
8893.5 25
8893.9 25
8894.2 25
8894.6 25
8895 25
8895.3 25
8895.7 25
8896.1 25
8896.4 25
8896.8 25
8897.1 25
8897.5 25
8897.9 25
8898.2 25
8898.6 25
8899 25
8899.3 25
8899.7 25
8900 25
8900.4 25
8900.8 25
8901.1 25
8901.9 25
8902.6 25
8903.3 25
8904.1 25
8904.8 25
8904.8 25
8905.2 25
8905.5 25
8905.9 25
8906.3 25
8906.6 25
8907 25
8907.3 25
8907.7 25
8908.1 25
8908.4 25
8908.8 25
8909.2 25
8909.5 25
8909.9 25
8910.2 25
8910.6 25
8911 25
8911.3 25
8911.7 25
8912.1 25
8912.4 25
8912.8 25
8913.2 25
8913.5 25
8913.9 25
8914.6 25
8915.4 25
8916.1 25
8916.8 25
8917.6 25
8917.6 25
8917.9 25
8918.3 25
8918.7 25
8919 25
8919.4 25
8919.8 25
8920.1 25
8920.5 25
8920.8 25
8921.2 25
8921.6 25
8921.9 25
8922.3 25
8922.7 25
8923 25
8923.4 25
8923.7 25
8924.1 25
8924.5 25
8924.8 25
8925.2 25
8925.6 25
8925.9 25
8926.3 25
8926.7 25
8927.4 25
8928.1 25
8928.9 25
8929.6 25
8930.4 25
8930.4 25
8930.8 25
8931.1 25
8931.5 25
8931.8 25
8932.2 25
8932.6 25
8932.9 25
8933.3 25
8933.7 25
8934 25
8934.4 25
8934.7 25
8935.1 25
8935.5 25
8935.8 25
8936.2 25
8936.6 25
8936.9 25
8937.3 25
8937.6 25
8938 25
8938.4 25
8938.7 25
8939.1 25
8939.5 25
8940.2 25
8941 25
8941.7 25
8942.5 25
8943.2 25
8943.2 25
8943.6 25
8944 25
8944.3 25
8944.7 25
8945.1 25
8945.4 25
8945.8 25
8946.1 25
8946.5 25
8946.9 25
8947.2 25
8947.6 25
8948 25
8948.3 25
8948.7 25
8949 25
8949.4 25
8949.8 25
8950.1 25
8950.5 25
8950.9 25
8951.2 25
8951.6 25
8951.9 25
8952.3 25
8953.1 25
8953.8 25
8954.6 25
8955.3 25
8956.1 25
8956.1 25
8956.5 25
8956.8 25
8957.2 25
8957.6 25
8957.9 25
8958.3 25
8958.7 25
8959 25
8959.4 25
8959.7 25
8960.1 25
8960.5 25
8960.8 25
8961.2 25
8961.6 25
8961.9 25
8962.3 25
8962.6 25
8963 25
8963.4 25
8963.7 25
8964.1 25
8964.5 25
8964.8 25
8965.2 25
8966 25
8966.7 25
8967.5 25
8968.2 25
8969 25
8969 25
8969.4 25
8969.7 25
8970.1 25
8970.5 25
8970.8 25
8971.2 25
8971.6 25
8971.9 25
8972.3 25
8972.6 25
8973 25
8973.4 25
8973.7 25
8974.1 25
8974.5 25
8974.8 25
8975.2 25
8975.5 25
8975.9 25
8976.3 25
8976.6 25
8977 25
8977.4 25
8977.7 25
8978.1 25
8978.9 25
8979.6 25
8980.4 25
8981.2 25
8981.9 25
8981.9 25
8982.3 25
8982.7 25
8983 25
8983.4 25
8983.8 25
8984.1 25
8984.5 25
8984.8 25
8985.2 25
8985.6 25
8985.9 25
8986.3 25
8986.7 25
8987 25
8987.4 25
8987.8 25
8988.1 25
8988.5 25
8988.8 25
8989.2 25
8989.6 25
8989.9 25
8990.3 25
8990.7 25
8991 25
8991.8 25
8992.6 25
8993.3 25
8994.1 25
8994.9 25
8994.9 25
8995.3 25
8995.6 25
8996 25
8996.4 25
8996.7 25
8997.1 25
8997.5 25
8997.8 25
8998.2 25
8998.5 25
8998.9 25
8999.3 25
8999.6 25
9000 25
9000.4 25
9000.7 25
9001.1 25
9001.4 25
9001.8 25
9002.2 25
9002.5 25
9002.9 25
9003.3 25
9003.6 25
9004 25
9004.8 25
9005.5 25
9006.3 25
9007.1 25
9007.9 25
9007.9 25
9008.3 25
9008.6 25
9009 25
9009.3 25
9009.7 25
9010.1 25
9010.4 25
9010.8 25
9011.2 25
9011.5 25
9011.9 25
9012.2 25
9012.6 25
9013 25
9013.3 25
9013.7 25
9014.1 25
9014.4 25
9014.8 25
9015.2 25
9015.5 25
9015.9 25
9016.2 25
9016.6 25
9017 25
9017.8 25
9018.5 25
9019.3 25
9020.1 25
9020.9 25
9020.9 25
9021.3 25
9021.6 25
9022 25
9022.4 25
9022.7 25
9023.1 25
9023.5 25
9023.8 25
9024.2 25
9024.5 25
9024.9 25
9025.3 25
9025.6 25
9026 25
9026.4 25
9026.7 25
9027.1 25
9027.4 25
9027.8 25
9028.2 25
9028.5 25
9028.9 25
9029.3 25
9029.6 25
9030 25
9030.8 25
9031.6 25
9032.4 25
9033.2 25
9034 25
9034 25
9034.3 25
9034.7 25
9035.1 25
9035.4 25
9035.8 25
9036.1 25
9036.5 25
9036.9 25
9037.2 25
9037.6 25
9038 25
9038.3 25
9038.7 25
9039 25
9039.4 25
9039.8 25
9040.1 25
9040.5 25
9040.9 25
9041.2 25
9041.6 25
9041.9 25
9042.3 25
9042.7 25
9043 25
9043.8 25
9044.6 25
9045.4 25
9046.2 25
9047 25
9047.1 25
9047.4 25
9047.8 25
9048.1 25
9048.5 25
9048.9 25
9049.2 25
9049.6 25
9050 25
9050.3 25
9050.7 25
9051 25
9051.4 25
9051.8 25
9052.1 25
9052.5 25
9052.9 25
9053.2 25
9053.6 25
9053.9 25
9054.3 25
9054.7 25
9055 25
9055.4 25
9055.8 25
9056.1 25
9056.9 25
9057.7 25
9058.5 25
9059.3 25
9060.2 25
9060.2 25
9060.5 25
9060.9 25
9061.3 25
9061.6 25
9062 25
9062.3 25
9062.7 25
9063.1 25
9063.4 25
9063.8 25
9064.2 25
9064.5 25
9064.9 25
9065.2 25
9065.6 25
9066 25
9066.3 25
9066.7 25
9067.1 25
9067.4 25
9067.8 25
9068.1 25
9068.5 25
9068.9 25
9069.2 25
9070 25
9070.9 25
9071.7 25
9072.5 25
9073.3 25
9073.3 25
9073.7 25
9074 25
9074.4 25
9074.8 25
9075.1 25
9075.5 25
9075.8 25
9076.2 25
9076.6 25
9076.9 25
9077.3 25
9077.7 25
9078 25
9078.4 25
9078.7 25
9079.1 25
9079.5 25
9079.8 25
9080.2 25
9080.6 25
9080.9 25
9081.3 25
9081.6 25
9082 25
9082.4 25
9083.2 25
9084 25
9084.8 25
9085.6 25
9086.5 25
9086.5 25
9086.8 25
9087.2 25
9087.6 25
9087.9 25
9088.3 25
9088.6 25
9089 25
9089.4 25
9089.7 25
9090.1 25
9090.5 25
9090.8 25
9091.2 25
9091.5 25
9091.9 25
9092.3 25
9092.6 25
9093 25
9093.4 25
9093.7 25
9094.1 25
9094.4 25
9094.8 25
9095.2 25
9095.5 25
9096.4 25
9097.2 25
9098 25
9098.8 25
9099.6 25
9099.7 25
9100 25
9100.4 25
9100.7 25
9101.1 25
9101.5 25
9101.8 25
9102.2 25
9102.6 25
9102.9 25
9103.3 25
9103.6 25
9104 25
9104.4 25
9104.7 25
9105.1 25
9105.5 25
9105.8 25
9106.2 25
9106.5 25
9106.9 25
9107.3 25
9107.6 25
9108 25
9108.4 25
9108.7 25
9109.6 25
9110.4 25
9111.2 25
9112 25
9112.9 25
9112.9 25
9113.3 25
9113.6 25
9114 25
9114.3 25
9114.7 25
9115.1 25
9115.4 25
9115.8 25
9116.2 25
9116.5 25
9116.9 25
9117.2 25
9117.6 25
9118 25
9118.3 25
9118.7 25
9119.1 25
9119.4 25
9119.8 25
9120.1 25
9120.5 25
9120.9 25
9121.2 25
9121.6 25
9122 25
9122.8 25
9123.6 25
9124.5 25
9125.3 25
9126.1 25
9126.2 25
9126.5 25
9126.9 25
9127.2 25
9127.6 25
9128 25
9128.3 25
9128.7 25
9129.1 25
9129.4 25
9129.8 25
9130.1 25
9130.5 25
9130.9 25
9131.2 25
9131.6 25
9132 25
9132.3 25
9132.7 25
9133 25
9133.4 25
9133.8 25
9134.1 25
9134.5 25
9134.9 25
9135.2 25
9136.1 25
9136.9 25
9137.8 25
9138.6 25
9139.5 25
9139.5 25
9139.8 25
9140.2 25
9140.6 25
9140.9 25
9141.3 25
9141.6 25
9142 25
9142.4 25
9142.7 25
9143.1 25
9143.5 25
9143.8 25
9144.2 25
9144.5 25
9144.9 25
9145.3 25
9145.6 25
9146 25
9146.4 25
9146.7 25
9147.1 25
9147.4 25
9147.8 25
9148.2 25
9148.5 25
9149.4 25
9150.2 25
9151.1 25
9151.9 25
9152.8 25
9152.8 25
9153.1 25
9153.5 25
9153.9 25
9154.2 25
9154.6 25
9155 25
9155.3 25
9155.7 25
9156 25
9156.4 25
9156.8 25
9157.1 25
9157.5 25
9157.9 25
9158.2 25
9158.6 25
9159 25
9159.3 25
9159.7 25
9160 25
9160.4 25
9160.8 25
9161.1 25
9161.5 25
9161.9 25
9162.7 25
9163.6 25
9164.4 25
9165.3 25
9166.1 25
9166.1 25
9166.5 25
9166.9 25
9167.2 25
9167.6 25
9168 25
9168.3 25
9168.7 25
9169 25
9169.4 25
9169.8 25
9170.1 25
9170.5 25
9170.9 25
9171.2 25
9171.6 25
9171.9 25
9172.3 25
9172.7 25
9173 25
9173.4 25
9173.8 25
9174.1 25
9174.5 25
9174.8 25
9175.2 25
9176.1 25
9176.9 25
9177.8 25
9178.7 25
9179.5 25
9179.5 25
9179.9 25
9180.3 25
9180.6 25
9181 25
9181.4 25
9181.7 25
9182.1 25
9182.4 25
9182.8 25
9183.2 25
9183.5 25
9183.9 25
9184.3 25
9184.6 25
9185 25
9185.3 25
9185.7 25
9186.1 25
9186.4 25
9186.8 25
9187.2 25
9187.5 25
9187.9 25
9188.2 25
9188.6 25
9189.5 25
9190.3 25
9191.2 25
9192.1 25
9192.9 25
9193 25
9193.3 25
9193.7 25
9194 25
9194.4 25
9194.8 25
9195.1 25
9195.5 25
9195.9 25
9196.2 25
9196.6 25
9196.9 25
9197.3 25
9197.7 25
9198 25
9198.4 25
9198.8 25
9199.1 25
9199.5 25
9199.8 25
9200.2 25
9200.6 25
9200.9 25
9201.3 25
9201.7 25
9202 25
9202.9 25
9203.8 25
9204.6 25
9205.5 25
9206.4 25
9206.4 1.4e+03
9206.8 653
9207.1 605
9207.5 585
9207.9 575
9208.2 568
9208.6 564
9208.9 562
9209.3 560
9209.7 558
9210 557
9210.4 555
9210.8 554
9211.1 552
9211.5 551
9211.8 549
9212.2 547
9212.6 545
9212.9 544
9213.3 542
9213.7 540
9214 538
9214.4 536
9214.7 534
9215.1 532
9215.5 530
9216.4 528
9217.2 524
9218.1 521
9219 517
9219.9 514
9219.9 1.4e+03
9220.3 656
9220.6 607
9221 587
9221.3 575
9221.7 569
9222.1 564
9222.4 561
9222.8 559
9223.2 557
9223.5 555
9223.9 554
9224.2 552
9224.6 550
9225 549
9225.3 547
9225.7 546
9226.1 544
9226.4 542
9226.8 540
9227.1 538
9227.5 537
9227.9 535
9228.2 533
9228.6 531
9229 529
9229.8 527
9230.7 523
9231.6 520
9232.5 516
9233.4 513
9233.4 1.31e+03
9233.8 654
9234.1 605
9234.5 586
9234.9 575
9235.2 568
9235.6 563
9236 560
9236.3 558
9236.7 556
9237 555
9237.4 553
9237.8 552
9238.1 550
9238.5 549
9238.9 547
9239.2 546
9239.6 544
9239.9 542
9240.3 541
9240.7 539
9241 537
9241.4 535
9241.8 533
9242.1 531
9242.5 529
9243.4 527
9244.3 524
9245.2 520
9246.1 517
9247 513
9247 1.23e+03
9247.3 654
9247.7 605
9248.1 586
9248.4 575
9248.8 568
9249.2 564
9249.5 561
9249.9 559
9250.2 557
9250.6 556
9251 554
9251.3 553
9251.7 552
9252.1 550
9252.4 549
9252.8 547
9253.1 545
9253.5 544
9253.9 542
9254.2 540
9254.6 538
9255 536
9255.3 535
9255.7 533
9256 531
9256.9 529
9257.8 525
9258.7 522
9259.6 518
9260.5 514
9260.6 1.16e+03
9260.9 655
9261.3 607
9261.6 587
9262 576
9262.4 570
9262.7 565
9263.1 562
9263.5 560
9263.8 559
9264.2 557
9264.5 556
9264.9 555
9265.3 553
9265.6 552
9266 550
9266.4 549
9266.7 547
9267.1 546
9267.5 544
9267.8 542
9268.2 540
9268.5 538
9268.9 537
9269.3 535
9269.6 533
9270.5 531
9271.4 527
9272.4 524
9273.3 520
9274.2 516
9274.2 1.08e+03
9274.5 655
9274.9 608
9275.3 589
9275.6 578
9276 571
9276.4 567
9276.7 564
9277.1 562
9277.4 561
9277.8 559
9278.2 558
9278.5 557
9278.9 555
9279.3 554
9279.6 552
9280 551
9280.3 549
9280.7 548
9281.1 546
9281.4 544
9281.8 542
9282.2 541
9282.5 539
9282.9 537
9283.2 535
9284.2 533
9285.1 529
9286 526
9286.9 522
9287.8 519
9287.8 1.01e+03
9288.2 656
9288.6 610
9288.9 590
9289.3 580
9289.7 573
9290 569
9290.4 566
9290.7 564
9291.1 562
9291.5 561
9291.8 560
9292.2 559
9292.6 557
9292.9 556
9293.3 554
9293.6 553
9294 551
9294.4 550
9294.7 548
9295.1 546
9295.5 545
9295.8 543
9296.2 541
9296.5 539
9296.9 537
9297.8 535
9298.7 531
9299.7 528
9300.6 524
9301.5 521
9301.5 936
9301.9 657
9302.2 611
9302.6 592
9303 581
9303.3 575
9303.7 571
9304.1 568
9304.4 566
9304.8 564
9305.1 563
9305.5 562
9305.9 560
9306.2 559
9306.6 558
9307 556
9307.3 555
9307.7 553
9308 551
9308.4 550
9308.8 548
9309.1 546
9309.5 545
9309.9 543
9310.2 541
9310.6 539
9311.5 537
9312.4 533
9313.4 530
9314.3 526
9315.2 522
9315.2 873
9315.6 658
9316 612
9316.3 593
9316.7 583
9317 576
9317.4 572
9317.8 569
9318.1 567
9318.5 566
9318.9 564
9319.2 563
9319.6 562
9319.9 560
9320.3 559
9320.7 558
9321 556
9321.4 555
9321.8 553
9322.1 551
9322.5 550
9322.8 548
9323.2 546
9323.6 544
9323.9 543
9324.3 541
9325.2 538
9326.2 535
9327.1 531
9328 528
9329 524
9329 819
9329.3 658
9329.7 613
9330.1 594
9330.4 584
9330.8 577
9331.2 573
9331.5 570
9331.9 568
9332.2 567
9332.6 565
9333 564
9333.3 563
9333.7 561
9334.1 560
9334.4 559
9334.8 557
9335.1 556
9335.5 554
9335.9 552
9336.2 551
9336.6 549
9337 547
9337.3 546
9337.7 544
9338 542
9339 540
9339.9 536
9340.9 532
9341.8 529
9342.8 525
9342.8 772
9343.1 658
9343.5 614
9343.9 595
9344.2 585
9344.6 578
9344.9 574
9345.3 571
9345.7 569
9346 568
9346.4 566
9346.8 565
9347.1 564
9347.5 562
9347.8 561
9348.2 560
9348.6 558
9348.9 557
9349.3 555
9349.7 553
9350 552
9350.4 550
9350.7 548
9351.1 547
9351.5 545
9351.8 543
9352.8 540
9353.7 537
9354.7 533
9355.6 530
9356.6 526
9356.6 729
9357 658
9357.3 615
9357.7 596
9358.1 586
9358.4 579
9358.8 575
9359.1 572
9359.5 570
9359.9 568
9360.2 567
9360.6 566
9361 564
9361.3 563
9361.7 562
9362 560
9362.4 559
9362.8 557
9363.1 556
9363.5 554
9363.9 552
9364.2 551
9364.6 549
9364.9 547
9365.3 546
9365.7 544
9366.6 541
9367.6 538
9368.5 534
9369.5 531
9370.4 527
9370.4 689
9370.8 657
9371.2 615
9371.5 597
9371.9 586
9372.3 580
9372.6 575
9373 572
9373.3 570
9373.7 569
9374.1 567
9374.4 566
9374.8 565
9375.2 563
9375.5 562
9375.9 561
9376.3 559
9376.6 558
9377 556
9377.3 555
9377.7 553
9378.1 551
9378.4 550
9378.8 548
9379.2 546
9379.5 544
9380.5 542
9381.4 538
9382.4 535
9383.4 531
9384.3 528
9384.3 655
9384.7 657
9385.1 615
9385.4 597
9385.8 587
9386.1 580
9386.5 576
9386.9 573
9387.2 571
9387.6 569
9388 568
9388.3 566
9388.7 565
9389.1 564
9389.4 562
9389.8 561
9390.1 559
9390.5 558
9390.9 556
9391.2 555
9391.6 553
9392 552
9392.3 550
9392.7 548
9393 547
9393.4 545
9394.4 542
9395.3 539
9396.3 535
9397.3 532
9398.2 528
9398.2 628
9398.6 656
9399 616
9399.3 597
9399.7 587
9400.1 580
9400.4 576
9400.8 573
9401.1 571
9401.5 569
9401.9 568
9402.2 566
9402.6 565
9403 564
9403.3 562
9403.7 561
9404 560
9404.4 558
9404.8 557
9405.1 555
9405.5 553
9405.9 552
9406.2 550
9406.6 548
9406.9 547
9407.3 545
9408.3 542
9409.3 539
9410.2 535
9411.2 532
9412.2 528
9412.2 605
9412.5 655
9412.9 615
9413.3 597
9413.6 587
9414 581
9414.4 576
9414.7 573
9415.1 571
9415.4 569
9415.8 568
9416.2 567
9416.5 565
9416.9 564
9417.3 563
9417.6 561
9418 560
9418.4 558
9418.7 557
9419.1 555
9419.4 553
9419.8 552
9420.2 550
9420.5 548
9420.9 546
9421.3 545
9422.2 542
9423.2 538
9424.2 535
9425.2 531
9426.2 527
9426.2 586
9426.5 652
9426.9 614
9427.3 596
9427.6 586
9428 579
9428.3 575
9428.7 572
9429.1 570
9429.4 568
9429.8 567
9430.2 566
9430.5 564
9430.9 563
9431.2 562
9431.6 560
9432 559
9432.3 557
9432.7 556
9433.1 554
9433.4 553
9433.8 551
9434.1 549
9434.5 548
9434.9 546
9435.2 544
9436.2 542
9437.2 538
9438.2 534
9439.2 531
9440.2 527
9440.2 571
9440.6 650
9440.9 613
9441.3 596
9441.6 586
9442 579
9442.4 575
9442.7 572
9443.1 570
9443.5 568
9443.8 567
9444.2 566
9444.5 564
9444.9 563
9445.3 562
9445.6 561
9446 559
9446.4 558
9446.7 556
9447.1 555
9447.4 553
9447.8 551
9448.2 550
9448.5 548
9448.9 546
9449.3 545
9450.3 542
9451.2 538
9452.2 535
9453.2 531
9454.2 528
9454.2 561
9454.6 649
9455 614
9455.3 596
9455.7 586
9456 580
9456.4 575
9456.8 572
9457.1 570
9457.5 569
9457.9 567
9458.2 566
9458.6 565
9458.9 564
9459.3 563
9459.7 561
9460 560
9460.4 559
9460.8 557
9461.1 556
9461.5 554
9461.9 552
9462.2 551
9462.6 549
9462.9 548
9463.3 546
9464.3 543
9465.3 540
9466.3 536
9467.3 532
9468.3 529
9468.3 553
9468.7 649
9469 614
9469.4 597
9469.8 587
9470.1 580
9470.5 576
9470.9 573
9471.2 571
9471.6 570
9471.9 568
9472.3 567
9472.7 566
9473 565
9473.4 564
9473.8 562
9474.1 561
9474.5 560
9474.8 558
9475.2 557
9475.6 555
9475.9 554
9476.3 552
9476.7 551
9477 549
9477.4 547
9478.4 544
9479.4 541
9480.4 537
9481.4 534
9482.4 530
9482.4 548
9482.8 648
9483.2 615
9483.5 598
9483.9 588
9484.3 581
9484.6 577
9485 574
9485.3 572
9485.7 571
9486.1 570
9486.4 568
9486.8 567
9487.2 566
9487.5 565
9487.9 564
9488.2 562
9488.6 561
9489 560
9489.3 558
9489.7 557
9490.1 555
9490.4 554
9490.8 552
9491.1 550
9491.5 549
9492.5 546
9493.5 542
9494.5 539
9495.6 535
9496.6 532
9496.6 544
9496.9 648
9497.3 616
9497.7 599
9498 589
9498.4 583
9498.8 579
9499.1 576
9499.5 574
9499.8 572
9500.2 571
9500.6 570
9500.9 569
9501.3 568
9501.7 566
9502 565
9502.4 564
9502.7 563
9503.1 561
9503.5 560
9503.8 558
9504.2 557
9504.6 555
9504.9 554
9505.3 552
9505.6 550
9506.7 547
9507.7 544
9508.7 540
9509.7 537
9510.7 533
9510.8 542
9511.1 647
9511.5 616
9511.8 600
9512.2 590
9512.6 584
9512.9 580
9513.3 577
9513.7 575
9514 573
9514.4 572
9514.7 571
9515.1 570
9515.5 569
9515.8 568
9516.2 566
9516.6 565
9516.9 564
9517.3 562
9517.7 561
9518 560
9518.4 558
9518.7 557
9519.1 555
9519.5 553
9519.8 552
9520.9 549
9521.9 545
9522.9 542
9523.9 538
9525 534
9525 541
9525.3 647
9525.7 617
9526.1 601
9526.4 591
9526.8 585
9527.2 581
9527.5 578
9527.9 576
9528.2 574
9528.6 573
9529 572
9529.3 571
9529.7 570
9530.1 569
9530.4 568
9530.8 566
9531.1 565
9531.5 564
9531.9 562
9532.2 561
9532.6 559
9533 558
9533.3 556
9533.7 555
9534 553
9535.1 550
9536.1 547
9537.2 543
9538.2 539
9539.2 536
9539.2 540
9539.6 646
9540 617
9540.3 602
9540.7 592
9541.1 586
9541.4 582
9541.8 579
9542.1 577
9542.5 575
9542.9 574
9543.2 573
9543.6 572
9544 571
9544.3 570
9544.7 568
9545 567
9545.4 566
9545.8 565
9546.1 563
9546.5 562
9546.9 560
9547.2 559
9547.6 557
9547.9 556
9548.3 554
9549.4 551
9550.4 548
9551.4 544
9552.5 540
9553.5 537
9553.5 540
9553.9 645
9554.3 618
9554.6 602
9555 593
9555.4 587
9555.7 583
9556.1 580
9556.4 578
9556.8 576
9557.2 575
9557.5 574
9557.9 573
9558.3 571
9558.6 570
9559 569
9559.4 568
9559.7 567
9560.1 565
9560.4 564
9560.8 562
9561.2 561
9561.5 559
9561.9 558
9562.3 556
9562.6 555
9563.7 552
9564.7 548
9565.8 545
9566.8 541
9567.9 537
9567.9 540
9568.2 644
9568.6 618
9569 603
9569.3 593
9569.7 587
9570 583
9570.4 580
9570.8 578
9571.1 577
9571.5 575
9571.9 574
9572.2 573
9572.6 572
9572.9 571
9573.3 570
9573.7 568
9574 567
9574.4 566
9574.8 564
9575.1 563
9575.5 562
9575.8 560
9576.2 559
9576.6 557
9576.9 555
9578 552
9579.1 549
9580.1 545
9581.2 542
9582.2 538
9582.2 540
9582.6 642
9583 618
9583.3 603
9583.7 594
9584 588
9584.4 584
9584.8 581
9585.1 579
9585.5 577
9585.9 576
9586.2 575
9586.6 573
9586.9 572
9587.3 571
9587.7 570
9588 569
9588.4 568
9588.8 566
9589.1 565
9589.5 563
9589.8 562
9590.2 560
9590.6 559
9590.9 557
9591.3 556
9592.4 553
9593.4 549
9594.5 546
9595.6 542
9596.6 539
9596.6 540
9597 641
9597.4 618
9597.7 603
9598.1 594
9598.5 588
9598.8 584
9599.2 581
9599.5 579
9599.9 577
9600.3 576
9600.6 575
9601 574
9601.4 573
9601.7 571
9602.1 570
9602.4 569
9602.8 568
9603.2 566
9603.5 565
9603.9 564
9604.3 562
9604.6 561
9605 559
9605.3 558
9605.7 556
9606.8 553
9607.8 550
9608.9 546
9610 543
9611.1 539
9611.1 540
9611.4 639
9611.8 618
9612.1 603
9612.5 594
9612.9 588
9613.2 584
9613.6 581
9614 579
9614.3 577
9614.7 576
9615.1 575
9615.4 574
9615.8 573
9616.1 572
9616.5 570
9616.9 569
9617.2 568
9617.6 567
9618 565
9618.3 564
9618.7 562
9619 561
9619.4 560
9619.8 558
9620.1 556
9621.2 554
9622.3 550
9623.4 546
9624.4 543
9625.5 539
9625.5 540
9625.9 637
9626.3 617
9626.6 603
9627 594
9627.3 588
9627.7 584
9628.1 581
9628.4 579
9628.8 577
9629.2 576
9629.5 575
9629.9 574
9630.2 573
9630.6 572
9631 570
9631.3 569
9631.7 568
9632.1 567
9632.4 565
9632.8 564
9633.1 562
9633.5 561
9633.9 560
9634.2 558
9634.6 557
9635.7 554
9636.8 550
9637.9 547
9638.9 543
9640 539
9640 540
9640.4 636
9640.8 617
9641.1 603
9641.5 594
9641.8 588
9642.2 584
9642.6 581
9642.9 579
9643.3 577
9643.7 576
9644 575
9644.4 574
9644.7 573
9645.1 571
9645.5 570
9645.8 569
9646.2 568
9646.6 566
9646.9 565
9647.3 564
9647.7 562
9648 561
9648.4 559
9648.7 558
9649.1 556
9650.2 553
9651.3 549
9652.4 546
9653.5 542
9654.6 538
9654.6 539
9654.9 633
9655.3 615
9655.7 602
9656 593
9656.4 587
9656.8 583
9657.1 580
9657.5 578
9657.8 576
9658.2 575
9658.6 574
9658.9 573
9659.3 572
9659.7 571
9660 569
9660.4 568
9660.7 567
9661.1 566
9661.5 564
9661.8 563
9662.2 562
9662.6 560
9662.9 559
9663.3 557
9663.7 556
9664.7 553
9665.8 549
9666.9 545
9668 542
9669.1 538
9669.1 538
9669.5 630
9669.9 614
9670.2 601
9670.6 592
9671 587
9671.3 583
9671.7 580
9672.1 578
9672.4 576
9672.8 575
9673.1 574
9673.5 573
9673.9 572
9674.2 571
9674.6 569
9675 568
9675.3 567
9675.7 566
9676 565
9676.4 563
9676.8 562
9677.1 560
9677.5 559
9677.9 557
9678.2 556
9679.3 553
9680.4 549
9681.5 546
9682.6 542
9683.7 538
9683.8 538
9684.1 629
9684.5 613
9684.8 601
9685.2 592
9685.6 587
9685.9 583
9686.3 580
9686.7 578
9687 576
9687.4 575
9687.7 574
9688.1 573
9688.5 572
9688.8 571
9689.2 570
9689.6 569
9689.9 568
9690.3 566
9690.7 565
9691 564
9691.4 562
9691.7 561
9692.1 560
9692.5 558
9692.8 557
9693.9 554
9695 550
9696.2 546
9697.3 543
9698.4 539
9698.4 539
9698.7 628
9699.1 613
9699.5 601
9699.8 593
9700.2 587
9700.6 583
9700.9 581
9701.3 579
9701.7 577
9702 576
9702.4 575
9702.7 574
9703.1 573
9703.5 572
9703.8 571
9704.2 570
9704.6 569
9704.9 567
9705.3 566
9705.6 565
9706 564
9706.4 562
9706.7 561
9707.1 559
9707.5 558
9708.6 555
9709.7 551
9710.8 548
9711.9 544
9713 540
9713.1 540
9713.4 627
9713.8 614
9714.1 602
9714.5 594
9714.9 588
9715.2 584
9715.6 582
9716 580
9716.3 578
9716.7 577
9717 576
9717.4 575
9717.8 574
9718.1 573
9718.5 572
9718.9 571
9719.2 570
9719.6 569
9719.9 567
9720.3 566
9720.7 565
9721 563
9721.4 562
9721.8 561
9722.1 559
9723.3 556
9724.4 553
9725.5 549
9726.6 545
9727.8 542
9727.8 542
9728.1 626
9728.5 614
9728.9 603
9729.2 595
9729.6 589
9729.9 585
9730.3 583
9730.7 581
9731 579
9731.4 578
9731.8 577
9732.1 576
9732.5 575
9732.8 574
9733.2 573
9733.6 572
9733.9 571
9734.3 570
9734.7 569
9735 567
9735.4 566
9735.8 565
9736.1 563
9736.5 562
9736.8 561
9738 557
9739.1 554
9740.2 550
9741.4 547
9742.5 543
9742.5 543
9742.9 625
9743.3 615
9743.6 604
9744 596
9744.3 590
9744.7 586
9745.1 584
9745.4 582
9745.8 580
9746.2 579
9746.5 578
9746.9 577
9747.2 576
9747.6 575
9748 574
9748.3 573
9748.7 572
9749.1 571
9749.4 570
9749.8 569
9750.1 567
9750.5 566
9750.9 565
9751.2 563
9751.6 562
9752.7 559
9753.9 555
9755 551
9756.2 548
9757.3 544
9757.3 544
9757.7 624
9758.1 615
9758.4 604
9758.8 597
9759.1 591
9759.5 587
9759.9 585
9760.2 583
9760.6 581
9761 580
9761.3 579
9761.7 578
9762 577
9762.4 576
9762.8 575
9763.1 574
9763.5 573
9763.9 572
9764.2 571
9764.6 570
9764.9 568
9765.3 567
9765.7 566
9766 564
9766.4 563
9767.5 560
9768.7 556
9769.8 553
9771 549
9772.1 545
9772.1 545
9772.5 623
9772.9 615
9773.2 605
9773.6 597
9774 592
9774.3 588
9774.7 585
9775 583
9775.4 582
9775.8 581
9776.1 580
9776.5 579
9776.9 578
9777.2 577
9777.6 576
9777.9 575
9778.3 574
9778.7 573
9779 572
9779.4 570
9779.8 569
9780.1 568
9780.5 566
9780.9 565
9781.2 564
9782.4 561
9783.5 557
9784.7 553
9785.8 550
9787 546
9787 546
9787.4 622
9787.7 615
9788.1 605
9788.5 598
9788.8 592
9789.2 589
9789.5 586
9789.9 584
9790.3 583
9790.6 581
9791 580
9791.4 579
9791.7 579
9792.1 578
9792.4 577
9792.8 576
9793.2 575
9793.5 573
9793.9 572
9794.3 571
9794.6 570
9795 568
9795.3 567
9795.7 566
9796.1 564
9797.2 561
9798.4 558
9799.6 554
9800.7 550
9801.9 547
9801.9 547
9802.3 621
9802.6 615
9803 605
9803.4 598
9803.7 593
9804.1 589
9804.5 586
9804.8 584
9805.2 583
9805.5 582
9805.9 581
9806.3 580
9806.6 579
9807 578
9807.4 577
9807.7 576
9808.1 575
9808.4 574
9808.8 573
9809.2 571
9809.5 570
9809.9 569
9810.3 568
9810.6 566
9811 565
9812.1 562
9813.3 558
9814.5 555
9815.7 551
9816.8 547
9816.8 547
9817.2 620
9817.6 615
9817.9 605
9818.3 598
9818.6 593
9819 589
9819.4 587
9819.7 585
9820.1 583
9820.5 582
9820.8 581
9821.2 580
9821.6 579
9821.9 578
9822.3 577
9822.6 576
9823 575
9823.4 574
9823.7 573
9824.1 572
9824.5 571
9824.8 569
9825.2 568
9825.5 567
9825.9 565
9827.1 562
9828.3 559
9829.4 555
9830.6 551
9831.8 548
9831.8 548
9832.2 618
9832.5 614
9832.9 605
9833.3 598
9833.6 593
9834 590
9834.3 587
9834.7 585
9835.1 584
9835.4 582
9835.8 581
9836.2 580
9836.5 579
9836.9 578
9837.2 577
9837.6 576
9838 575
9838.3 574
9838.7 573
9839.1 572
9839.4 571
9839.8 570
9840.1 568
9840.5 567
9840.9 566
9842.1 562
9843.2 559
9844.4 555
9845.6 552
9846.8 548
9846.8 548
9847.2 617
9847.5 614
9847.9 605
9848.3 598
9848.6 593
9849 590
9849.4 587
9849.7 585
9850.1 584
9850.4 582
9850.8 581
9851.2 580
9851.5 579
9851.9 578
9852.3 577
9852.6 576
9853 575
9853.3 574
9853.7 573
9854.1 572
9854.4 571
9854.8 570
9855.2 568
9855.5 567
9855.9 566
9857.1 563
9858.3 559
9859.5 555
9860.7 552
9861.9 548
9861.9 548
9862.2 615
9862.6 613
9863 605
9863.3 598
9863.7 593
9864 590
9864.4 587
9864.8 585
9865.1 584
9865.5 582
9865.9 581
9866.2 580
9866.6 579
9867 578
9867.3 577
9867.7 576
9868 575
9868.4 574
9868.8 573
9869.1 572
9869.5 571
9869.9 569
9870.2 568
9870.6 567
9870.9 565
9872.1 562
9873.3 558
9874.6 555
9875.8 551
9877 547
9877 547
9877.3 612
9877.7 611
9878.1 603
9878.4 597
9878.8 592
9879.1 589
9879.5 586
9879.9 584
9880.2 582
9880.6 581
9881 580
9881.3 579
9881.7 578
9882.1 577
9882.4 577
9882.8 576
9883.1 575
9883.5 573
9883.9 572
9884.2 571
9884.6 570
9885 569
9885.3 567
9885.7 566
9886 565
9887.2 561
9888.5 558
9889.7 554
9890.9 551
9892.1 547
9892.1 547
9892.5 610
9892.8 610
9893.2 603
9893.5 596
9893.9 592
9894.3 588
9894.6 585
9895 584
9895.4 582
9895.7 581
9896.1 580
9896.4 579
9896.8 578
9897.2 577
9897.5 576
9897.9 575
9898.3 574
9898.6 573
9899 572
9899.3 571
9899.7 570
9900.1 569
9900.4 568
9900.8 566
9901.2 565
9902.4 562
9903.6 558
9904.8 554
9906 551
9907.2 547
9907.3 547
9907.6 609
9908 609
9908.3 602
9908.7 596
9909.1 592
9909.4 588
9909.8 586
9910.2 584
9910.5 582
9910.9 581
9911.2 580
9911.6 579
9912 578
9912.3 578
9912.7 577
9913.1 576
9913.4 575
9913.8 574
9914.1 573
9914.5 572
9914.9 571
9915.2 569
9915.6 568
9916 567
9916.3 566
9917.5 562
9918.8 559
9920 555
9921.2 551
9922.4 548
9922.4 548
9922.8 608
9923.2 609
9923.5 603
9923.9 597
9924.3 592
9924.6 589
9925 586
9925.3 584
9925.7 583
9926.1 582
9926.4 581
9926.8 580
9927.2 579
9927.5 578
9927.9 578
9928.2 577
9928.6 576
9929 575
9929.3 574
9929.7 573
9930.1 571
9930.4 570
9930.8 569
9931.1 568
9931.5 566
9932.7 563
9934 560
9935.2 556
9936.4 552
9937.7 549
9937.7 549
9938 608
9938.4 610
9938.8 604
9939.1 598
9939.5 593
9939.8 590
9940.2 587
9940.6 586
9940.9 584
9941.3 583
9941.7 582
9942 581
9942.4 580
9942.7 579
9943.1 579
9943.5 578
9943.8 577
9944.2 576
9944.6 575
9944.9 574
9945.3 573
9945.6 572
9946 570
9946.4 569
9946.7 568
9948 565
9949.2 561
9950.5 558
9951.7 554
9952.9 550
9952.9 550
9953.3 607
9953.7 610
9954 604
9954.4 599
9954.8 594
9955.1 591
9955.5 588
9955.8 587
9956.2 585
9956.6 584
9956.9 583
9957.3 582
9957.7 581
9958 581
9958.4 580
9958.7 579
9959.1 578
9959.5 577
9959.8 576
9960.2 575
9960.6 574
9960.9 573
9961.3 572
9961.6 570
9962 569
9963.3 566
9964.5 562
9965.8 559
9967 555
9968.2 552
9968.3 552
9968.6 607
9969 610
9969.3 605
9969.7 600
9970.1 595
9970.4 592
9970.8 589
9971.2 588
9971.5 586
9971.9 585
9972.2 584
9972.6 583
9973 582
9973.3 582
9973.7 581
9974.1 580
9974.4 579
9974.8 578
9975.1 577
9975.5 576
9975.9 575
9976.2 574
9976.6 573
9977 572
9977.3 570
9978.6 567
9979.8 564
9981.1 560
9982.4 556
9983.6 553
9983.6 553
9984 606
9984.3 610
9984.7 605
9985.1 600
9985.4 596
9985.8 593
9986.2 590
9986.5 588
9986.9 587
9987.2 586
9987.6 585
9988 584
9988.3 583
9988.7 582
9989.1 582
9989.4 581
9989.8 580
9990.1 579
9990.5 578
9990.9 577
9991.2 576
9991.6 575
9992 574
9992.3 572
9992.7 571
9994 568
9995.2 565
9996.5 561
9997.8 557
9999 554
9999 554
9999.4 605
9999.8 610
10000 606
10000 601
10001 596
10001 593
10002 591
10002 589
10002 588
10003 586
10003 585
10003 585
10004 584
10004 583
10004 582
10005 581
10005 580
10006 580
10006 579
10006 578
10007 577
10007 575
10007 574
10008 573
10008 572
10009 569
10011 565
10012 562
10013 558
10014 554
10014 554
10015 604
10015 610
10016 606
10016 601
10016 597
10017 594
10017 591
10017 589
10018 588
10018 587
10018 586
10019 585
10019 584
10020 583
10020 583
10020 582
10021 581
10021 580
10021 579
10022 578
10022 577
10022 576
10023 575
10023 574
10024 572
10025 569
10026 566
10027 562
10029 559
10030 555
10030 555
10030 603
10031 610
10031 606
10031 601
10032 597
10032 594
10032 591
10033 590
10033 588
10034 587
10034 586
10034 585
10035 584
10035 584
10035 583
10036 582
10036 581
10036 580
10037 579
10037 578
10038 577
10038 576
10038 575
10039 574
10039 573
10040 569
10042 566
10043 562
10044 559
10045 555
10045 555
10046 602
10046 609
10047 605
10047 601
10047 597
10048 594
10048 592
10048 590
10049 588
10049 587
10049 586
10050 585
10050 585
10051 584
10051 583
10051 582
10052 581
10052 580
10052 579
10053 578
10053 577
10053 576
10054 575
10054 574
10054 573
10056 570
10057 566
10058 563
10060 559
10061 556
10061 556
10061 601
10062 608
10062 605
10062 601
10063 597
10063 594
10064 592
10064 590
10064 588
10065 587
10065 586
10065 585
10066 585
10066 584
10066 583
10067 582
10067 581
10067 580
10068 579
10068 578
10069 577
10069 576
10069 575
10070 574
10070 573
10071 570
10073 566
10074 563
10075 559
10077 556
10077 556
10077 600
10077 608
10078 605
10078 600
10078 597
10079 594
10079 591
10079 590
10080 588
10080 587
10081 586
10081 585
10081 584
10082 584
10082 583
10082 582
10083 581
10083 580
10083 579
10084 578
10084 577
10085 576
10085 575
10085 574
10086 573
10087 570
10088 566
10090 563
10091 559
10092 556
10092 556
10093 598
10093 607
10093 604
10094 600
10094 596
10094 594
10095 591
10095 589
10095 588
10096 587
10096 586
10097 585
10097 584
10097 583
10098 583
10098 582
10098 581
10099 580
10099 579
10099 578
10100 577
10100 576
10101 575
10101 574
10101 573
10103 570
10104 566
10105 563
10107 559
10108 556
10108 556
10108 597
10109 606
10109 604
10109 600
10110 596
10110 593
10110 591
10111 589
10111 588
10111 587
10112 586
10112 585
10113 584
10113 583
10113 582
10114 582
10114 581
10114 580
10115 579
10115 578
10115 577
10116 576
10116 575
10117 574
10117 572
10118 569
10120 565
10121 562
10122 558
10124 554
10124 554
10124 595
10124 604
10125 602
10125 598
10125 595
10126 592
10126 590
10126 588
10127 587
10127 585
10128 585
10128 584
10128 583
10129 582
10129 581
10129 581
10130 580
10130 579
10130 578
10131 577
10131 576
10132 575
10132 574
10132 573
10133 572
10134 568
10135 565
10137 561
10138 557
10139 554
10139 554
10140 593
10140 603
10140 601
10141 597
10141 594
10141 591
10142 589
10142 587
10143 586
10143 585
10143 584
10144 583
10144 582
10144 582
10145 581
10145 580
10145 579
10146 578
10146 578
10147 577
10147 576
10147 575
10148 574
10148 572
10148 571
10150 568
10151 565
10152 561
10154 557
10155 554
10155 554
10155 592
10156 602
10156 600
10156 597
10157 594
10157 591
10158 589
10158 587
10158 586
10159 585
10159 584
10159 583
10160 582
10160 582
10160 581
10161 580
10161 579
10162 579
10162 578
10162 577
10163 576
10163 575
10163 574
10164 573
10164 572
10165 568
10167 565
10168 561
10169 558
10171 554
10171 554
10171 591
10172 601
10172 600
10172 597
10173 594
10173 591
10173 589
10174 587
10174 586
10174 585
10175 584
10175 584
10176 583
10176 582
10176 581
10177 581
10177 580
10177 579
10178 578
10178 577
10178 577
10179 576
10179 575
10180 573
10180 572
10181 569
10183 566
10184 562
10185 559
10187 555
10187 555
10187 590
10187 601
10188 600
10188 597
10189 594
10189 592
10189 590
10190 588
10190 587
10190 586
10191 585
10191 584
10191 583
10192 583
10192 582
10193 581
10193 581
10193 580
10194 579
10194 578
10194 577
10195 576
10195 575
10195 574
10196 573
10197 570
10199 567
10200 563
10201 559
10203 556
10203 556
10203 590
10203 601
10204 601
10204 598
10204 595
10205 592
10205 590
10206 589
10206 587
10206 586
10207 586
10207 585
10207 584
10208 584
10208 583
10208 582
10209 581
10209 581
10210 580
10210 579
10210 578
10211 577
10211 576
10211 575
10212 574
10213 571
10214 567
10216 564
10217 560
10219 557
10219 557
10219 590
10219 601
10220 601
10220 598
10220 595
10221 593
10221 591
10221 589
10222 588
10222 587
10223 586
10223 586
10223 585
10224 584
10224 584
10224 583
10225 582
10225 581
10225 581
10226 580
10226 579
10227 578
10227 577
10227 576
10228 575
10229 572
10230 568
10232 565
10233 561
10235 558
10235 558
10235 590
10235 601
10236 601
10236 599
10236 596
10237 593
10237 592
10237 590
10238 589
10238 588
10239 587
10239 586
10239 586
10240 585
10240 584
10240 584
10241 583
10241 582
10241 581
10242 580
10242 580
10243 579
10243 578
10243 577
10244 576
10245 572
10246 569
10248 566
10249 562
10251 558
10251 558
10251 589
10251 601
10252 601
10252 599
10252 596
10253 594
10253 592
10253 590
10254 589
10254 588
10255 587
10255 587
10255 586
10256 585
10256 585
10256 584
10257 583
10257 583
10257 582
10258 581
10258 580
10259 579
10259 578
10259 577
10260 576
10261 573
10262 570
10264 566
10265 563
10267 559
10267 559
10267 589
10267 601
10268 601
10268 599
10268 597
10269 594
10269 592
10270 591
10270 590
10270 589
10271 588
10271 587
10271 586
10272 586
10272 585
10272 585
10273 584
10273 583
10274 582
10274 581
10274 581
10275 580
10275 579
10275 578
10276 577
10277 573
10278 570
10280 567
10281 563
10283 560
10283 560
10283 588
10283 601
10284 601
10284 599
10285 597
10285 595
10285 593
10286 591
10286 590
10286 589
10287 588
10287 587
10287 587
10288 586
10288 585
10289 585
10289 584
10289 583
10290 583
10290 582
10290 581
10291 580
10291 579
10291 578
10292 577
10293 574
10295 571
10296 567
10297 563
10299 560
10299 560
10299 588
10300 600
10300 601
10300 599
10301 597
10301 595
10301 593
10302 591
10302 590
10302 589
10303 588
10303 588
10304 587
10304 586
10304 586
10305 585
10305 584
10305 583
10306 583
10306 582
10306 581
10307 580
10307 579
10308 578
10308 577
10309 574
10311 571
10312 567
10314 564
10315 560
10315 560
10315 587
10316 600
10316 601
10316 599
10317 597
10317 595
10318 593
10318 591
10318 590
10319 589
10319 588
10319 588
10320 587
10320 586
10320 586
10321 585
10321 584
10322 583
10322 583
10322 582
10323 581
10323 580
10323 579
10324 578
10324 577
10326 574
10327 571
10328 567
10330 564
10331 560
10331 560
10332 586
10332 599
10332 600
10333 599
10333 597
10333 594
10334 593
10334 591
10335 590
10335 589
10335 588
10336 587
10336 587
10336 586
10337 585
10337 585
10337 584
10338 583
10338 583
10339 582
10339 581
10339 580
10340 579
10340 578
10340 577
10342 574
10343 571
10345 567
10346 564
10348 560
10348 560
10348 585
10348 598
10349 600
10349 598
10349 596
10350 594
10350 592
10350 591
10351 590
10351 589
10352 588
10352 587
10352 587
10353 586
10353 585
10353 585
10354 584
10354 583
10354 582
10355 582
10355 581
10356 580
10356 579
10356 578
10357 577
10358 574
10359 571
10361 567
10362 564
10364 560
10364 560
10364 584
10365 597
10365 599
10365 598
10366 596
10366 594
10366 592
10367 591
10367 590
10367 589
10368 588
10368 587
10369 586
10369 586
10369 585
10370 584
10370 584
10370 583
10371 582
10371 581
10371 581
10372 580
10372 579
10373 578
10373 577
10374 573
10376 570
10377 566
10379 563
10380 559
10380 559
10381 583
10381 596
10381 598
10382 597
10382 595
10382 593
10383 591
10383 590
10383 588
10384 587
10384 587
10385 586
10385 585
10385 585
10386 584
10386 583
10386 583
10387 582
10387 581
10387 580
10388 580
10388 579
10388 578
10389 577
10389 576
10391 573
10392 569
10394 566
10395 562
10397 559
10397 558
10397 581
10397 594
10398 597
10398 596
10398 594
10399 592
10399 590
10399 589
10400 588
10400 587
10401 586
10401 585
10401 585
10402 584
10402 584
10402 583
10403 582
10403 582
10403 581
10404 580
10404 579
10405 578
10405 578
10405 577
10406 576
10407 572
10409 569
10410 566
10411 562
10413 558
10413 558
10413 580
10414 593
10414 596
10414 595
10415 593
10415 592
10415 590
10416 589
10416 588
10417 587
10417 586
10417 585
10418 585
10418 584
10418 584
10419 583
10419 582
10419 582
10420 581
10420 580
10421 579
10421 579
10421 578
10422 577
10422 576
10423 573
10425 569
10426 566
10428 562
10429 559
10429 559
10430 580
10430 593
10431 596
10431 595
10431 593
10432 592
10432 590
10432 589
10433 588
10433 587
10433 586
10434 585
10434 585
10434 584
10435 584
10435 583
10436 583
10436 582
10436 581
10437 581
10437 580
10437 579
10438 578
10438 577
10438 576
10440 573
10441 570
10443 566
10444 563
10446 559
10446 559
10446 579
10447 593
10447 596
10447 595
10448 594
10448 592
10448 590
10449 589
10449 588
10450 587
10450 587
10450 586
10451 585
10451 585
10451 584
10452 584
10452 583
10452 583
10453 582
10453 581
10454 580
10454 580
10454 579
10455 578
10455 577
10456 574
10458 571
10459 567
10461 564
10462 560
10462 560
10463 579
10463 593
10464 596
10464 595
10464 594
10465 592
10465 591
10465 590
10466 589
10466 588
10466 587
10467 587
10467 586
10468 586
10468 585
10468 584
10469 584
10469 583
10469 583
10470 582
10470 581
10470 580
10471 580
10471 579
10472 578
10473 575
10475 571
10476 568
10478 564
10479 561
10479 561
10479 580
10480 593
10480 596
10481 596
10481 594
10481 593
10482 591
10482 590
10482 589
10483 588
10483 588
10483 587
10484 587
10484 586
10485 586
10485 585
10485 585
10486 584
10486 583
10486 583
10487 582
10487 581
10487 580
10488 579
10488 579
10490 575
10491 572
10493 569
10494 565
10496 562
10496 562
10496 580
10496 593
10497 596
10497 596
10498 595
10498 593
10498 592
10499 591
10499 590
10499 589
10500 588
10500 588
10500 587
10501 587
10501 586
10502 586
10502 585
10502 584
10503 584
10503 583
10503 582
10504 582
10504 581
10504 580
10505 579
10506 576
10508 573
10509 569
10511 566
10512 562
10512 562
10513 580
10513 593
10513 596
10514 596
10514 595
10515 594
10515 592
10515 591
10516 590
10516 589
10516 589
10517 588
10517 588
10517 587
10518 587
10518 586
10519 586
10519 585
10519 584
10520 584
10520 583
10520 582
10521 581
10521 581
10521 580
10523 577
10524 573
10526 570
10528 566
10529 563
10529 563
10529 580
10530 593
10530 596
10531 597
10531 595
10531 594
10532 593
10532 592
10532 591
10533 590
10533 589
10533 589
10534 588
10534 587
10535 587
10535 586
10535 586
10536 585
10536 585
10536 584
10537 583
10537 583
10537 582
10538 581
10538 580
10540 577
10541 574
10543 570
10544 567
10546 563
10546 563
10546 579
10547 592
10547 596
10547 597
10548 596
10548 594
10548 593
10549 592
10549 591
10549 590
10550 589
10550 589
10551 588
10551 588
10551 587
10552 587
10552 586
10552 585
10553 585
10553 584
10553 583
10554 583
10554 582
10555 581
10555 580
10556 577
10558 574
10560 571
10561 567
10563 563
10563 563
10563 579
10563 592
10564 596
10564 596
10564 595
10565 594
10565 593
10566 592
10566 591
10566 590
10567 589
10567 589
10567 588
10568 588
10568 587
10568 587
10569 586
10569 586
10570 585
10570 584
10570 584
10571 583
10571 582
10571 581
10572 580
10573 577
10575 574
10576 571
10578 567
10579 564
10580 564
10580 579
10580 591
10581 596
10581 596
10581 595
10582 594
10582 593
10582 592
10583 591
10583 590
10583 589
10584 589
10584 588
10585 588
10585 587
10585 587
10586 586
10586 585
10586 585
10587 584
10587 584
10587 583
10588 582
10588 581
10589 580
10590 577
10592 574
10593 571
10595 567
10596 564
10596 564
10597 578
10597 591
10597 595
10598 596
10598 595
10599 594
10599 593
10599 592
10600 591
10600 590
10600 589
10601 589
10601 588
10601 588
10602 587
10602 587
10603 586
10603 585
10603 585
10604 584
10604 583
10604 583
10605 582
10605 581
10605 580
10607 577
10609 574
10610 571
10612 567
10613 564
10613 564
10614 577
10614 590
10614 595
10615 595
10615 595
10616 594
10616 592
10616 591
10617 590
10617 590
10617 589
10618 588
10618 588
10618 587
10619 587
10619 586
10619 586
10620 585
10620 585
10621 584
10621 583
10621 582
10622 582
10622 581
10622 580
10624 577
10626 573
10627 570
10629 566
10630 563
10630 563
10631 576
10631 589
10631 593
10632 594
10632 593
10632 592
10633 591
10633 590
10634 589
10634 589
10634 588
10635 587
10635 587
10635 586
10636 586
10636 585
10636 585
10637 584
10637 584
10638 583
10638 582
10638 582
10639 581
10639 580
10639 579
10641 576
10643 573
10644 569
10646 566
10647 562
10647 562
10648 575
10648 588
10648 592
10649 593
10649 593
10649 592
10650 590
10650 589
10651 589
10651 588
10651 587
10652 587
10652 586
10652 586
10653 585
10653 585
10653 584
10654 584
10654 583
10655 583
10655 582
10655 581
10656 580
10656 580
10656 579
10658 576
10660 572
10661 569
10663 566
10664 562
10664 562
10665 574
10665 587
10665 592
10666 593
10666 592
10667 591
10667 590
10667 589
10668 588
10668 588
10668 587
10669 587
10669 586
10669 586
10670 585
10670 585
10671 584
10671 584
10671 583
10672 583
10672 582
10672 581
10673 581
10673 580
10673 579
10675 576
10677 573
10678 569
10680 566
10681 562
10681 562
10682 574
10682 586
10683 591
10683 592
10683 592
10684 591
10684 590
10684 589
10685 588
10685 588
10685 587
10686 587
10686 586
10687 586
10687 585
10687 585
10688 585
10688 584
10688 583
10689 583
10689 582
10689 582
10690 581
10690 580
10691 579
10692 576
10694 573
10695 570
10697 566
10699 563
10699 563
10699 574
10699 586
10700 591
10700 593
10700 592
10701 591
10701 590
10702 590
10702 589
10702 588
10703 588
10703 587
10703 587
10704 586
10704 586
10704 585
10705 585
10705 584
10706 584
10706 583
10706 583
10707 582
10707 581
10707 581
10708 580
10709 577
10711 574
10713 570
10714 567
10716 563
10716 563
10716 574
10717 586
10717 591
10717 593
10718 593
10718 592
10718 591
10719 590
10719 589
10719 589
10720 588
10720 588
10721 587
10721 587
10721 586
10722 586
10722 586
10722 585
10723 585
10723 584
10723 583
10724 583
10724 582
10725 581
10725 581
10727 578
10728 574
10730 571
10731 568
10733 564
10733 564
10733 575
10734 586
10734 592
10735 593
10735 593
10735 592
10736 591
10736 590
10736 590
10737 589
10737 589
10737 588
10738 588
10738 587
10738 587
10739 587
10739 586
10740 586
10740 585
10740 585
10741 584
10741 583
10741 583
10742 582
10742 581
10744 578
10745 575
10747 572
10749 568
10750 565
10750 565
10751 575
10751 587
10751 592
10752 594
10752 594
10752 593
10753 592
10753 592
10754 591
10754 590
10754 590
10755 589
10755 589
10755 588
10756 588
10756 588
10756 587
10757 587
10757 586
10758 586
10758 585
10758 584
10759 584
10759 583
10759 582
10761 579
10763 576
10764 573
10766 569
10768 566
10768 566
10768 576
10768 587
10769 593
10769 594
10769 595
10770 594
10770 593
10771 592
10771 592
10771 591
10772 590
10772 590
10772 590
10773 589
10773 589
10773 588
10774 588
10774 587
10775 587
10775 586
10775 586
10776 585
10776 584
10776 584
10777 583
10778 580
10780 577
10782 574
10783 570
10785 567
10785 567
10785 576
10786 588
10786 593
10786 595
10787 595
10787 594
10788 593
10788 593
10788 592
10789 591
10789 591
10789 590
10790 590
10790 590
10790 589
10791 589
10791 588
10792 588
10792 587
10792 587
10793 586
10793 586
10793 585
10794 584
10794 584
10796 581
10797 577
10799 574
10801 571
10802 567
10802 567
10803 576
10803 587
10803 593
10804 595
10804 595
10805 594
10805 594
10805 593
10806 592
10806 592
10806 591
10807 591
10807 590
10807 590
10808 589
10808 589
10809 589
10809 588
10809 588
10810 587
10810 586
10810 586
10811 585
10811 584
10811 584
10813 581
10815 578
10816 574
10818 571
10820 567
10820 567
10820 576
10821 587
10821 593
10821 595
10822 595
10822 594
10822 594
10823 593
10823 592
10823 592
10824 591
10824 591
10825 590
10825 590
10825 589
10826 589
10826 589
10826 588
10827 588
10827 587
10827 587
10828 586
10828 585
10829 585
10829 584
10831 581
10832 578
10834 574
10836 571
10837 568
10837 567
10838 576
10838 587
10838 592
10839 594
10839 595
10840 594
10840 593
10840 593
10841 592
10841 592
10841 591
10842 591
10842 590
10842 590
10843 589
10843 589
10844 588
10844 588
10844 588
10845 587
10845 586
10845 586
10846 585
10846 585
10846 584
10848 581
10850 578
10852 574
10853 571
10855 568
10855 568
10855 575
10856 586
10856 592
10856 594
10857 594
10857 594
10857 593
10858 593
10858 592
10859 591
10859 591
10859 590
10860 590
10860 590
10860 589
10861 589
10861 588
10861 588
10862 587
10862 587
10863 586
10863 586
10863 585
10864 584
10864 584
10866 581
10867 578
10869 574
10871 571
10872 567
10873 567
10873 575
10873 586
10874 591
10874 593
10874 594
10875 593
10875 593
10875 592
10876 592
10876 591
10876 591
10877 590
10877 590
10878 589
10878 589
10878 588
10879 588
10879 588
10879 587
10880 586
10880 586
10880 585
10881 585
10881 584
10882 583
10883 580
10885 577
10887 574
10888 571
10890 567
10890 567
10890 574
10891 585
10891 591
10892 593
10892 593
10892 593
10893 592
10893 592
10893 591
10894 591
10894 590
10894 590
10895 589
10895 589
10896 589
10896 588
10896 588
10897 587
10897 587
10897 586
10898 586
10898 585
10898 584
10899 584
10899 583
10901 580
10903 577
10904 573
10906 570
10908 566
10908 566
10908 573
10909 583
10909 589
10909 591
10910 592
10910 592
10910 591
10911 591
10911 590
10911 589
10912 589
10912 588
10912 588
10913 588
10913 587
10914 587
10914 586
10914 586
10915 586
10915 585
10915 584
10916 584
10916 583
10916 583
10917 582
10919 579
10920 576
10922 572
10924 569
10925 565
10926 565
10926 572
10926 582
10927 588
10927 590
10927 591
10928 591
10928 590
10928 590
10929 589
10929 588
10929 588
10930 588
10930 587
10931 587
10931 586
10931 586
10932 586
10932 585
10932 585
10933 584
10933 584
10933 583
10934 583
10934 582
10935 581
10936 578
10938 575
10940 572
10942 568
10943 565
10943 565
10944 571
10944 581
10944 587
10945 589
10945 590
10945 590
10946 590
10946 589
10947 588
10947 588
10947 588
10948 587
10948 587
10948 586
10949 586
10949 586
10949 585
10950 585
10950 584
10951 584
10951 583
10951 583
10952 582
10952 582
10952 581
10954 578
10956 575
10958 572
10959 568
10961 565
10961 565
10961 571
10962 581
10962 587
10963 589
10963 590
10963 590
10964 589
10964 589
10964 588
10965 588
10965 587
10965 587
10966 587
10966 586
10967 586
10967 586
10967 585
10968 585
10968 584
10968 584
10969 584
10969 583
10969 582
10970 582
10970 581
10972 578
10974 575
10975 572
10977 569
10979 565
10979 565
10979 571
10980 581
10980 586
10980 589
10981 590
10981 590
10981 589
10982 589
10982 588
10983 588
10983 588
10983 587
10984 587
10984 587
10984 586
10985 586
10985 586
10985 585
10986 585
10986 584
10987 584
10987 583
10987 583
10988 582
10988 581
10990 579
10992 576
10993 572
10995 569
10997 565
10997 565
10997 571
10998 581
10998 586
10998 589
10999 590
10999 590
10999 590
11000 589
11000 589
11000 588
11001 588
11001 587
11002 587
11002 587
11002 587
11003 586
11003 586
11003 585
11004 585
11004 585
11004 584
11005 584
11005 583
11006 583
11006 582
11008 579
11009 576
11011 573
11013 569
11015 566
11015 566
11015 571
11016 581
11016 586
11016 589
11017 590
11017 590
11017 590
11018 589
11018 589
11018 588
11019 588
11019 588
11020 587
11020 587
11020 587
11021 587
11021 586
11021 586
11022 585
11022 585
11022 585
11023 584
11023 583
11024 583
11024 582
11026 579
11027 576
11029 573
11031 570
11033 566
11033 566
11033 572
11034 581
11034 586
11034 589
11035 590
11035 590
11035 590
11036 590
11036 589
11036 589
11037 588
11037 588
11038 588
11038 587
11038 587
11039 587
11039 587
11039 586
11040 586
11040 585
11040 585
11041 584
11041 584
11041 583
11042 583
11044 580
11045 577
11047 574
11049 570
11051 567
11051 567
11051 572
11052 581
11052 587
11052 589
11053 590
11053 590
11053 590
11054 590
11054 589
11054 589
11055 589
11055 588
11056 588
11056 588
11056 587
11057 587
11057 587
11057 586
11058 586
11058 586
11058 585
11059 585
11059 584
11060 584
11060 583
11062 580
11063 577
11065 574
11067 571
11069 567
11069 567
11069 572
11070 581
11070 586
11070 589
11071 590
11071 590
11071 590
11072 590
11072 590
11073 589
11073 589
11073 588
11074 588
11074 588
11074 588
11075 587
11075 587
11075 587
11076 586
11076 586
11077 585
11077 585
11077 584
11078 584
11078 583
11080 580
11082 577
11083 574
11085 571
11087 567
11087 567
11087 572
11088 580
11088 586
11089 589
11089 590
11089 590
11090 590
11090 590
11090 590
11091 589
11091 589
11091 588
11092 588
11092 588
11092 588
11093 587
11093 587
11094 587
11094 586
11094 586
11095 585
11095 585
11095 584
11096 584
11096 583
11098 580
11100 577
11102 574
11103 571
11105 567
11105 567
11106 572
11106 580
11106 586
11107 589
11107 590
11107 590
11108 590
11108 590
11108 589
11109 589
11109 589
11110 588
11110 588
11110 588
11111 588
11111 587
11111 587
11112 587
11112 586
11112 586
11113 585
11113 585
11114 584
11114 584
11114 583
11116 580
11118 577
11120 574
11122 571
11123 568
11123 567
11124 572
11124 580
11125 586
11125 589
11125 590
11126 590
11126 590
11126 590
11127 589
11127 589
11127 589
11128 588
11128 588
11129 588
11129 587
11129 587
11130 587
11130 586
11130 586
11131 586
11131 585
11131 585
11132 584
11132 584
11133 583
11134 580
11136 577
11138 574
11140 571
11142 567
11142 567
11142 571
11142 579
11143 585
11143 588
11144 589
11144 590
11144 590
11145 589
11145 589
11145 589
11146 588
11146 588
11146 588
11147 588
11147 587
11147 587
11148 587
11148 586
11149 586
11149 585
11149 585
11150 585
11150 584
11150 584
11151 583
11153 580
11154 577
11156 574
11158 571
11160 567
11160 567
11160 571
11161 579
11161 585
11161 588
11162 589
11162 589
11163 589
11163 589
11163 589
11164 589
11164 588
11164 588
11165 588
11165 587
11165 587
11166 587
11166 586
11167 586
11167 586
11167 585
11168 585
11168 584
11168 584
11169 583
11169 583
11171 580
11173 577
11175 573
11176 570
11178 567
11178 567
11179 570
11179 578
11179 583
11180 587
11180 588
11181 588
11181 588
11181 588
11182 588
11182 587
11182 587
11183 587
11183 587
11183 586
11184 586
11184 586
11185 585
11185 585
11185 585
11186 584
11186 584
11186 583
11187 583
11187 582
11187 582
11189 579
11191 576
11193 573
11195 569
11197 566
11197 566
11197 569
11197 577
11198 582
11198 585
11199 587
11199 587
11199 587
11200 587
11200 587
11200 587
11201 586
11201 586
11201 586
11202 585
11202 585
11203 585
11203 585
11203 584
11204 584
11204 584
11204 583
11205 583
11205 582
11205 582
11206 581
11208 578
11210 575
11211 572
11213 569
11215 565
11215 565
11216 569
11216 576
11216 582
11217 585
11217 586
11217 587
11218 587
11218 587
11218 586
11219 586
11219 586
11220 586
11220 585
11220 585
11221 585
11221 585
11221 584
11222 584
11222 584
11222 583
11223 583
11223 583
11224 582
11224 582
11224 581
11226 578
11228 575
11230 572
11232 569
11234 565
11234 565
11234 569
11234 576
11235 581
11235 585
11236 586
11236 587
11236 587
11237 587
11237 586
11237 586
11238 586
11238 586
11238 585
11239 585
11239 585
11240 585
11240 584
11240 584
11241 584
11241 583
11241 583
11242 583
11242 582
11242 582
11243 581
11245 578
11247 576
11248 572
11250 569
11252 566
11252 566
11253 569
11253 576
11253 581
11254 584
11254 586
11254 587
11255 587
11255 587
11256 586
11256 586
11256 586
11257 586
11257 586
11257 585
11258 585
11258 585
11258 585
11259 584
11259 584
11259 584
11260 583
11260 583
11261 583
11261 582
11261 582
11263 579
11265 576
11267 573
11269 570
11271 566
11271 566
11271 569
11272 576
11272 581
11272 585
11273 586
11273 587
11273 587
11274 587
11274 587
11274 586
11275 586
11275 586
11276 586
11276 586
11276 585
11277 585
11277 585
11277 585
11278 584
11278 584
11278 584
11279 583
11279 583
11280 582
11280 582
11282 579
11284 576
11286 573
11288 570
11289 567
11289 567
11290 569
11290 576
11291 582
11291 585
11291 586
11292 587
11292 587
11292 587
11293 587
11293 587
11293 587
11294 586
11294 586
11295 586
11295 586
11295 586
11296 585
11296 585
11296 585
11297 585
11297 584
11297 584
11298 583
11298 583
11299 582
11300 580
11302 577
11304 574
11306 571
11308 567
11308 567
11309 570
11309 576
11309 582
11310 585
11310 587
11310 587
11311 588
11311 588
11311 587
11312 587
11312 587
11312 587
11313 587
11313 586
11314 586
11314 586
11314 586
11315 585
11315 585
11315 585
11316 585
11316 584
11316 584
11317 583
11317 583
11319 580
11321 577
11323 574
11325 571
11327 568
11327 568
11327 570
11328 576
11328 582
11328 585
11329 587
11329 588
11329 588
11330 588
11330 588
11331 587
11331 587
11331 587
11332 587
11332 587
11332 586
11333 586
11333 586
11333 586
11334 585
11334 585
11334 585
11335 584
11335 584
11336 584
11336 583
11338 580
11340 578
11342 575
11344 571
11346 568
11346 568
11346 570
11346 576
11347 582
11347 585
11347 587
11348 588
11348 588
11349 588
11349 588
11349 588
11350 587
11350 587
11350 587
11351 587
11351 587
11351 586
11352 586
11352 586
11353 586
11353 585
11353 585
11354 585
11354 584
11354 584
11355 583
11357 581
11359 578
11361 575
11363 571
11365 568
11365 568
11365 570
11365 576
11366 582
11366 585
11366 587
11367 588
11367 588
11367 588
11368 588
11368 588
11369 587
11369 587
11369 587
11370 587
11370 587
11370 586
11371 586
11371 586
11371 586
11372 585
11372 585
11373 585
11373 584
11373 584
11374 583
11376 581
11378 578
11379 575
11381 572
11383 568
11383 568
11384 570
11384 576
11384 582
11385 585
11385 587
11386 587
11386 588
11386 588
11387 588
11387 587
11387 587
11388 587
11388 587
11388 587
11389 587
11389 586
11390 586
11390 586
11390 586
11391 585
11391 585
11391 585
11392 584
11392 584
11392 583
11394 581
11396 578
11398 575
11400 572
11402 568
11402 568
11403 570
11403 576
11403 581
11404 585
11404 586
11404 587
11405 588
11405 588
11406 588
11406 587
11406 587
11407 587
11407 587
11407 587
11408 586
11408 586
11408 586
11409 586
11409 586
11410 585
11410 585
11410 584
11411 584
11411 584
11411 583
11413 581
11415 578
11417 575
11419 572
11421 568
11421 568
11422 570
11422 576
11422 581
11423 584
11423 586
11423 587
11424 587
11424 587
11425 587
11425 587
11425 587
11426 587
11426 587
11426 586
11427 586
11427 586
11427 586
11428 586
11428 585
11429 585
11429 585
11429 584
11430 584
11430 583
11430 583
11432 580
11434 578
11436 575
11438 571
11440 568
11440 568
11441 570
11441 575
11441 580
11442 584
11442 586
11442 587
11443 587
11443 587
11444 587
11444 587
11444 587
11445 587
11445 586
11445 586
11446 586
11446 586
11446 586
11447 585
11447 585
11448 585
11448 584
11448 584
11449 584
11449 583
11449 583
11451 580
11453 577
11455 574
11457 571
11459 568
11459 568
11460 570
11460 575
11460 580
11461 583
11461 585
11462 586
11462 587
11462 587
11463 587
11463 587
11463 586
11464 586
11464 586
11464 586
11465 586
11465 586
11466 585
11466 585
11466 585
11467 584
11467 584
11467 584
11468 583
11468 583
11468 582
11470 580
11472 577
11474 574
11476 570
11479 567
11479 567
11479 569
11479 574
11480 579
11480 582
11480 584
11481 585
11481 585
11481 586
11482 585
11482 585
11483 585
11483 585
11483 585
11484 585
11484 585
11484 584
11485 584
11485 584
11485 584
11486 583
11486 583
11486 583
11487 582
11487 582
11488 581
11490 579
11492 576
11494 573
11496 570
11498 566
11498 566
11498 568
11498 573
11499 578
11499 581
11500 583
11500 584
11500 584
11501 585
11501 585
11501 584
11502 584
11502 584
11502 584
11503 584
11503 584
11503 584
11504 583
11504 583
11505 583
11505 583
11505 582
11506 582
11506 582
11506 581
11507 581
11509 578
11511 575
11513 572
11515 569
11517 566
11517 566
11517 567
11518 572
11518 577
11518 580
11519 582
11519 583
11519 584
11520 584
11520 584
11521 584
11521 584
11521 584
11522 584
11522 583
11522 583
11523 583
11523 583
11523 583
11524 583
11524 582
11525 582
11525 582
11525 581
11526 581
11526 580
11528 578
11530 575
11532 572
11534 569
11536 566
11536 566
11537 567
11537 572
11537 577
11538 580
11538 582
11538 583
11539 584
11539 584
11539 584
11540 584
11540 584
11541 584
11541 583
11541 583
11542 583
11542 583
11542 583
11543 583
11543 583
11543 582
11544 582
11544 582
11545 581
11545 581
11545 581
11547 578
11549 575
11551 572
11553 569
11555 566
11555 566
11556 567
11556 572
11557 577
11557 580
11557 582
11558 583
11558 584
11558 584
11559 584
11559 584
11559 584
11560 584
11560 584
11561 583
11561 583
11561 583
11562 583
11562 583
11562 583
11563 582
11563 582
11563 582
11564 582
11564 581
11565 581
11567 578
11569 576
11571 573
11573 570
11575 566
11575 566
11575 567
11576 572
11576 577
11576 580
11577 582
11577 583
11577 584
11578 584
11578 584
11578 584
11579 584
11579 584
11580 584
11580 584
11580 584
11581 584
11581 583
11581 583
11582 583
11582 583
11582 583
11583 582
11583 582
11584 582
11584 581
11586 579
11588 576
11590 573
11592 570
11594 567
11594 567
11595 568
11595 572
11595 577
11596 580
11596 582
11596 583
11597 584
11597 584
11598 584
11598 584
11598 584
11599 584
11599 584
11599 584
11600 584
11600 584
11600 584
11601 583
11601 583
11601 583
11602 583
11602 583
11603 582
11603 582
11603 581
11605 579
11607 576
11610 573
11612 570
11614 567
11614 567
11614 568
11614 572
11615 577
11615 580
11616 582
11616 584
11616 584
11617 584
11617 585
11617 585
11618 584
11618 584
11618 584
11619 584
11619 584
11620 584
11620 584
11620 584
11621 584
11621 583
11621 583
11622 583
11622 582
11622 582
11623 582
11625 579
11627 577
11629 574
11631 571
11633 567
11633 567
11634 568
11634 573
11634 577
11635 580
11635 582
11635 584
11636 584
11636 585
11636 585
11637 585
11637 585
11638 585
11638 585
11638 584
11639 584
11639 584
11639 584
11640 584
11640 584
11640 584
11641 583
11641 583
11642 583
11642 582
11642 582
11644 580
11646 577
11649 574
11651 571
11653 568
11653 568
11653 569
11653 573
11654 577
11654 580
11655 582
11655 584
11655 584
11656 585
11656 585
11656 585
11657 585
11657 585
11657 585
11658 585
11658 584
11659 584
11659 584
11659 584
11660 584
11660 584
11660 583
11661 583
11661 583
11661 582
11662 582
11664 580
11666 577
11668 574
11670 571
11672 568
11672 568
11673 569
11673 573
11673 577
11674 580
11674 583
11675 584
11675 585
11675 585
11676 585
11676 585
11676 585
11677 585
11677 585
11677 585
11678 585
11678 585
11679 585
11679 584
11679 584
11680 584
11680 584
11680 583
11681 583
11681 583
11681 582
11684 580
11686 578
11688 575
11690 571
11692 568
11692 568
11692 569
11693 573
11693 577
11693 581
11694 583
11694 584
11695 585
11695 585
11695 585
11696 585
11696 585
11696 585
11697 585
11697 585
11697 585
11698 585
11698 585
11699 585
11699 584
11699 584
11700 584
11700 584
11700 583
11701 583
11701 583
11703 580
11705 578
11707 575
11710 572
11712 568
11712 568
11712 569
11712 573
11713 577
11713 580
11714 583
11714 584
11714 585
11715 585
11715 585
11715 585
11716 585
11716 585
11716 585
11717 585
11717 585
11718 585
11718 585
11718 585
11719 584
11719 584
11719 584
11720 584
11720 583
11720 583
11721 583
11723 580
11725 578
11727 575
11729 572
11731 568
11731 568
11732 569
11732 573
11733 577
11733 580
11733 582
11734 584
11734 584
11734 585
11735 585
11735 585
11735 585
11736 585
11736 585
11737 585
11737 585
11737 585
11738 585
11738 584
11738 584
11739 584
11739 584
11739 583
11740 583
11740 583
11741 582
11743 580
11745 578
11747 575
11749 572
11751 568
11751 568
11752 569
11752 572
11752 577
11753 580
11753 582
11753 583
11754 584
11754 584
11755 585
11755 585
11755 585
11756 585
11756 585
11756 585
11757 585
11757 584
11757 584
11758 584
11758 584
11759 584
11759 583
11759 583
11760 583
11760 583
11760 582
11763 580
11765 577
11767 574
11769 571
11771 568
11771 568
11772 569
11772 572
11772 576
11773 579
11773 582
11773 583
11774 584
11774 584
11774 584
11775 584
11775 584
11775 584
11776 584
11776 584
11777 584
11777 584
11777 584
11778 584
11778 584
11778 583
11779 583
11779 583
11779 583
11780 582
11780 582
11782 579
11785 577
11787 574
11789 570
11791 567
11791 567
11791 568
11792 571
11792 575
11793 578
11793 580
11793 582
11794 582
11794 583
11794 583
11795 583
11795 583
11795 583
11796 583
11796 583
11797 583
11797 583
11797 583
11798 583
11798 582
11798 582
11799 582
11799 582
11799 581
11800 581
11800 581
11802 578
11804 576
11807 573
11809 569
11811 566
11811 566
11811 567
11812 570
11812 574
11812 577
11813 579
11813 581
11814 581
11814 582
11814 582
11815 582
11815 582
11815 582
11816 582
11816 582
11816 582
11817 582
11817 582
11818 582
11818 582
11818 581
11819 581
11819 581
11819 581
11820 580
11820 580
11822 578
11824 575
11827 572
11829 569
11831 566
11831 566
11831 566
11832 569
11832 573
11832 576
11833 578
11833 580
11834 581
11834 581
11834 581
11835 582
11835 582
11835 582
11836 582
11836 582
11836 582
11837 581
11837 581
11838 581
11838 581
11838 581
11839 581
11839 580
11839 580
11840 580
11840 580
11842 577
11844 575
11847 572
11849 569
11851 565
11851 565
11851 566
11852 569
11852 573
11853 576
11853 578
11853 579
11854 580
11854 581
11854 581
11855 581
11855 581
11855 581
11856 581
11856 581
11857 581
11857 581
11857 581
11858 581
11858 581
11858 581
11859 581
11859 580
11859 580
11860 580
11860 579
11862 577
11865 575
11867 572
11869 569
11871 565
11871 565
11872 566
11872 569
11872 573
11873 576
11873 578
11873 579
11874 580
11874 581
11874 581
11875 581
11875 581
11876 581
11876 581
11876 581
11877 581
11877 581
11877 581
11878 581
11878 581
11878 581
11879 581
11879 580
11880 580
11880 580
11880 580
11882 577
11885 575
11887 572
11889 569
11891 566
11891 566
11892 566
11892 569
11892 573
11893 576
11893 578
11894 579
11894 580
11894 581
11895 581
11895 581
11895 581
11896 581
11896 581
11896 581
11897 581
11897 581
11897 581
11898 581
11898 581
11899 581
11899 581
11899 580
11900 580
11900 580
11900 580
11903 578
11905 575
11907 572
11909 569
11912 566
11912 566
11912 566
11912 569
11913 573
11913 576
11913 578
11914 579
11914 580
11914 581
11915 581
11915 581
11916 581
11916 581
11916 581
11917 581
11917 581
11917 581
11918 581
11918 581
11918 581
11919 581
11919 581
11920 581
11920 580
11920 580
11921 580
11923 578
11925 575
11927 572
11930 569
11932 566
11932 566
11932 566
11933 569
11933 573
11933 576
11934 578
11934 579
11934 580
11935 581
11935 581
11935 581
11936 581
11936 582
11937 582
11937 582
11937 582
11938 582
11938 581
11938 581
11939 581
11939 581
11939 581
11940 581
11940 581
11941 580
11941 580
11943 578
11945 575
11948 573
11950 570
11952 566
11952 566
11952 567
11953 569
11953 573
11954 576
11954 578
11954 579
11955 580
11955 581
11955 581
11956 581
11956 582
11956 582
11957 582
11957 582
11958 582
11958 582
11958 582
11959 582
11959 581
11959 581
11960 581
11960 581
11960 581
11961 580
11961 580
11963 578
11966 576
11968 573
11970 570
11972 567
11972 567
11973 567
11973 569
11974 573
11974 576
11974 578
11975 579
11975 580
11975 581
11976 581
11976 581
11976 582
11977 582
11977 582
11978 582
11978 582
11978 582
11979 582
11979 582
11979 581
11980 581
11980 581
11980 581
11981 581
11981 580
11982 580
11984 578
11986 576
11988 573
11991 570
11993 567
11993 567
11993 567
11994 569
11994 573
11994 576
11995 578
11995 579
11995 580
11996 581
11996 581
11997 581
11997 582
11997 582
11998 582
11998 582
11998 582
11999 582
11999 582
11999 581
12000 581
12000 581
12001 581
12001 581
12001 581
12002 580
12002 580
12004 578
12007 576
12009 573
12011 570
12013 567
12013 567
12014 567
12014 569
12014 572
12015 575
12015 578
12016 579
12016 580
12016 581
12017 581
12017 581
12017 581
12018 581
12018 582
12018 582
12019 582
12019 582
12020 581
12020 581
12020 581
12021 581
12021 581
12021 581
12022 581
12022 580
12022 580
12025 578
12027 576
12029 573
12032 570
12034 567
12034 567
12034 567
12035 569
12035 572
12035 575
12036 577
12036 579
12036 580
12037 580
12037 581
12038 581
12038 581
12038 581
12039 581
12039 581
12039 581
12040 581
12040 581
12040 581
12041 581
12041 581
12041 581
12042 581
12042 580
12043 580
12043 580
12045 578
12048 575
12050 573
12052 570
12054 566
12054 566
12055 567
12055 569
12056 572
12056 575
12056 577
12057 578
12057 579
12057 580
12058 580
12058 581
12058 581
12059 581
12059 581
12060 581
12060 581
12060 581
12061 581
12061 581
12061 581
12062 581
12062 581
12062 580
12063 580
12063 580
12064 580
12066 578
12068 575
12070 572
12073 569
12075 566
12075 566
12075 566
12076 568
12076 571
12077 574
12077 577
12077 578
12078 579
12078 580
12078 580
12079 580
12079 581
12079 581
12080 581
12080 581
12081 581
12081 581
12081 581
12082 581
12082 580
12082 580
12083 580
12083 580
12083 580
12084 580
12084 579
12086 577
12089 575
12091 572
12093 569
12096 565
12096 565
12096 565
12096 567
12097 570
12097 573
12098 575
12098 577
12098 578
12099 579
12099 579
12099 579
12100 580
12100 580
12100 580
12101 580
12101 580
12102 580
12102 580
12102 580
12103 580
12103 579
12103 579
12104 579
12104 579
12104 579
12105 578
12107 576
12109 574
12112 571
12114 568
12116 565
12116 565
12117 565
12117 567
12118 570
12118 572
12118 575
12119 576
12119 577
12119 578
12120 578
12120 578
12120 579
12121 579
12121 579
12122 579
12122 579
12122 579
12123 579
12123 579
12123 579
12124 579
12124 578
12124 578
12125 578
12125 578
12126 578
12128 576
12130 573
12133 570
12135 567
12137 564
12137 564
12138 564
12138 566
12138 569
12139 572
12139 574
12139 575
12140 576
12140 577
12141 578
12141 578
12141 578
12142 578
12142 578
12142 578
12143 578
12143 578
12143 578
12144 578
12144 578
12145 578
12145 578
12145 578
12146 578
12146 577
12146 577
12149 575
12151 573
12153 570
12156 567
12158 564
12158 564
12158 564
12159 566
12159 569
12160 571
12160 574
12160 575
12161 576
12161 577
12161 577
12162 578
12162 578
12162 578
12163 578
12163 578
12164 578
12164 578
12164 578
12165 578
12165 578
12165 578
12166 578
12166 578
12166 578
12167 577
12167 577
12169 575
12172 573
12174 570
12177 567
12179 564
12179 564
12179 564
12180 566
12180 569
12180 571
12181 573
12181 575
12181 576
12182 577
12182 577
12183 578
12183 578
12183 578
12184 578
12184 578
12184 578
12185 578
12185 578
12185 578
12186 578
12186 578
12187 578
12187 578
12187 578
12188 577
12188 577
12190 575
12193 573
12195 570
12197 567
12200 564
12200 564
12200 564
12201 566
12201 569
12201 571
12202 573
12202 575
12202 576
12203 577
12203 577
12203 578
12204 578
12204 578
12205 578
12205 578
12205 578
12206 578
12206 578
12206 578
12207 578
12207 578
12207 578
12208 578
12208 578
12209 578
12209 577
12211 576
12214 573
12216 571
12218 568
12221 564
12221 564
12221 564
12222 566
12222 569
12222 571
12223 573
12223 575
12223 576
12224 577
12224 577
12224 578
12225 578
12225 578
12226 578
12226 578
12226 578
12227 578
12227 578
12227 578
12228 578
12228 578
12228 578
12229 578
12229 578
12230 578
12230 578
12232 576
12235 573
12237 571
12240 568
12242 565
12242 565
12242 565
12243 566
12243 569
12243 571
12244 574
12244 575
12244 576
12245 577
12245 577
12246 578
12246 578
12246 578
12247 578
12247 578
12247 579
12248 579
12248 579
12248 579
12249 579
12249 578
12250 578
12250 578
12250 578
12251 578
12251 578
12253 576
12256 574
12258 571
12261 568
12263 565
12263 565
12263 565
12264 566
12264 569
12264 572
12265 574
12265 575
12266 576
12266 577
12266 578
12267 578
12267 578
12267 578
12268 578
12268 579
12268 579
12269 579
12269 579
12270 579
12270 579
12270 579
12271 578
12271 578
12271 578
12272 578
12272 578
12274 576
12277 574
12279 571
12282 568
12284 565
12284 565
12285 565
12285 566
12285 569
12286 571
12286 574
12286 575
12287 576
12287 577
12287 578
12288 578
12288 578
12289 578
12289 578
12289 579
12290 579
12290 579
12290 579
12291 579
12291 579
12291 579
12292 579
12292 578
12293 578
12293 578
12293 578
12296 576
12298 574
12300 571
12303 568
12305 565
12305 565
12306 565
12306 566
12306 569
12307 571
12307 574
12308 575
12308 576
12308 577
12309 578
12309 578
12309 578
12310 578
12310 578
12310 579
12311 579
12311 579
12312 579
12312 579
12312 579
12313 579
12313 579
12313 578
12314 578
12314 578
12314 578
12317 576
12319 574
12322 571
12324 568
12327 565
12327 565
12327 565
12327 566
12328 569
12328 571
12328 573
12329 575
12329 576
12329 577
12330 577
12330 578
12331 578
12331 578
12331 578
12332 578
12332 579
12332 579
12333 579
12333 579
12333 579
12334 579
12334 578
12335 578
12335 578
12335 578
12336 578
12338 576
12341 574
12343 571
12345 568
12348 565
12348 565
12348 565
12349 566
12349 569
12349 571
12350 573
12350 575
12350 576
12351 577
12351 577
12352 578
12352 578
12352 578
12353 578
12353 578
12353 578
12354 578
12354 578
12354 578
12355 578
12355 578
12355 578
12356 578
12356 578
12357 578
12357 578
12359 576
12362 574
12364 571
12367 568
12369 565
12369 565
12370 565
12370 566
12370 568
12371 571
12371 573
12371 574
12372 576
12372 576
12373 577
12373 577
12373 578
12374 578
12374 578
12374 578
12375 578
12375 578
12375 578
12376 578
12376 578
12377 578
12377 578
12377 578
12378 578
12378 578
12378 577
12381 576
12383 573
12386 571
12388 568
12391 565
12391 565
12391 565
12391 566
12392 568
12392 570
12392 572
12393 574
12393 575
12394 576
12394 576
12394 577
12395 577
12395 577
12395 578
12396 578
12396 578
12396 578
12397 578
12397 578
12398 578
12398 578
12398 578
12399 578
12399 577
12399 577
12400 577
12402 575
12405 573
12407 570
12410 567
12412 564
12412 564
12413 564
12413 565
12413 568
12414 570
12414 572
12414 574
12415 575
12415 575
12415 576
12416 576
12416 577
12417 577
12417 577
12417 577
12418 577
12418 577
12418 577
12419 577
12419 577
12419 577
12420 577
12420 577
12421 577
12421 577
12421 577
12424 575
12426 572
12429 570
12431 567
12434 564
12434 564
12434 563
12434 564
12435 567
12435 569
12436 571
12436 572
12436 574
12437 574
12437 575
12437 575
12438 576
12438 576
12438 576
12439 576
12439 576
12439 576
12440 576
12440 576
12441 576
12441 576
12441 576
12442 576
12442 576
12442 576
12443 576
12445 574
12448 572
12450 569
12453 566
12455 563
12455 563
12456 563
12456 564
12456 566
12457 568
12457 570
12457 572
12458 573
12458 573
12459 574
12459 575
12459 575
12460 575
12460 575
12460 575
12461 575
12461 576
12461 576
12462 576
12462 576
12462 576
12463 575
12463 575
12464 575
12464 575
12464 575
12467 573
12469 571
12472 568
12474 565
12477 562
12477 562
12477 562
12478 563
12478 565
12478 567
12479 569
12479 571
12479 572
12480 573
12480 573
12480 574
12481 574
12481 574
12482 575
12482 575
12482 575
12483 575
12483 575
12483 575
12484 575
12484 575
12484 575
12485 575
12485 575
12486 575
12486 574
12488 573
12491 571
12493 568
12496 565
12499 562
12499 562
12499 562
12499 563
12500 565
12500 567
12500 569
12501 570
12501 572
12501 572
12502 573
12502 574
12503 574
12503 574
12503 574
12504 574
12504 575
12504 575
12505 575
12505 575
12505 575
12506 575
12506 575
12507 575
12507 575
12507 574
12508 574
12510 573
12513 571
12515 568
12518 565
12520 562
12520 562
12521 562
12521 563
12521 565
12522 567
12522 569
12522 570
12523 571
12523 572
12524 573
12524 573
12524 574
12525 574
12525 574
12525 574
12526 574
12526 575
12526 575
12527 575
12527 575
12528 575
12528 575
12528 575
12529 575
12529 574
12529 574
12532 573
12534 571
12537 568
12540 565
12542 562
12542 562
12542 562
12543 563
12543 565
12544 567
12544 569
12544 570
12545 571
12545 572
12545 573
12546 573
12546 574
12546 574
12547 574
12547 574
12548 575
12548 575
12548 575
12549 575
12549 575
12549 575
12550 575
12550 575
12550 575
12551 574
12551 574
12554 573
12556 571
12559 568
12561 565
12564 562
12564 562
12564 562
12565 563
12565 565
12565 567
12566 569
12566 570
12566 571
12567 572
12567 573
12568 573
12568 574
12568 574
12569 574
12569 574
12569 575
12570 575
12570 575
12570 575
12571 575
12571 575
12572 575
12572 575
12572 575
12573 575
12573 574
12576 573
12578 571
12581 568
12583 566
12586 562
12586 562
12586 562
12587 563
12587 565
12587 567
12588 569
12588 570
12588 572
12589 572
12589 573
12589 574
12590 574
12590 574
12591 574
12591 575
12591 575
12592 575
12592 575
12592 575
12593 575
12593 575
12593 575
12594 575
12594 575
12595 575
12595 575
12597 573
12600 571
12603 568
12605 566
12608 563
12608 563
12608 562
12608 563
12609 565
12609 567
12610 569
12610 570
12610 572
12611 572
12611 573
12611 574
12612 574
12612 574
12612 574
12613 575
12613 575
12614 575
12614 575
12614 575
12615 575
12615 575
12615 575
12616 575
12616 575
12616 575
12617 575
12619 573
12622 571
12625 569
12627 566
12630 563
12630 563
12630 562
12630 563
12631 565
12631 567
12632 569
12632 570
12632 572
12633 572
12633 573
12633 574
12634 574
12634 574
12634 574
12635 575
12635 575
12636 575
12636 575
12636 575
12637 575
12637 575
12637 575
12638 575
12638 575
12638 575
12639 575
12641 573
12644 571
12647 569
12649 566
12652 563
12652 563
12652 563
12653 563
12653 565
12653 567
12654 569
12654 570
12654 571
12655 572
12655 573
12655 573
12656 574
12656 574
12657 574
12657 575
12657 575
12658 575
12658 575
12658 575
12659 575
12659 575
12659 575
12660 575
12660 575
12661 575
12661 575
12663 573
12666 571
12669 569
12671 566
12674 563
12674 563
12674 562
12675 563
12675 565
12675 567
12676 569
12676 570
12676 571
12677 572
12677 573
12678 573
12678 574
12678 574
12679 574
12679 574
12679 575
12680 575
12680 575
12680 575
12681 575
12681 575
12682 575
12682 575
12682 575
12683 575
12683 574
12686 573
12688 571
12691 568
12693 566
12696 563
12696 563
12696 562
12697 563
12697 565
12698 567
12698 568
12698 570
12699 571
12699 572
12699 573
12700 573
12700 573
12700 574
12701 574
12701 574
12702 574
12702 574
12702 575
12703 575
12703 575
12703 575
12704 575
12704 575
12704 575
12705 574
12705 574
12708 573
12710 571
12713 568
12716 565
12718 562
12718 562
12719 562
12719 563
12719 564
12720 566
12720 568
12721 570
12721 571
12721 572
12722 573
12722 573
12722 573
12723 574
12723 574
12723 574
12724 574
12724 575
12725 575
12725 575
12725 575
12726 575
12726 575
12726 575
12727 575
12727 575
12727 574
12730 573
12733 571
12735 569
12738 566
12741 563
12741 563
12741 562
12741 563
12742 565
12742 566
12742 568
12743 570
12743 571
12744 572
12744 573
12744 573
12745 574
12745 574
12745 574
12746 574
12746 575
12746 575
12747 575
12747 575
12748 575
12748 575
12748 575
12749 575
12749 575
12749 575
12750 575
12752 573
12755 571
12758 569
12760 566
12763 563
12763 563
12763 563
12764 563
12764 565
12764 566
12765 568
12765 570
12766 571
12766 572
12766 573
12767 573
12767 573
12767 574
12768 574
12768 574
12768 574
12769 575
12769 575
12770 575
12770 575
12770 575
12771 575
12771 575
12771 575
12772 575
12772 574
12775 573
12777 571
12780 568
12783 565
12785 562
12785 562
12786 562
12786 562
12786 564
12787 566
12787 567
12788 569
12788 570
12788 571
12789 572
12789 572
12789 573
12790 573
12790 573
12790 573
12791 574
12791 574
12792 574
12792 574
12792 574
12793 574
12793 574
12793 574
12794 574
12794 574
12794 574
12797 572
12800 570
12802 567
12805 565
12808 561
12808 561
12808 561
12809 562
12809 563
12809 565
12810 567
12810 568
12810 569
12811 570
12811 571
12811 571
12812 572
12812 572
12813 572
12813 573
12813 573
12814 573
12814 573
12814 573
12815 573
12815 573
12815 573
12816 573
12816 573
12817 573
12817 573
12820 571
12822 569
12825 567
12828 564
12830 561
12830 561
12831 561
12831 561
12831 562
12832 564
12832 566
12833 567
12833 569
12833 569
12834 570
12834 571
12834 571
12835 571
12835 572
12835 572
12836 572
12836 572
12836 572
12837 572
12837 573
12838 573
12838 573
12838 573
12839 572
12839 572
12839 572
12842 571
12845 569
12847 566
12850 564
12853 561
12853 561
12853 560
12854 561
12854 562
12854 564
12855 565
12855 567
12855 568
12856 569
12856 570
12857 570
12857 571
12857 571
12858 571
12858 572
12858 572
12859 572
12859 572
12859 572
12860 572
12860 572
12861 572
12861 572
12861 572
12862 572
12862 572
12865 571
12867 569
12870 566
12873 563
12876 560
12876 560
12876 560
12876 561
12877 562
12877 563
12877 565
12878 567
12878 568
12878 569
12879 569
12879 570
12880 570
12880 571
12880 571
12881 571
12881 571
12881 572
12882 572
12882 572
12882 572
12883 572
12883 572
12884 572
12884 572
12884 572
12885 572
12887 570
12890 569
12893 566
12895 563
12898 560
12898 560
12899 560
12899 560
12899 562
12900 563
12900 565
12900 566
12901 568
12901 569
12901 569
12902 570
12902 570
12903 571
12903 571
12903 571
12904 571
12904 571
12904 572
12905 572
12905 572
12905 572
12906 572
12906 572
12907 572
12907 572
12907 572
12910 570
12913 569
12915 566
12918 563
12921 560
12921 560
12921 560
12922 560
12922 562
12922 563
12923 565
12923 566
12923 568
12924 568
12924 569
12925 570
12925 570
12925 571
12926 571
12926 571
12926 571
12927 571
12927 572
12927 572
12928 572
12928 572
12929 572
12929 572
12929 572
12930 572
12930 572
12933 570
12935 569
12938 566
12941 563
12944 561
12944 560
12944 560
12944 561
12945 562
12945 563
12946 565
12946 566
12946 567
12947 568
12947 569
12947 570
12948 570
12948 571
12948 571
12949 571
12949 571
12950 571
12950 572
12950 572
12951 572
12951 572
12951 572
12952 572
12952 572
12952 572
12953 572
12956 570
12958 569
12961 566
12964 564
12967 561
12967 561
12967 560
12967 561
12968 562
12968 563
12968 565
12969 566
12969 567
12969 568
12970 569
12970 570
12971 570
12971 570
12971 571
12972 571
12972 571
12972 571
12973 571
12973 572
12973 572
12974 572
12974 572
12975 572
12975 572
12975 572
12976 572
12978 570
12981 569
12984 566
12987 563
12989 561
12989 561
12990 560
12990 560
12991 562
12991 563
12991 565
12992 566
12992 567
12992 568
12993 569
12993 569
12993 570
12994 570
12994 571
12995 571
12995 571
12995 571
12996 571
12996 571
12996 572
12997 572
12997 572
12997 572
12998 572
12998 572
12998 572
13001 570
13004 568
13007 566
13010 563
13012 560
13012 560
13013 560
13013 560
13013 561
13014 563
13014 564
13015 566
13015 567
13015 568
13016 569
13016 569
13016 570
13017 570
13017 570
13017 571
13018 571
13018 571
13019 571
13019 571
13019 571
13020 571
13020 571
13020 571
13021 571
13021 571
13021 571
13024 570
13027 568
13030 566
13033 563
13035 560
13035 560
13036 560
13036 560
13037 561
13037 563
13037 564
13038 566
13038 567
13038 568
13039 568
13039 569
13039 569
13040 570
13040 570
13040 570
13041 571
13041 571
13042 571
13042 571
13042 571
13043 571
13043 571
13043 571
13044 571
13044 571
13044 571
13047 570
13050 568
13053 566
13056 563
13058 560
13058 560
13059 560
13059 560
13060 561
13060 562
13060 564
13061 565
13061 566
13061 567
13062 568
13062 569
13062 569
13063 570
13063 570
13064 570
13064 570
13064 570
13065 571
13065 571
13065 571
13066 571
13066 571
13066 571
13067 571
13067 571
13068 571
13070 570
13073 568
13076 565
13079 563
13082 560
13082 560
13082 560
13082 560
13083 561
13083 562
13083 564
13084 565
13084 566
13085 567
13085 568
13085 568
13086 569
13086 569
13086 570
13087 570
13087 570
13087 570
13088 570
13088 570
13088 571
13089 571
13089 571
13090 571
13090 571
13090 571
13091 570
13093 569
13096 567
13099 565
13102 562
13105 560
13105 560
13105 559
13106 559
13106 560
13106 562
13107 563
13107 565
13107 566
13108 567
13108 567
13108 568
13109 568
13109 569
13110 569
13110 569
13110 570
13111 570
13111 570
13111 570
13112 570
13112 570
13112 570
13113 570
13113 570
13114 570
13114 570
13117 569
13120 567
13122 565
13125 562
13128 559
13128 559
13128 558
13129 559
13129 560
13129 561
13130 562
13130 564
13131 565
13131 566
13131 566
13132 567
13132 568
13132 568
13133 568
13133 568
13133 569
13134 569
13134 569
13135 569
13135 569
13135 569
13136 569
13136 569
13136 569
13137 569
13137 569
13140 568
13143 566
13146 564
13148 561
13151 558
13151 558
13152 558
13152 558
13152 559
13153 560
13153 561
13153 563
13154 564
13154 565
13155 566
13155 566
13155 567
13156 567
13156 567
13156 568
13157 568
13157 568
13157 568
13158 568
13158 568
13159 568
13159 568
13159 568
13160 568
13160 568
13160 568
13163 567
13166 565
13169 563
13172 560
13175 557
13175 557
13175 557
13175 557
13176 558
13176 559
13176 561
13177 562
13177 563
13178 564
13178 565
13178 565
13179 566
13179 566
13179 567
13180 567
13180 567
13180 567
13181 568
13181 568
13182 568
13182 568
13182 568
13183 568
13183 568
13183 568
13184 568
13187 567
13189 565
13192 563
13195 560
13198 557
13198 557
13198 557
13199 557
13199 558
13200 559
13200 560
13200 562
13201 563
13201 564
13201 564
13202 565
13202 566
13202 566
13203 566
13203 567
13204 567
13204 567
13204 567
13205 567
13205 567
13205 567
13206 568
13206 568
13206 568
13207 568
13207 568
13210 567
13213 565
13216 562
13219 560
13222 557
13222 557
13222 557
13222 557
13223 557
13223 559
13223 560
13224 561
13224 562
13224 563
13225 564
13225 565
13226 565
13226 566
13226 566
13227 566
13227 567
13227 567
13228 567
13228 567
13228 567
13229 567
13229 567
13230 567
13230 567
13230 567
13231 567
13234 566
13236 565
13239 562
13242 560
13245 557
13245 557
13245 557
13246 557
13246 557
13247 559
13247 560
13247 561
13248 562
13248 563
13248 564
13249 565
13249 565
13249 566
13250 566
13250 566
13251 566
13251 567
13251 567
13252 567
13252 567
13252 567
13253 567
13253 567
13253 567
13254 567
13254 567
13257 566
13260 565
13263 563
13266 560
13269 557
13269 557
13269 557
13269 557
13270 557
13270 559
13271 560
13271 561
13271 562
13272 563
13272 564
13272 565
13273 565
13273 566
13273 566
13274 566
13274 566
13275 567
13275 567
13275 567
13276 567
13276 567
13276 567
13277 567
13277 567
13277 567
13278 567
13281 566
13284 565
13287 563
13289 560
13292 557
13292 557
13293 557
13293 557
13293 558
13294 559
13294 560
13295 561
13295 562
13295 563
13296 564
13296 565
13296 565
13297 566
13297 566
13297 566
13298 566
13298 567
13299 567
13299 567
13299 567
13300 567
13300 567
13300 567
13301 567
13301 567
13301 567
13304 567
13307 565
13310 563
13313 560
13316 557
13316 557
13316 557
13317 557
13317 558
13318 559
13318 560
13318 561
13319 562
13319 563
13319 564
13320 565
13320 565
13320 566
13321 566
13321 566
13322 566
13322 567
13322 567
13323 567
13323 567
13323 567
13324 567
13324 567
13324 567
13325 567
13325 567
13328 567
13331 565
13334 563
13337 560
13340 557
13340 557
13340 557
13341 557
13341 558
13341 559
13342 560
13342 561
13342 562
13343 563
13343 564
13343 565
13344 565
13344 566
13345 566
13345 566
13345 566
13346 567
13346 567
13346 567
13347 567
13347 567
13347 567
13348 567
13348 567
13349 567
13349 567
13352 567
13355 565
13358 563
13361 560
13364 557
13364 557
13364 557
13364 557
13365 558
13365 559
13365 560
13366 561
13366 562
13367 563
13367 564
13367 564
13368 565
13368 565
13368 566
13369 566
13369 566
13369 567
13370 567
13370 567
13371 567
13371 567
13371 567
13372 567
13372 567
13372 567
13373 567
13376 566
13379 565
13382 563
13385 560
13388 557
13388 557
13388 557
13388 557
13389 557
13389 558
13389 560
13390 561
13390 562
13390 563
13391 564
13391 564
13392 565
13392 565
13392 566
13393 566
13393 566
13393 566
13394 567
13394 567
13394 567
13395 567
13395 567
13396 567
13396 567
13396 567
13397 567
13400 566
13403 565
13406 562
13409 560
13412 557
13412 557
13412 557
13412 557
13413 557
13413 558
13413 559
13414 561
13414 562
13414 563
13415 563
13415 564
13416 565
13416 565
13416 565
13417 566
13417 566
13417 566
13418 566
13418 566
13418 567
13419 567
13419 567
13420 567
13420 567
13420 567
13421 567
13424 566
13427 564
13430 562
13433 560
13436 557
13436 557
13436 556
13436 556
13437 557
13437 558
13437 559
13438 560
13438 561
13438 562
13439 563
13439 564
13440 564
13440 565
13440 565
13441 565
13441 566
13441 566
13442 566
13442 566
13442 566
13443 566
13443 566
13444 567
13444 567
13444 567
13445 567
13448 566
13451 564
13454 562
13457 559
13460 557
13460 556
13460 556
13460 556
13461 557
13461 558
13461 559
13462 560
13462 561
13462 562
13463 563
13463 563
13464 564
13464 564
13464 565
13465 565
13465 565
13465 565
13466 566
13466 566
13466 566
13467 566
13467 566
13468 566
13468 566
13468 566
13469 566
13472 565
13475 564
13478 562
13481 559
13484 556
13484 556
13484 556
13484 556
13485 556
13485 557
13485 558
13486 560
13486 561
13487 562
13487 562
13487 563
13488 564
13488 564
13488 564
13489 565
13489 565
13489 565
13490 565
13490 565
13491 566
13491 566
13491 566
13492 566
13492 566
13492 566
13493 566
13496 565
13499 563
13502 561
13505 558
13508 555
13508 555
13508 555
13509 555
13509 556
13509 557
13510 558
13510 559
13510 560
13511 561
13511 561
13511 562
13512 563
13512 563
13513 563
13513 564
13513 564
13514 564
13514 564
13514 565
13515 565
13515 565
13515 565
13516 565
13516 565
13517 565
13517 565
13520 564
13523 562
13526 560
13529 558
13532 555
13532 555
13532 554
13533 554
13533 555
13534 556
13534 557
13534 558
13535 559
13535 560
13535 561
13536 561
13536 562
13536 562
13537 562
13537 563
13538 563
13538 563
13538 563
13539 564
13539 564
13539 564
13540 564
13540 564
13540 564
13541 564
13541 564
13544 563
13547 562
13550 559
13553 557
13556 554
13556 554
13557 554
13557 554
13557 554
13558 555
13558 556
13559 557
13559 558
13559 559
13560 560
13560 560
13560 561
13561 561
13561 562
13561 562
13562 562
13562 563
13563 563
13563 563
13563 563
13564 563
13564 563
13564 563
13565 564
13565 564
13565 564
13569 563
13572 561
13575 559
13578 557
13581 554
13581 554
13581 553
13581 553
13582 554
13582 555
13583 556
13583 557
13583 558
13584 559
13584 559
13584 560
13585 561
13585 561
13585 561
13586 562
13586 562
13587 562
13587 562
13587 563
13588 563
13588 563
13588 563
13589 563
13589 563
13589 563
13590 563
13593 563
13596 561
13599 559
13602 556
13605 553
13605 553
13606 553
13606 553
13606 553
13607 554
13607 555
13607 557
13608 558
13608 558
13608 559
13609 560
13609 560
13610 561
13610 561
13610 561
13611 562
13611 562
13611 562
13612 562
13612 563
13612 563
13613 563
13613 563
13614 563
13614 563
13614 563
13617 562
13620 561
13623 559
13627 556
13630 553
13630 553
13630 553
13630 553
13631 553
13631 554
13631 555
13632 556
13632 557
13633 558
13633 559
13633 560
13634 560
13634 561
13634 561
13635 561
13635 562
13635 562
13636 562
13636 562
13637 562
13637 563
13637 563
13638 563
13638 563
13638 563
13639 563
13642 562
13645 561
13648 559
13651 556
13654 554
13654 554
13655 553
13655 553
13655 553
13656 554
13656 555
13656 556
13657 557
13657 558
13657 559
13658 560
13658 560
13659 561
13659 561
13659 561
13660 562
13660 562
13660 562
13661 562
13661 562
13661 563
13662 563
13662 563
13663 563
13663 563
13663 563
13666 562
13669 561
13673 559
13676 556
13679 554
13679 554
13679 553
13679 553
13680 554
13680 554
13681 555
13681 556
13681 557
13682 558
13682 559
13682 560
13683 560
13683 561
13683 561
13684 561
13684 562
13685 562
13685 562
13685 562
13686 562
13686 563
13686 563
13687 563
13687 563
13687 563
13688 563
13691 562
13694 561
13697 559
13700 556
13703 554
13703 554
13704 553
13704 553
13704 554
13705 554
13705 555
13706 556
13706 557
13706 558
13707 559
13707 560
13707 560
13708 561
13708 561
13708 561
13709 562
13709 562
13710 562
13710 562
13710 562
13711 563
13711 563
13711 563
13712 563
13712 563
13712 563
13716 562
13719 561
13722 559
13725 556
13728 554
13728 554
13728 553
13729 553
13729 554
13730 554
13730 555
13730 556
13731 557
13731 558
13731 559
13732 560
13732 560
13732 561
13733 561
13733 561
13734 562
13734 562
13734 562
13735 562
13735 562
13735 563
13736 563
13736 563
13736 563
13737 563
13737 563
13740 562
13743 561
13747 559
13750 556
13753 554
13753 554
13753 553
13754 553
13754 553
13754 554
13755 555
13755 556
13755 557
13756 558
13756 559
13757 559
13757 560
13757 560
13758 561
13758 561
13758 561
13759 562
13759 562
13759 562
13760 562
13760 562
13761 562
13761 563
13761 563
13762 563
13762 563
13765 562
13768 561
13771 559
13775 556
13778 553
13778 553
13778 553
13778 553
13779 553
13779 554
13780 555
13780 556
13780 557
13781 558
13781 559
13781 559
13782 560
13782 560
13782 561
13783 561
13783 561
13784 561
13784 562
13784 562
13785 562
13785 562
13785 562
13786 562
13786 562
13786 563
13787 563
13790 562
13793 561
13796 559
13799 556
13803 553
13803 553
13803 553
13803 553
13804 553
13804 554
13804 555
13805 556
13805 557
13806 558
13806 558
13806 559
13807 559
13807 560
13807 560
13808 561
13808 561
13808 561
13809 561
13809 562
13810 562
13810 562
13810 562
13811 562
13811 562
13811 562
13812 562
13815 562
13818 560
13821 558
13824 556
13828 553
13828 553
13828 553
13828 553
13829 553
13829 554
13829 554
13830 555
13830 556
13831 557
13831 558
13831 559
13832 559
13832 560
13832 560
13833 560
13833 561
13833 561
13834 561
13834 561
13835 561
13835 562
13835 562
13836 562
13836 562
13836 562
13837 562
13840 561
13843 560
13846 558
13849 556
13853 553
13853 553
13853 552
13853 552
13854 553
13854 553
13854 554
13855 555
13855 556
13856 557
13856 558
13856 558
13857 559
13857 559
13857 560
13858 560
13858 560
13858 561
13859 561
13859 561
13860 561
13860 561
13860 561
13861 562
13861 562
13861 562
13862 562
13865 561
13868 560
13871 558
13875 555
13878 552
13878 552
13878 552
13878 552
13879 552
13879 553
13880 553
13880 554
13880 555
13881 556
13881 557
13881 557
13882 558
13882 558
13882 559
13883 559
13883 559
13884 560
13884 560
13884 560
13885 560
13885 560
13885 561
13886 561
13886 561
13886 561
13887 561
13890 560
13893 559
13896 557
13900 554
13903 551
13903 551
13903 551
13904 551
13904 551
13904 552
13905 553
13905 553
13905 554
13906 555
13906 556
13906 557
13907 557
13907 558
13908 558
13908 558
13908 559
13909 559
13909 559
13909 559
13910 560
13910 560
13910 560
13911 560
13911 560
13912 560
13912 560
13915 559
13918 558
13922 556
13925 553
13928 550
13928 550
13928 550
13929 550
13929 550
13930 551
13930 552
13930 552
13931 553
13931 554
13931 555
13932 556
13932 556
13932 557
13933 557
13933 557
13934 558
13934 558
13934 558
13935 558
13935 559
13935 559
13936 559
13936 559
13936 559
13937 559
13937 559
13940 559
13944 557
13947 555
13950 553
13953 550
13953 550
13954 549
13954 549
13954 550
13955 550
13955 551
13956 552
13956 553
13956 554
13957 554
13957 555
13957 555
13958 556
13958 556
13958 557
13959 557
13959 557
13960 558
13960 558
13960 558
13961 558
13961 558
13961 558
13962 558
13962 558
13962 559
13966 558
13969 557
13972 555
13975 552
13979 549
13979 549
13979 549
13979 549
13980 549
13980 550
13980 551
13981 551
13981 552
13982 553
13982 554
13982 555
13983 555
13983 556
13983 556
13984 556
13984 557
13984 557
13985 557
13985 557
13986 558
13986 558
13986 558
13987 558
13987 558
13987 558
13988 558
13991 558
13994 557
13998 555
14001 552
14004 549
14004 549
14004 549
14005 549
14005 549
14006 550
14006 550
14006 551
14007 552
14007 553
14007 554
14008 554
14008 555
14008 555
14009 556
14009 556
14010 556
14010 557
14010 557
14011 557
14011 557
14011 558
14012 558
14012 558
14012 558
14013 558
14013 558
14016 558
14020 557
14023 555
14026 552
14029 549
14030 549
14030 549
14030 549
14031 549
14031 550
14031 550
14032 551
14032 552
14032 553
14033 554
14033 554
14033 555
14034 555
14034 556
14035 556
14035 556
14035 557
14036 557
14036 557
14036 557
14037 558
14037 558
14037 558
14038 558
14038 558
14039 558
14042 558
14045 557
14048 555
14052 552
14055 550
14055 550
14055 549
14056 549
14056 549
14056 550
14057 550
14057 551
14058 552
14058 553
14058 554
14059 554
14059 555
14059 555
14060 556
14060 556
14060 556
14061 557
14061 557
14062 557
14062 557
14062 558
14063 558
14063 558
14063 558
14064 558
14064 558
14067 558
14071 557
14074 555
14077 552
14081 550
14081 550
14081 549
14081 549
14082 549
14082 550
14082 551
14083 551
14083 552
14083 553
14084 554
14084 554
14085 555
14085 555
14085 556
14086 556
14086 556
14086 557
14087 557
14087 557
14087 557
14088 558
14088 558
14089 558
14089 558
14089 558
14090 558
14093 558
14096 557
14100 555
14103 552
14106 550
14106 550
14107 549
14107 549
14107 549
14108 550
14108 551
14108 551
14109 552
14109 553
14110 554
14110 554
14110 555
14111 555
14111 556
14111 556
14112 556
14112 557
14112 557
14113 557
14113 557
14113 558
14114 558
14114 558
14115 558
14115 558
14115 558
14119 558
14122 557
14125 555
14129 552
14132 550
14132 550
14132 549
14133 549
14133 549
14133 550
14134 550
14134 551
14134 552
14135 553
14135 554
14136 554
14136 555
14136 555
14137 556
14137 556
14137 556
14138 557
14138 557
14138 557
14139 557
14139 558
14140 558
14140 558
14140 558
14141 558
14141 558
14144 558
14148 557
14151 555
14154 552
14158 550
14158 550
14158 549
14158 549
14159 549
14159 550
14159 550
14160 551
14160 552
14161 553
14161 553
14161 554
14162 555
14162 555
14162 556
14163 556
14163 556
14163 557
14164 557
14164 557
14165 557
14165 557
14165 558
14166 558
14166 558
14166 558
14167 558
14170 558
14173 556
14177 555
14180 552
14183 550
14184 550
14184 549
14184 549
14185 549
14185 550
14185 550
14186 551
14186 552
14186 553
14187 553
14187 554
14187 554
14188 555
14188 555
14189 556
14189 556
14189 556
14190 557
14190 557
14190 557
14191 557
14191 557
14191 557
14192 558
14192 558
14193 558
14196 557
14199 556
14203 554
14206 552
14209 549
14209 549
14210 549
14210 549
14210 549
14211 549
14211 550
14212 551
14212 552
14212 552
14213 553
14213 554
14213 554
14214 555
14214 555
14214 555
14215 556
14215 556
14216 556
14216 557
14216 557
14217 557
14217 557
14217 557
14218 557
14218 557
14218 558
14222 557
14225 556
14229 554
14232 552
14235 549
14235 549
14236 549
14236 549
14236 549
14237 549
14237 550
14237 551
14238 551
14238 552
14239 553
14239 553
14239 554
14240 554
14240 555
14240 555
14241 555
14241 556
14241 556
14242 556
14242 556
14243 557
14243 557
14243 557
14244 557
14244 557
14244 557
14248 557
14251 556
14255 554
14258 552
14261 549
14261 549
14262 549
14262 548
14262 548
14263 549
14263 549
14263 550
14264 551
14264 552
14265 552
14265 553
14265 554
14266 554
14266 554
14266 555
14267 555
14267 555
14267 556
14268 556
14268 556
14269 556
14269 556
14269 557
14270 557
14270 557
14270 557
14274 557
14277 555
14281 553
14284 551
14287 548
14287 548
14288 548
14288 548
14288 548
14289 548
14289 549
14290 549
14290 550
14290 551
14291 552
14291 552
14291 553
14292 553
14292 554
14292 554
14293 554
14293 554
14294 555
14294 555
14294 555
14295 555
14295 556
14295 556
14296 556
14296 556
14296 556
14300 556
14303 554
14307 552
14310 550
14314 547
14314 547
14314 547
14314 547
14315 547
14315 547
14315 548
14316 548
14316 549
14316 550
14317 551
14317 551
14318 552
14318 552
14318 553
14319 553
14319 553
14319 554
14320 554
14320 554
14320 554
14321 554
14321 555
14322 555
14322 555
14322 555
14323 555
14326 555
14329 554
14333 552
14336 549
14340 547
14340 547
14340 546
14340 546
14341 546
14341 546
14342 547
14342 548
14342 549
14343 549
14343 550
14343 551
14344 551
14344 552
14344 552
14345 552
14345 553
14346 553
14346 553
14346 553
14347 554
14347 554
14347 554
14348 554
14348 554
14348 554
14349 554
14352 554
14356 553
14359 551
14363 549
14366 546
14366 546
14366 546
14367 546
14367 546
14367 546
14368 547
14368 547
14369 548
14369 549
14369 549
14370 550
14370 551
14370 551
14371 551
14371 552
14371 552
14372 552
14372 553
14373 553
14373 553
14373 553
14374 554
14374 554
14374 554
14375 554
14375 554
14379 554
14382 553
14385 551
14389 549
14392 546
14392 546
14393 546
14393 545
14393 545
14394 546
14394 546
14395 547
14395 548
14395 548
14396 549
14396 550
14396 550
14397 551
14397 551
14397 552
14398 552
14398 552
14399 552
14399 553
14399 553
14400 553
14400 553
14400 553
14401 554
14401 554
14401 554
14405 554
14408 553
14412 551
14415 549
14419 546
14419 546
14419 546
14419 545
14420 545
14420 546
14421 546
14421 547
14421 548
14422 548
14422 549
14422 550
14423 550
14423 551
14423 551
14424 551
14424 552
14425 552
14425 552
14425 553
14426 553
14426 553
14426 553
14427 553
14427 553
14427 554
14428 554
14431 554
14435 553
14438 551
14442 548
14445 546
14445 546
14446 546
14446 545
14446 545
14447 546
14447 546
14447 547
14448 548
14448 548
14448 549
14449 549
14449 550
14450 550
14450 551
14450 551
14451 552
14451 552
14451 552
14452 552
14452 553
14452 553
14453 553
14453 553
14454 553
14454 553
14454 554
14458 554
14461 552
14465 551
14468 548
14472 546
14472 546
14472 546
14472 545
14473 545
14473 546
14474 546
14474 547
14474 547
14475 548
14475 549
14475 549
14476 550
14476 550
14476 551
14477 551
14477 552
14478 552
14478 552
14478 552
14479 553
14479 553
14479 553
14480 553
14480 553
14480 553
14481 553
14484 553
14488 552
14491 551
14495 548
14498 546
14498 546
14499 545
14499 545
14499 545
14500 545
14500 546
14500 547
14501 547
14501 548
14502 549
14502 549
14502 550
14503 550
14503 551
14503 551
14504 551
14504 552
14504 552
14505 552
14505 552
14506 553
14506 553
14506 553
14507 553
14507 553
14507 553
14511 553
14514 552
14518 551
14521 548
14525 546
14525 546
14525 545
14526 545
14526 545
14526 545
14527 546
14527 546
14528 547
14528 548
14528 549
14529 549
14529 550
14529 550
14530 551
14530 551
14530 551
14531 552
14531 552
14532 552
14532 552
14532 552
14533 553
14533 553
14533 553
14534 553
14534 553
14538 553
14541 552
14545 550
14548 548
14552 546
14552 546
14552 545
14552 545
14553 545
14553 545
14554 546
14554 546
14554 547
14555 548
14555 548
14555 549
14556 549
14556 550
14556 550
14557 551
14557 551
14557 551
14558 552
14558 552
14559 552
14559 552
14559 552
14560 553
14560 553
14560 553
14561 553
14564 553
14568 552
14571 550
14575 548
14578 545
14578 545
14579 545
14579 545
14580 545
14580 545
14580 546
14581 546
14581 547
14581 548
14582 548
14582 549
14582 549
14583 550
14583 550
14584 551
14584 551
14584 551
14585 551
14585 552
14585 552
14586 552
14586 552
14586 552
14587 553
14587 553
14587 553
14591 553
14595 552
14598 550
14602 548
14605 545
14605 545
14606 545
14606 545
14606 545
14607 545
14607 545
14607 546
14608 547
14608 547
14609 548
14609 548
14609 549
14610 549
14610 550
14610 550
14611 551
14611 551
14611 551
14612 551
14612 552
14613 552
14613 552
14613 552
14614 552
14614 552
14614 553
14618 553
14621 552
14625 550
14629 548
14632 545
14632 545
14633 545
14633 544
14633 544
14634 545
14634 545
14634 546
14635 546
14635 547
14635 548
14636 548
14636 549
14636 549
14637 550
14637 550
14638 550
14638 551
14638 551
14639 551
14639 551
14639 552
14640 552
14640 552
14640 552
14641 552
14641 552
14645 552
14648 551
14652 550
14656 547
14659 545
14659 545
14659 544
14660 544
14660 544
14661 544
14661 545
14661 545
14662 546
14662 547
14662 547
14663 548
14663 548
14663 549
14664 549
14664 550
14665 550
14665 550
14665 550
14666 551
14666 551
14666 551
14667 551
14667 552
14667 552
14668 552
14668 552
14672 552
14675 551
14679 549
14683 547
14686 544
14686 544
14687 544
14687 544
14687 544
14688 544
14688 544
14688 545
14689 546
14689 546
14689 547
14690 547
14690 548
14691 548
14691 549
14691 549
14692 549
14692 550
14692 550
14693 550
14693 551
14693 551
14694 551
14694 551
14694 551
14695 551
14695 551
14699 551
14702 550
14706 549
14710 546
14713 544
14713 544
14714 543
14714 543
14714 543
14715 543
14715 544
14715 544
14716 545
14716 545
14717 546
14717 547
14717 547
14718 547
14718 548
14718 548
14719 549
14719 549
14719 549
14720 549
14720 550
14721 550
14721 550
14721 550
14722 550
14722 550
14722 551
14726 551
14730 550
14733 548
14737 545
14740 543
14740 543
14741 542
14741 542
14742 542
14742 542
14742 543
14743 543
14743 544
14743 544
14744 545
14744 546
14744 546
14745 547
14745 547
14746 547
14746 548
14746 548
14747 548
14747 549
14747 549
14748 549
14748 549
14748 549
14749 549
14749 550
14749 550
14753 550
14757 549
14760 547
14764 545
14768 542
14768 542
14768 542
14768 542
14769 542
14769 542
14769 542
14770 543
14770 543
14771 544
14771 544
14771 545
14772 545
14772 546
14772 546
14773 547
14773 547
14773 547
14774 548
14774 548
14775 548
14775 548
14775 548
14776 549
14776 549
14776 549
14777 549
14780 549
14784 548
14788 547
14791 544
14795 542
14795 542
14795 541
14796 541
14796 541
14796 541
14797 542
14797 542
14797 543
14798 543
14798 544
14799 544
14799 545
14799 545
14800 546
14800 546
14800 547
14801 547
14801 547
14801 547
14802 548
14802 548
14803 548
14803 548
14803 548
14804 549
14804 549
14808 549
14811 548
14815 546
14819 544
14822 541
14822 541
14823 541
14823 541
14823 541
14824 541
14824 541
14824 542
14825 542
14825 543
14826 544
14826 544
14826 545
14827 545
14827 546
14827 546
14828 546
14828 547
14828 547
14829 547
14829 547
14830 548
14830 548
14830 548
14831 548
14831 548
14831 548
14835 549
14839 548
14842 546
14846 544
14850 541
14850 541
14850 541
14850 541
14851 541
14851 541
14852 541
14852 542
14852 542
14853 543
14853 543
14853 544
14854 545
14854 545
14854 545
14855 546
14855 546
14855 546
14856 547
14856 547
14857 547
14857 547
14857 548
14858 548
14858 548
14858 548
14859 548
14862 548
14866 548
14870 546
14873 544
14877 541
14877 541
14878 541
14878 541
14878 541
14879 541
14879 541
14879 542
14880 542
14880 543
14880 543
14881 544
14881 544
14882 545
14882 545
14882 546
14883 546
14883 546
14883 547
14884 547
14884 547
14884 547
14885 548
14885 548
14886 548
14886 548
14886 548
14890 548
14894 548
14897 546
14901 544
14905 541
14905 541
14905 541
14905 541
14906 541
14906 541
14907 541
14907 542
14907 542
14908 543
14908 543
14908 544
14909 544
14909 545
14909 545
14910 546
14910 546
14911 546
14911 546
14911 547
14912 547
14912 547
14912 547
14913 548
14913 548
14913 548
14914 548
14918 548
14921 547
14925 546
14929 544
14932 541
14932 541
14933 541
14933 541
14933 541
14934 541
14934 541
14935 541
14935 542
14935 543
14936 543
14936 544
14936 544
14937 545
14937 545
14937 545
14938 546
14938 546
14939 546
14939 547
14939 547
14940 547
14940 547
14940 548
14941 548
14941 548
14941 548
14945 548
14949 547
14953 546
14956 544
14960 541
14960 541
14960 541
14961 541
14961 541
14962 541
14962 541
14962 541
14963 542
14963 542
14963 543
14964 544
14964 544
14964 545
14965 545
14965 545
14966 546
14966 546
14966 546
14967 547
14967 547
14967 547
14968 547
14968 547
14968 548
14969 548
14969 548
14973 548
14977 547
14980 546
14984 544
14988 541
14988 541
14988 541
14989 540
14989 540
14989 540
14990 541
14990 541
14990 542
14991 542
14991 543
14991 543
14992 544
14992 544
14993 545
14993 545
14993 545
14994 546
14994 546
14994 546
14995 547
14995 547
14995 547
14996 547
14996 547
14997 547
14997 548
15001 548
15004 547
15008 546
15012 543
15016 541
15016 541
15016 541
15016 540
15017 540
15017 540
15017 541
15018 541
15018 542
15019 542
15019 543
15019 543
15020 544
15020 544
15020 545
15021 545
15021 545
15021 546
15022 546
15022 546
15023 546
15023 547
15023 547
15024 547
15024 547
15024 547
15025 547
15028 548
15032 547
15036 545
15040 543
15043 541
15043 541
15044 540
15044 540
15045 540
15045 540
15045 540
15046 541
15046 541
15046 542
15047 542
15047 543
15047 543
15048 544
15048 544
15049 545
15049 545
15049 545
15050 546
15050 546
15050 546
15051 546
15051 547
15051 547
15052 547
15052 547
15053 547
15056 547
15060 547
15064 545
15068 543
15071 540
15071 540
15072 540
15072 540
15073 540
15073 540
15073 540
15074 541
15074 541
15074 542
15075 542
15075 543
15075 543
15076 544
15076 544
15077 544
15077 545
15077 545
15078 545
15078 546
15078 546
15079 546
15079 546
15079 546
15080 547
15080 547
15081 547
15084 547
15088 546
15092 545
15096 543
15099 540
15099 540
15100 540
15100 540
15101 539
15101 540
15101 540
15102 540
15102 541
15102 541
15103 542
15103 542
15103 543
15104 543
15104 544
15105 544
15105 544
15105 545
15106 545
15106 545
15106 545
15107 546
15107 546
15107 546
15108 546
15108 546
15109 546
15112 547
15116 546
15120 544
15124 542
15128 539
15128 539
15128 539
15128 539
15129 539
15129 539
15129 539
15130 539
15130 540
15130 540
15131 541
15131 542
15132 542
15132 542
15132 543
15133 543
15133 544
15133 544
15134 544
15134 544
15134 545
15135 545
15135 545
15136 545
15136 545
15136 546
15137 546
15140 546
15144 545
15148 543
15152 541
15156 539
15156 539
15156 538
15156 538
15157 538
15157 538
15158 538
15158 539
15158 539
15159 540
15159 540
15159 541
15160 541
15160 542
15160 542
15161 542
15161 543
15162 543
15162 543
15162 544
15163 544
15163 544
15163 544
15164 544
15164 545
15164 545
15165 545
15169 545
15172 544
15176 543
15180 541
15184 538
15184 538
15184 538
15185 538
15185 537
15185 537
15186 538
15186 538
15186 538
15187 539
15187 540
15188 540
15188 540
15188 541
15189 541
15189 542
15189 542
15190 542
15190 543
15190 543
15191 543
15191 543
15192 544
15192 544
15192 544
15193 544
15193 544
15197 545
15201 544
15205 542
15208 540
15212 538
15212 538
15213 537
15213 537
15213 537
15214 537
15214 537
15214 538
15215 538
15215 539
15215 539
15216 540
15216 540
15217 540
15217 541
15217 541
15218 542
15218 542
15218 542
15219 542
15219 543
15219 543
15220 543
15220 543
15221 544
15221 544
15221 544
15225 544
15229 544
15233 542
15237 540
15241 537
15241 537
15241 537
15241 537
15242 537
15242 537
15242 537
15243 537
15243 538
15243 538
15244 539
15244 539
15245 540
15245 540
15245 541
15246 541
15246 541
15246 542
15247 542
15247 542
15247 543
15248 543
15248 543
15249 543
15249 543
15249 544
15250 544
15253 544
15257 544
15261 542
15265 540
15269 538
15269 538
15269 537
15270 537
15270 537
15270 537
15271 537
15271 538
15271 538
15272 539
15272 539
15273 540
15273 540
15273 540
15274 541
15274 541
15274 542
15275 542
15275 542
15275 543
15276 543
15276 543
15277 543
15277 543
15277 544
15278 544
15278 544
15282 544
15286 544
15290 542
15294 540
15297 538
15297 538
15298 538
15298 537
15299 537
15299 537
15299 537
15300 538
15300 538
15300 539
15301 539
15301 540
15301 540
15302 541
15302 541
15303 541
15303 542
15303 542
15304 542
15304 543
15304 543
15305 543
15305 543
15305 543
15306 544
15306 544
15307 544
15310 544
15314 544
15318 542
15322 540
15326 538
15326 538
15326 538
15327 537
15327 537
15327 537
15328 537
15328 538
15329 538
15329 539
15329 539
15330 540
15330 540
15330 541
15331 541
15331 541
15331 542
15332 542
15332 542
15332 543
15333 543
15333 543
15334 543
15334 543
15334 544
15335 544
15335 544
15339 544
15343 544
15347 542
15351 540
15355 538
15355 538
15355 538
15355 537
15356 537
15356 537
15356 537
15357 538
15357 538
15357 539
15358 539
15358 540
15359 540
15359 541
15359 541
15360 541
15360 542
15360 542
15361 542
15361 543
15361 543
15362 543
15362 543
15363 543
15363 544
15363 544
15364 544
15368 544
15371 544
15375 542
15379 540
15383 538
15383 538
15384 538
15384 537
15384 537
15385 537
15385 537
15385 538
15386 538
15386 539
15387 539
15387 540
15387 540
15388 540
15388 541
15388 541
15389 541
15389 542
15389 542
15390 542
15390 543
15391 543
15391 543
15391 543
15392 543
15392 544
15392 544
15396 544
15400 544
15404 542
15408 540
15412 538
15412 538
15412 537
15413 537
15413 537
15413 537
15414 537
15414 538
15415 538
15415 538
15415 539
15416 539
15416 540
15416 540
15417 541
15417 541
15417 541
15418 542
15418 542
15419 542
15419 542
15419 543
15420 543
15420 543
15420 543
15421 543
15421 544
15425 544
15429 543
15433 542
15437 540
15441 537
15441 537
15441 537
15442 537
15442 537
15442 537
15443 537
15443 537
15443 538
15444 538
15444 539
15444 539
15445 539
15445 540
15446 540
15446 541
15446 541
15447 541
15447 542
15447 542
15448 542
15448 542
15448 543
15449 543
15449 543
15450 543
15450 543
15454 544
15458 543
15462 542
15466 540
15470 537
15470 537
15470 537
15470 537
15471 537
15471 536
15471 537
15472 537
15472 537
15473 538
15473 538
15473 539
15474 539
15474 540
15474 540
15475 540
15475 541
15475 541
15476 541
15476 541
15477 542
15477 542
15477 542
15478 542
15478 543
15478 543
15479 543
15483 543
15487 543
15491 541
15495 539
15499 537
15499 537
15499 537
15499 536
15500 536
15500 536
15500 536
15501 537
15501 537
15502 537
15502 538
15502 538
15503 539
15503 539
15503 540
15504 540
15504 540
15504 541
15505 541
15505 541
15506 541
15506 542
15506 542
15507 542
15507 542
15507 542
15508 542
15512 543
15516 542
15520 541
15524 539
15528 536
15528 536
15528 536
15528 536
15529 536
15529 536
15530 536
15530 536
15530 536
15531 537
15531 537
15531 538
15532 538
15532 539
15532 539
15533 539
15533 540
15534 540
15534 540
15534 541
15535 541
15535 541
15535 541
15536 542
15536 542
15536 542
15537 542
15541 543
15545 542
15549 540
15553 538
15557 536
15557 536
15557 536
15558 535
15558 535
15558 535
15559 535
15559 536
15559 536
15560 536
15560 537
15560 537
15561 538
15561 538
15561 539
15562 539
15562 539
15563 540
15563 540
15563 540
15564 540
15564 541
15564 541
15565 541
15565 541
15565 541
15566 542
15570 542
15574 541
15578 540
15582 538
15586 535
15586 535
15586 535
15587 535
15587 535
15587 535
15588 535
15588 535
15588 535
15589 536
15589 536
15590 537
15590 537
15590 537
15591 538
15591 538
15591 538
15592 539
15592 539
15592 539
15593 539
15593 540
15594 540
15594 540
15594 540
15595 540
15595 541
15599 541
15603 540
15607 539
15611 537
15615 534
15615 534
15616 534
15616 534
15616 534
15617 534
15617 534
15617 534
15618 534
15618 535
15618 535
15619 536
15619 536
15619 536
15620 537
15620 537
15621 538
15621 538
15621 538
15622 538
15622 539
15622 539
15623 539
15623 539
15623 539
15624 540
15624 540
15628 540
15632 540
15636 538
15640 536
15644 534
15644 534
15645 533
15645 533
15646 533
15646 533
15646 533
15647 533
15647 534
15647 534
15648 534
15648 535
15648 535
15649 536
15649 536
15649 536
15650 537
15650 537
15651 537
15651 538
15651 538
15652 538
15652 538
15652 539
15653 539
15653 539
15653 539
15658 540
15662 539
15666 538
15670 536
15674 533
15674 533
15674 533
15675 533
15675 533
15675 532
15676 533
15676 533
15676 533
15677 533
15677 534
15677 534
15678 535
15678 535
15678 536
15679 536
15679 536
15680 537
15680 537
15680 537
15681 537
15681 538
15681 538
15682 538
15682 538
15682 538
15683 539
15687 539
15691 539
15695 537
15699 535
15703 533
15703 533
15704 533
15704 532
15704 532
15705 532
15705 532
15705 532
15706 533
15706 533
15706 534
15707 534
15707 534
15708 535
15708 535
15708 536
15709 536
15709 536
15709 536
15710 537
15710 537
15710 537
15711 537
15711 538
15712 538
15712 538
15712 538
15716 539
15720 538
15725 537
15729 535
15733 533
15733 533
15733 532
15733 532
15734 532
15734 532
15735 532
15735 532
15735 532
15736 533
15736 533
15736 534
15737 534
15737 535
15737 535
15738 535
15738 536
15739 536
15739 536
15739 536
15740 537
15740 537
15740 537
15741 537
15741 538
15741 538
15742 538
15746 539
15750 538
15754 537
15758 535
15762 532
15762 532
15763 532
15763 532
15763 532
15764 532
15764 532
15765 532
15765 532
15765 533
15766 533
15766 533
15766 534
15767 534
15767 535
15767 535
15768 535
15768 536
15769 536
15769 536
15769 536
15770 537
15770 537
15770 537
15771 537
15771 537
15771 538
15776 538
15780 538
15784 537
15788 535
15792 532
15792 532
15792 532
15793 532
15793 532
15793 532
15794 532
15794 532
15795 532
15795 533
15795 533
15796 533
15796 534
15796 534
15797 535
15797 535
15797 535
15798 535
15798 536
15799 536
15799 536
15799 537
15800 537
15800 537
15800 537
15801 537
15801 537
15805 538
15809 538
15813 536
15818 535
15822 532
15822 532
15822 532
15822 532
15823 532
15823 531
15823 532
15824 532
15824 532
15825 532
15825 533
15825 533
15826 534
15826 534
15826 534
15827 535
15827 535
15827 535
15828 536
15828 536
15829 536
15829 536
15829 537
15830 537
15830 537
15830 537
15831 537
15835 538
15839 538
15843 536
15847 534
15851 532
15851 532
15852 532
15852 532
15853 531
15853 531
15853 531
15854 532
15854 532
15854 532
15855 533
15855 533
15855 533
15856 534
15856 534
15856 535
15857 535
15857 535
15858 535
15858 536
15858 536
15859 536
15859 536
15859 537
15860 537
15860 537
15860 537
15865 538
15869 538
15873 536
15877 534
15881 532
15881 532
15882 532
15882 531
15882 531
15883 531
15883 531
15883 531
15884 532
15884 532
15885 532
15885 533
15885 533
15886 534
15886 534
15886 534
15887 535
15887 535
15887 535
15888 536
15888 536
15889 536
15889 536
15889 536
15890 537
15890 537
15890 537
15894 538
15899 537
15903 536
15907 534
15911 532
15911 532
15912 531
15912 531
15912 531
15913 531
15913 531
15913 531
15914 531
15914 532
15914 532
15915 533
15915 533
15916 533
15916 534
15916 534
15917 534
15917 535
15917 535
15918 535
15918 535
15918 536
15919 536
15919 536
15920 536
15920 537
15920 537
15924 537
15929 537
15933 536
15937 534
15941 531
15941 531
15942 531
15942 531
15942 531
15943 531
15943 531
15943 531
15944 531
15944 532
15944 532
15945 532
15945 533
15946 533
15946 533
15946 534
15947 534
15947 534
15947 535
15948 535
15948 535
15948 535
15949 536
15949 536
15950 536
15950 536
15950 536
15954 537
15959 537
15963 535
15967 533
15971 531
15971 531
15972 531
15972 531
15972 530
15973 530
15973 530
15973 531
15974 531
15974 531
15974 532
15975 532
15975 532
15976 533
15976 533
15976 533
15977 534
15977 534
15977 534
15978 535
15978 535
15978 535
15979 535
15979 535
15980 536
15980 536
15980 536
15985 537
15989 536
15993 535
15997 533
16001 531
16001 531
16002 531
16002 530
16002 530
16003 530
16003 530
16004 530
16004 531
16004 531
16005 531
16005 532
16005 532
16006 532
16006 533
16006 533
16007 533
16007 534
16008 534
16008 534
16008 534
16009 535
16009 535
16009 535
16010 535
16010 535
16010 536
16015 536
16019 536
16023 535
16027 533
16032 530
16032 530
16032 530
16032 530
16033 530
16033 530
16033 530
16034 530
16034 530
16034 530
16035 531
16035 531
16036 532
16036 532
16036 532
16037 533
16037 533
16037 533
16038 534
16038 534
16038 534
16039 534
16039 534
16040 535
16040 535
16040 535
16041 535
16045 536
16049 536
16053 534
16058 532
16062 530
16062 530
16062 529
16063 529
16063 529
16063 529
16064 529
16064 529
16064 529
16065 530
16065 530
16065 530
16066 531
16066 531
16067 531
16067 532
16067 532
16068 532
16068 533
16068 533
16069 533
16069 533
16069 534
16070 534
16070 534
16070 534
16071 534
16075 535
16079 535
16084 533
16088 531
16092 529
16092 529
16092 529
16093 528
16093 528
16094 528
16094 528
16094 528
16095 529
16095 529
16095 529
16096 530
16096 530
16096 530
16097 531
16097 531
16098 531
16098 532
16098 532
16099 532
16099 532
16099 533
16100 533
16100 533
16100 533
16101 533
16101 534
16105 534
16110 534
16114 533
16118 531
16123 528
16123 528
16123 528
16123 528
16124 528
16124 528
16124 528
16125 528
16125 528
16125 528
16126 528
16126 529
16127 529
16127 530
16127 530
16128 530
16128 531
16128 531
16129 531
16129 531
16129 532
16130 532
16130 532
16131 532
16131 533
16131 533
16132 533
16136 534
16140 533
16144 532
16149 530
16153 528
16153 528
16153 527
16154 527
16154 527
16154 527
16155 527
16155 527
16156 527
16156 528
16156 528
16157 528
16157 529
16157 529
16158 529
16158 530
16158 530
16159 530
16159 531
16160 531
16160 531
16160 531
16161 532
16161 532
16161 532
16162 532
16162 532
16166 533
16171 533
16175 532
16179 530
16184 527
16184 527
16184 527
16184 527
16185 527
16185 527
16185 527
16186 527
16186 527
16186 527
16187 528
16187 528
16188 528
16188 529
16188 529
16189 529
16189 530
16189 530
16190 530
16190 531
16190 531
16191 531
16191 531
16192 531
16192 532
16192 532
16193 532
16197 533
16201 533
16206 531
16210 529
16214 527
16214 527
16215 527
16215 527
16215 527
16216 526
16216 526
16216 527
16217 527
16217 527
16217 527
16218 528
16218 528
16219 528
16219 529
16219 529
16220 529
16220 530
16220 530
16221 530
16221 531
16221 531
16222 531
16222 531
16223 531
16223 532
16223 532
16228 533
16232 532
16236 531
16241 529
16245 527
16245 527
16245 527
16246 527
16246 526
16246 526
16247 526
16247 526
16247 527
16248 527
16248 527
16249 528
16249 528
16249 528
16250 529
16250 529
16250 529
16251 530
16251 530
16251 530
16252 530
16252 531
16253 531
16253 531
16253 531
16254 531
16254 532
16258 533
16263 532
16267 531
16271 529
16276 527
16276 527
16276 527
16276 526
16277 526
16277 526
16277 526
16278 526
16278 526
16279 527
16279 527
16279 527
16280 528
16280 528
16280 528
16281 529
16281 529
16281 529
16282 530
16282 530
16283 530
16283 530
16283 531
16284 531
16284 531
16284 531
16285 531
16289 532
16293 532
16298 531
16302 529
16306 527
16306 527
16307 527
16307 526
16308 526
16308 526
16308 526
16309 526
16309 526
16309 527
16310 527
16310 527
16310 528
16311 528
16311 528
16312 529
16312 529
16312 529
16313 530
16313 530
16313 530
16314 530
16314 530
16314 531
16315 531
16315 531
16316 531
16320 532
16324 532
16329 531
16333 529
16337 527
16337 527
16338 526
16338 526
16338 526
16339 526
16339 526
16340 526
16340 526
16340 526
16341 527
16341 527
16341 527
16342 528
16342 528
16342 528
16343 529
16343 529
16344 529
16344 530
16344 530
16345 530
16345 530
16345 531
16346 531
16346 531
16346 531
16351 532
16355 532
16360 531
16364 529
16368 526
16368 526
16369 526
16369 526
16369 526
16370 526
16370 526
16371 526
16371 526
16371 526
16372 527
16372 527
16372 527
16373 528
16373 528
16373 528
16374 529
16374 529
16375 529
16375 529
16375 530
16376 530
16376 530
16376 530
16377 530
16377 531
16377 531
16382 532
16386 532
16391 530
16395 529
16399 526
16399 526
16400 526
16400 526
16401 526
16401 526
16401 526
16402 526
16402 526
16402 526
16403 526
16403 527
16403 527
16404 527
16404 528
16405 528
16405 528
16405 529
16406 529
16406 529
16406 529
16407 530
16407 530
16407 530
16408 530
16408 530
16409 531
16413 532
16417 531
16422 530
16426 528
16431 526
16431 526
16431 526
16431 526
16432 525
16432 525
16432 525
16433 525
16433 526
16433 526
16434 526
16434 526
16435 527
16435 527
16435 527
16436 528
16436 528
16436 528
16437 529
16437 529
16437 529
16438 529
16438 529
16439 530
16439 530
16439 530
16440 530
16444 531
16448 531
16453 530
16457 528
16462 526
16462 526
16462 525
16462 525
16463 525
16463 525
16464 525
16464 525
16464 525
16465 525
16465 526
16465 526
16466 526
16466 527
16466 527
16467 527
16467 528
16468 528
16468 528
16468 528
16469 529
16469 529
16469 529
16470 529
16470 530
16470 530
16471 530
16475 531
16480 531
16484 530
16489 528
16493 525
16493 525
16493 525
16494 525
16494 525
16494 525
16495 525
16495 525
16496 525
16496 525
16496 525
16497 526
16497 526
16497 526
16498 527
16498 527
16498 527
16499 528
16499 528
16499 528
16500 528
16500 529
16501 529
16501 529
16501 529
16502 529
16502 530
16506 531
16511 530
16515 529
16520 527
16524 525
16524 525
16525 525
16525 524
16525 524
16526 524
16526 524
16526 524
16527 524
16527 524
16528 525
16528 525
16528 525
16529 526
16529 526
16529 526
16530 527
16530 527
16530 527
16531 527
16531 528
16532 528
16532 528
16532 528
16533 528
16533 529
16533 529
16538 530
16542 530
16547 528
16551 526
16556 524
16556 524
16556 524
16556 524
16557 523
16557 523
16557 523
16558 523
16558 523
16559 524
16559 524
16559 524
16560 525
16560 525
16560 525
16561 525
16561 526
16561 526
16562 526
16562 527
16563 527
16563 527
16563 527
16564 527
16564 528
16564 528
16565 528
16569 529
16574 529
16578 528
16583 526
16587 523
16587 523
16588 523
16588 523
16588 523
16589 523
16589 523
16589 523
16590 523
16590 523
16590 523
16591 524
16591 524
16592 524
16592 525
16592 525
16593 525
16593 525
16593 526
16594 526
16594 526
16594 526
16595 527
16595 527
16596 527
16596 527
16596 527
16601 528
16605 528
16610 527
16614 525
16619 523
16619 523
16619 523
16619 522
16620 522
16620 522
16621 522
16621 522
16621 522
16622 523
16622 523
16622 523
16623 523
16623 524
16623 524
16624 524
16624 525
16625 525
16625 525
16625 525
16626 526
16626 526
16626 526
16627 526
16627 527
16627 527
16628 527
16632 528
16637 528
16641 527
16646 525
16650 523
16650 523
16651 522
16651 522
16651 522
16652 522
16652 522
16653 522
16653 522
16653 522
16654 522
16654 523
16654 523
16655 523
16655 524
16655 524
16656 524
16656 525
16657 525
16657 525
16657 525
16658 526
16658 526
16658 526
16659 526
16659 526
16659 527
16664 528
16668 528
16673 526
16677 525
16682 522
16682 522
16682 522
16683 522
16683 522
16683 522
16684 522
16684 522
16685 522
16685 522
16685 522
16686 523
16686 523
16686 523
16687 523
16687 524
16687 524
16688 524
16688 525
16689 525
16689 525
16689 525
16690 526
16690 526
16690 526
16691 526
16691 526
16696 527
16700 527
16705 526
16709 524
16714 522
16714 522
16714 522
16715 522
16715 522
16715 522
16716 521
16716 522
16716 522
16717 522
16717 522
16717 522
16718 523
16718 523
16719 523
16719 524
16719 524
16720 524
16720 524
16720 525
16721 525
16721 525
16721 525
16722 526
16722 526
16723 526
16723 526
16727 527
16732 527
16737 526
16741 524
16746 522
16746 522
16746 522
16746 522
16747 522
16747 521
16747 521
16748 521
16748 522
16749 522
16749 522
16749 522
16750 523
16750 523
16750 523
16751 523
16751 524
16751 524
16752 524
16752 525
16753 525
16753 525
16753 525
16754 525
16754 526
16754 526
16755 526
16759 527
16764 527
16768 526
16773 524
16778 522
16778 522
16778 522
16778 522
16779 522
16779 522
16779 521
16780 521
16780 522
16780 522
16781 522
16781 522
16782 523
16782 523
16782 523
16783 524
16783 524
16783 524
16784 524
16784 525
16784 525
16785 525
16785 525
16785 526
16786 526
16786 526
16787 526
16791 527
16796 527
16800 526
16805 524
16809 522
16810 522
16810 522
16810 522
16811 522
16811 522
16811 521
16812 521
16812 522
16812 522
16813 522
16813 522
16813 523
16814 523
16814 523
16815 523
16815 524
16815 524
16816 524
16816 525
16816 525
16817 525
16817 525
16817 525
16818 526
16818 526
16819 526
16823 527
16828 527
16832 526
16837 524
16842 522
16842 522
16842 522
16842 522
16843 522
16843 521
16843 521
16844 521
16844 522
16844 522
16845 522
16845 522
16846 523
16846 523
16846 523
16847 523
16847 524
16847 524
16848 524
16848 524
16848 525
16849 525
16849 525
16850 525
16850 526
16850 526
16851 526
16855 527
16860 527
16864 526
16869 524
16874 522
16874 522
16874 522
16874 522
16875 521
16875 521
16876 521
16876 521
16876 521
16877 522
16877 522
16877 522
16878 522
16878 523
16878 523
16879 523
16879 523
16880 524
16880 524
16880 524
16881 524
16881 525
16881 525
16882 525
16882 525
16882 526
16883 526
16887 527
16892 527
16897 526
16901 524
16906 522
16906 522
16906 522
16907 521
16907 521
16907 521
16908 521
16908 521
16908 521
16909 521
16909 522
16910 522
16910 522
16910 522
16911 523
16911 523
16911 523
16912 523
16912 524
16912 524
16913 524
16913 524
16914 525
16914 525
16914 525
16915 525
16915 525
16920 527
16924 527
16929 525
16934 524
16938 521
16938 521
16939 521
16939 521
16939 521
16940 521
16940 521
16940 521
16941 521
16941 521
16941 521
16942 521
16942 522
16943 522
16943 522
16943 523
16944 523
16944 523
16944 523
16945 524
16945 524
16945 524
16946 524
16946 525
16947 525
16947 525
16947 525
16952 526
16957 526
16961 525
16966 523
16971 521
16971 521
16971 521
16971 521
16972 521
16972 520
16972 520
16973 520
16973 520
16973 521
16974 521
16974 521
16975 521
16975 522
16975 522
16976 522
16976 522
16976 523
16977 523
16977 523
16977 523
16978 524
16978 524
16979 524
16979 524
16979 524
16980 525
16984 526
16989 526
16994 525
16998 523
17003 521
17003 521
17003 521
17004 520
17004 520
17004 520
17005 520
17005 520
17006 520
17006 520
17006 520
17007 521
17007 521
17007 521
17008 521
17008 522
17008 522
17009 522
17009 523
17010 523
17010 523
17010 523
17011 523
17011 524
17011 524
17012 524
17012 524
17017 525
17021 525
17026 524
17031 522
17035 520
17035 520
17036 520
17036 520
17037 519
17037 519
17037 519
17038 519
17038 519
17038 519
17039 520
17039 520
17039 520
17040 520
17040 521
17041 521
17041 521
17041 521
17042 522
17042 522
17042 522
17043 522
17043 523
17043 523
17044 523
17044 523
17045 523
17049 524
17054 524
17059 523
17063 521
17068 519
17068 519
17068 519
17069 519
17069 519
17070 518
17070 518
17070 518
17071 518
17071 519
17071 519
17072 519
17072 519
17072 519
17073 520
17073 520
17074 520
17074 521
17074 521
17075 521
17075 521
17075 521
17076 522
17076 522
17076 522
17077 522
17077 522
17082 524
17087 524
17091 522
17096 521
17101 518
17101 518
17101 518
17101 518
17102 518
17102 518
17103 518
17103 518
17103 518
17104 518
17104 518
17104 518
17105 518
17105 519
17105 519
17106 519
17106 520
17107 520
17107 520
17107 520
17108 520
17108 521
17108 521
17109 521
17109 521
17109 522
17110 522
17115 523
17119 523
17124 522
17129 520
17133 518
17134 518
17134 518
17134 517
17135 517
17135 517
17135 517
17136 517
17136 517
17136 517
17137 517
17137 518
17137 518
17138 518
17138 518
17139 519
17139 519
17139 519
17140 519
17140 520
17140 520
17141 520
17141 520
17141 521
17142 521
17142 521
17143 521
17147 522
17152 522
17157 521
17162 520
17166 517
17166 517
17167 517
17167 517
17167 517
17168 517
17168 517
17168 517
17169 517
17169 517
17170 517
17170 517
17170 517
17171 518
17171 518
17171 518
17172 518
17172 519
17172 519
17173 519
17173 519
17174 520
17174 520
17174 520
17175 520
17175 520
17175 521
17180 522
17185 522
17190 521
17194 519
17199 517
17199 517
17200 517
17200 517
17200 517
17201 516
17201 516
17201 516
17202 516
17202 516
17202 517
17203 517
17203 517
17203 517
17204 518
17204 518
17205 518
17205 518
17205 519
17206 519
17206 519
17206 519
17207 520
17207 520
17207 520
17208 520
17208 520
17213 522
17218 522
17223 521
17227 519
17232 517
17232 517
17232 517
17233 516
17233 516
17234 516
17234 516
17234 516
17235 516
17235 516
17235 516
17236 517
17236 517
17236 517
17237 517
17237 518
17238 518
17238 518
17238 518
17239 519
17239 519
17239 519
17240 519
17240 520
17240 520
17241 520
17241 520
17246 521
17251 521
17255 521
17260 519
17265 517
17265 517
17265 516
17266 516
17266 516
17267 516
17267 516
17267 516
17268 516
17268 516
17268 516
17269 516
17269 517
17269 517
17270 517
17270 517
17271 518
17271 518
17271 518
17272 518
17272 519
17272 519
17273 519
17273 519
17273 520
17274 520
17274 520
17279 521
17284 521
17289 520
17293 519
17298 516
17298 516
17299 516
17299 516
17299 516
17300 516
17300 516
17300 516
17301 516
17301 516
17301 516
17302 516
17302 516
17303 517
17303 517
17303 517
17304 517
17304 518
17304 518
17305 518
17305 518
17305 519
17306 519
17306 519
17307 519
17307 519
17307 520
17312 521
17317 521
17322 520
17327 518
17331 516
17331 516
17332 516
17332 516
17332 516
17333 516
17333 515
17334 515
17334 516
17334 516
17335 516
17335 516
17335 516
17336 516
17336 517
17336 517
17337 517
17337 517
17338 518
17338 518
17338 518
17339 518
17339 519
17339 519
17340 519
17340 519
17340 519
17345 521
17350 521
17355 520
17360 518
17365 516
17365 516
17365 516
17365 516
17366 516
17366 515
17366 515
17367 515
17367 515
17367 515
17368 516
17368 516
17369 516
17369 516
17369 516
17370 517
17370 517
17370 517
17371 517
17371 518
17371 518
17372 518
17372 518
17373 519
17373 519
17373 519
17374 519
17379 520
17383 521
17388 520
17393 518
17398 516
17398 516
17398 516
17399 515
17399 515
17399 515
17400 515
17400 515
17400 515
17401 515
17401 515
17402 515
17402 516
17402 516
17403 516
17403 516
17403 517
17404 517
17404 517
17404 517
17405 518
17405 518
17406 518
17406 518
17406 518
17407 519
17407 519
17412 520
17417 520
17422 519
17426 518
17431 515
17431 515
17432 515
17432 515
17432 515
17433 515
17433 515
17433 515
17434 515
17434 515
17435 515
17435 515
17435 515
17436 516
17436 516
17436 516
17437 516
17437 517
17437 517
17438 517
17438 517
17439 518
17439 518
17439 518
17440 518
17440 518
17440 518
17445 520
17450 520
17455 519
17460 517
17465 515
17465 515
17465 515
17465 515
17466 515
17466 515
17467 514
17467 514
17467 514
17468 514
17468 515
17468 515
17469 515
17469 515
17469 516
17470 516
17470 516
17471 516
17471 516
17471 517
17472 517
17472 517
17472 517
17473 518
17473 518
17473 518
17474 518
17479 519
17484 520
17488 519
17493 517
17498 515
17498 515
17499 515
17499 514
17499 514
17500 514
17500 514
17500 514
17501 514
17501 514
17502 514
17502 514
17502 515
17503 515
17503 515
17503 515
17504 516
17504 516
17504 516
17505 516
17505 517
17506 517
17506 517
17506 517
17507 517
17507 518
17507 518
17512 519
17517 519
17522 518
17527 516
17532 514
17532 514
17532 514
17533 514
17533 514
17533 514
17534 513
17534 513
17534 513
17535 514
17535 514
17536 514
17536 514
17536 514
17537 514
17537 515
17537 515
17538 515
17538 515
17538 516
17539 516
17539 516
17540 516
17540 516
17540 517
17541 517
17541 517
17546 518
17551 518
17556 517
17561 516
17566 513
17566 513
17566 513
17566 513
17567 513
17567 513
17567 513
17568 513
17568 513
17569 513
17569 513
17569 513
17570 513
17570 513
17570 514
17571 514
17571 514
17571 514
17572 515
17572 515
17573 515
17573 515
17573 515
17574 516
17574 516
17574 516
17575 516
17580 518
17585 518
17590 517
17594 515
17599 513
17599 513
17600 513
17600 512
17601 512
17601 512
17601 512
17602 512
17602 512
17602 512
17603 512
17603 512
17603 513
17604 513
17604 513
17604 513
17605 513
17605 514
17606 514
17606 514
17606 514
17607 515
17607 515
17607 515
17608 515
17608 515
17608 516
17613 517
17618 517
17623 516
17628 514
17633 512
17633 512
17634 512
17634 512
17634 512
17635 512
17635 511
17635 511
17636 511
17636 512
17637 512
17637 512
17637 512
17638 512
17638 512
17638 513
17639 513
17639 513
17639 513
17640 514
17640 514
17641 514
17641 514
17641 514
17642 515
17642 515
17642 515
17647 516
17652 517
17657 516
17662 514
17667 512
17667 512
17668 512
17668 512
17668 511
17669 511
17669 511
17669 511
17670 511
17670 511
17670 511
17671 511
17671 512
17672 512
17672 512
17672 512
17673 513
17673 513
17673 513
17674 513
17674 513
17674 514
17675 514
17675 514
17676 514
17676 514
17676 515
17681 516
17686 516
17691 515
17696 514
17701 512
17701 512
17702 511
17702 511
17702 511
17703 511
17703 511
17703 511
17704 511
17704 511
17704 511
17705 511
17705 511
17706 512
17706 512
17706 512
17707 512
17707 512
17707 513
17708 513
17708 513
17708 513
17709 514
17709 514
17710 514
17710 514
17710 514
17715 516
17720 516
17725 515
17730 514
17735 511
17735 511
17736 511
17736 511
17736 511
17737 511
17737 511
17737 511
17738 511
17738 511
17739 511
17739 511
17739 511
17740 511
17740 512
17740 512
17741 512
17741 512
17741 513
17742 513
17742 513
17743 513
17743 513
17743 514
17744 514
17744 514
17744 514
17749 516
17754 516
17759 515
17764 513
17769 511
17769 511
17770 511
17770 511
17771 511
17771 511
17771 511
17772 510
17772 511
17772 511
17773 511
17773 511
17773 511
17774 511
17774 511
17774 512
17775 512
17775 512
17776 512
17776 513
17776 513
17777 513
17777 513
17777 513
17778 514
17778 514
17778 514
17784 515
17789 516
17794 515
17799 513
17804 511
17804 511
17804 511
17804 511
17805 511
17805 511
17805 510
17806 510
17806 510
17807 510
17807 511
17807 511
17808 511
17808 511
17808 511
17809 511
17809 512
17809 512
17810 512
17810 512
17811 513
17811 513
17811 513
17812 513
17812 513
17812 514
17813 514
17818 515
17823 515
17828 515
17833 513
17838 511
17838 511
17838 511
17839 511
17839 510
17839 510
17840 510
17840 510
17841 510
17841 510
17841 510
17842 510
17842 511
17842 511
17843 511
17843 511
17843 511
17844 512
17844 512
17845 512
17845 512
17845 513
17846 513
17846 513
17846 513
17847 513
17847 514
17852 515
17857 515
17862 514
17867 513
17872 511
17872 511
17873 511
17873 510
17873 510
17874 510
17874 510
17875 510
17875 510
17875 510
17876 510
17876 510
17876 510
17877 511
17877 511
17877 511
17878 511
17878 511
17879 512
17879 512
17879 512
17880 512
17880 513
17880 513
17881 513
17881 513
17881 513
17887 515
17892 515
17897 514
17902 513
17907 511
17907 511
17907 510
17908 510
17908 510
17908 510
17909 510
17909 510
17909 510
17910 510
17910 510
17910 510
17911 510
17911 510
17912 511
17912 511
17912 511
17913 511
17913 511
17913 512
17914 512
17914 512
17914 512
17915 512
17915 513
17916 513
17916 513
17921 514
17926 515
17931 514
17936 512
17941 510
17941 510
17942 510
17942 510
17943 510
17943 510
17943 509
17944 509
17944 509
17944 509
17945 510
17945 510
17945 510
17946 510
17946 510
17946 510
17947 511
17947 511
17948 511
17948 511
17948 512
17949 512
17949 512
17949 512
17950 512
17950 513
17950 513
17956 514
17961 514
17966 514
17971 512
17976 510
17976 510
17976 510
17977 510
17977 509
17977 509
17978 509
17978 509
17979 509
17979 509
17979 509
17980 509
17980 510
17980 510
17981 510
17981 510
17981 510
17982 511
17982 511
17983 511
17983 511
17983 511
17984 512
17984 512
17984 512
17985 512
17985 512
17990 514
17995 514
18000 513
18006 512
18011 510
18011 510
18011 509
18011 509
18012 509
18012 509
18013 509
18013 509
18013 509
18014 509
18014 509
18014 509
18015 509
18015 509
18015 510
18016 510
18016 510
18016 510
18017 510
18017 511
18018 511
18018 511
18018 511
18019 511
18019 512
18019 512
18020 512
18025 513
18030 514
18035 513
18040 511
18045 509
18045 509
18046 509
18046 509
18047 509
18047 509
18047 508
18048 508
18048 508
18048 508
18049 509
18049 509
18049 509
18050 509
18050 509
18051 509
18051 510
18051 510
18052 510
18052 510
18052 510
18053 511
18053 511
18053 511
18054 511
18054 511
18055 512
18060 513
18065 513
18070 512
18075 511
18080 509
18080 509
18081 508
18081 508
18081 508
18082 508
18082 508
18083 508
18083 508
18083 508
18084 508
18084 508
18084 508
18085 508
18085 508
18085 509
18086 509
18086 509
18086 509
18087 510
18087 510
18088 510
18088 510
18088 510
18089 510
18089 511
18089 511
18095 512
18100 512
18105 512
18110 510
18115 508
18115 508
18116 508
18116 508
18116 507
18117 507
18117 507
18117 507
18118 507
18118 507
18118 507
18119 507
18119 507
18120 508
18120 508
18120 508
18121 508
18121 508
18121 509
18122 509
18122 509
18122 509
18123 509
18123 509
18124 510
18124 510
18124 510
18129 511
18135 512
18140 511
18145 509
18150 507
18150 507
18151 507
18151 507
18151 507
18152 507
18152 506
18152 506
18153 506
18153 506
18153 506
18154 507
18154 507
18155 507
18155 507
18155 507
18156 507
18156 508
18156 508
18157 508
18157 508
18157 508
18158 509
18158 509
18159 509
18159 509
18159 509
18164 511
18170 511
18175 510
18180 509
18185 507
18185 507
18186 506
18186 506
18186 506
18187 506
18187 506
18187 506
18188 506
18188 506
18189 506
18189 506
18189 506
18190 506
18190 507
18190 507
18191 507
18191 507
18191 507
18192 508
18192 508
18193 508
18193 508
18193 508
18194 508
18194 509
18194 509
18200 510
18205 511
18210 510
18215 508
18220 506
18220 506
18221 506
18221 506
18222 506
18222 506
18222 506
18223 505
18223 505
18223 505
18224 506
18224 506
18224 506
18225 506
18225 506
18226 506
18226 507
18226 507
18227 507
18227 507
18227 507
18228 508
18228 508
18228 508
18229 508
18229 508
18230 508
18235 510
18240 510
18245 510
18250 508
18256 506
18256 506
18256 506
18256 506
18257 506
18257 505
18257 505
18258 505
18258 505
18259 505
18259 505
18259 505
18260 506
18260 506
18260 506
18261 506
18261 506
18261 506
18262 507
18262 507
18263 507
18263 507
18263 507
18264 508
18264 508
18264 508
18265 508
18270 510
18275 510
18280 509
18286 508
18291 506
18291 506
18291 506
18292 506
18292 505
18292 505
18293 505
18293 505
18294 505
18294 505
18294 505
18295 505
18295 505
18295 505
18296 506
18296 506
18296 506
18297 506
18297 506
18298 507
18298 507
18298 507
18299 507
18299 507
18299 508
18300 508
18300 508
18305 510
18311 510
18316 509
18321 508
18326 506
18326 506
18327 506
18327 505
18327 505
18328 505
18328 505
18329 505
18329 505
18329 505
18330 505
18330 505
18330 505
18331 505
18331 505
18331 506
18332 506
18332 506
18333 506
18333 506
18333 507
18334 507
18334 507
18334 507
18335 507
18335 508
18335 508
18341 509
18346 510
18351 509
18357 508
18362 505
18362 505
18362 505
18363 505
18363 505
18363 505
18364 505
18364 505
18364 505
18365 505
18365 505
18366 505
18366 505
18366 505
18367 505
18367 505
18367 506
18368 506
18368 506
18368 506
18369 506
18369 507
18369 507
18370 507
18370 507
18371 507
18371 508
18376 509
18382 509
18387 509
18392 507
18397 505
18397 505
18398 505
18398 505
18399 505
18399 505
18399 505
18400 504
18400 504
18400 504
18401 505
18401 505
18401 505
18402 505
18402 505
18402 505
18403 505
18403 506
18404 506
18404 506
18404 506
18405 506
18405 507
18405 507
18406 507
18406 507
18406 507
18412 509
18417 509
18422 509
18428 507
18433 505
18433 505
18433 505
18434 505
18434 505
18435 504
18435 504
18435 504
18436 504
18436 504
18436 504
18437 504
18437 505
18437 505
18438 505
18438 505
18438 505
18439 505
18439 506
18440 506
18440 506
18440 506
18441 506
18441 507
18441 507
18442 507
18442 507
18447 509
18453 509
18458 509
18463 507
18469 505
18469 505
18469 505
18470 505
18470 505
18470 505
18471 504
18471 504
18471 504
18472 504
18472 504
18472 504
18473 505
18473 505
18473 505
18474 505
18474 505
18475 505
18475 506
18475 506
18476 506
18476 506
18476 506
18477 507
18477 507
18477 507
18478 507
18483 509
18489 509
18494 509
18499 507
18505 505
18505 505
18505 505
18505 505
18506 505
18506 505
18506 504
18507 504
18507 504
18507 504
18508 504
18508 504
18509 505
18509 505
18509 505
18510 505
18510 505
18510 505
18511 506
18511 506
18511 506
18512 506
18512 506
18513 507
18513 507
18513 507
18514 507
18519 509
18524 509
18530 508
18535 507
18540 505
18540 505
18541 505
18541 505
18541 505
18542 504
18542 504
18543 504
18543 504
18543 504
18544 504
18544 504
18544 504
18545 505
18545 505
18545 505
18546 505
18546 505
18547 505
18547 506
18547 506
18548 506
18548 506
18548 506
18549 507
18549 507
18549 507
18555 509
18560 509
18566 508
18571 507
18576 505
18576 505
18577 505
18577 504
18577 504
18578 504
18578 504
18579 504
18579 504
18579 504
18580 504
18580 504
18580 504
18581 504
18581 504
18581 505
18582 505
18582 505
18583 505
18583 505
18583 506
18584 506
18584 506
18584 506
18585 506
18585 506
18585 507
18591 508
18596 509
18602 508
18607 506
18612 504
18612 504
18613 504
18613 504
18613 504
18614 504
18614 504
18615 504
18615 504
18615 503
18616 504
18616 504
18616 504
18617 504
18617 504
18617 504
18618 504
18618 505
18619 505
18619 505
18619 505
18620 505
18620 505
18620 506
18621 506
18621 506
18621 506
18627 508
18632 508
18638 507
18643 506
18649 504
18649 504
18649 504
18649 503
18650 503
18650 503
18650 503
18651 503
18651 503
18651 503
18652 503
18652 503
18653 503
18653 503
18653 503
18654 503
18654 504
18654 504
18655 504
18655 504
18655 504
18656 505
18656 505
18657 505
18657 505
18657 505
18658 505
18663 507
18668 507
18674 507
18679 505
18685 503
18685 503
18685 503
18685 503
18686 502
18686 502
18687 502
18687 502
18687 502
18688 502
18688 502
18688 502
18689 502
18689 502
18689 502
18690 503
18690 503
18691 503
18691 503
18691 503
18692 504
18692 504
18692 504
18693 504
18693 504
18693 504
18694 505
18699 506
18705 506
18710 506
18715 504
18721 502
18721 502
18721 502
18722 502
18722 502
18722 502
18723 501
18723 501
18723 501
18724 501
18724 501
18725 501
18725 501
18725 502
18726 502
18726 502
18726 502
18727 502
18727 502
18727 503
18728 503
18728 503
18729 503
18729 503
18729 504
18730 504
18730 504
18735 505
18741 506
18746 505
18752 504
18757 502
18757 502
18758 501
18758 501
18758 501
18759 501
18759 501
18759 501
18760 501
18760 501
18761 501
18761 501
18761 501
18762 501
18762 501
18762 501
18763 502
18763 502
18763 502
18764 502
18764 502
18765 502
18765 503
18765 503
18766 503
18766 503
18766 503
18772 505
18777 505
18783 505
18788 503
18794 501
18794 501
18794 501
18794 501
18795 501
18795 501
18795 500
18796 500
18796 500
18797 500
18797 500
18797 500
18798 500
18798 501
18798 501
18799 501
18799 501
18799 501
18800 501
18800 502
18801 502
18801 502
18801 502
18802 502
18802 502
18802 503
18803 503
18808 504
18814 505
18819 504
18825 503
18830 501
18830 501
18831 501
18831 500
18831 500
18832 500
18832 500
18832 500
18833 500
18833 500
18833 500
18834 500
18834 500
18835 500
18835 500
18835 501
18836 501
18836 501
18836 501
18837 501
18837 501
18837 502
18838 502
18838 502
18839 502
18839 502
18839 502
18845 504
18850 505
18856 504
18861 502
18867 500
18867 500
18867 500
18867 500
18868 500
18868 500
18869 500
18869 500
18869 500
18870 500
18870 500
18870 500
18871 500
18871 500
18871 500
18872 500
18872 500
18873 501
18873 501
18873 501
18874 501
18874 501
18874 501
18875 502
18875 502
18875 502
18876 502
18881 504
18887 504
18892 504
18898 502
18903 500
18903 500
18904 500
18904 500
18905 500
18905 500
18905 500
18906 499
18906 499
18906 499
18907 499
18907 499
18907 499
18908 500
18908 500
18909 500
18909 500
18909 500
18910 500
18910 501
18910 501
18911 501
18911 501
18911 501
18912 501
18912 502
18913 502
18918 503
18924 504
18929 503
18935 502
18940 500
18940 500
18941 500
18941 500
18941 500
18942 499
18942 499
18942 499
18943 499
18943 499
18943 499
18944 499
18944 499
18945 499
18945 499
18945 500
18946 500
18946 500
18946 500
18947 500
18947 500
18947 501
18948 501
18948 501
18949 501
18949 501
18949 502
18955 503
18960 504
18966 503
18971 502
18977 500
18977 500
18977 500
18978 499
18978 499
18978 499
18979 499
18979 499
18980 499
18980 499
18980 499
18981 499
18981 499
18981 499
18982 499
18982 499
18982 500
18983 500
18983 500
18984 500
18984 500
18984 500
18985 501
18985 501
18985 501
18986 501
18986 501
18992 503
18997 503
19003 503
19008 501
19014 499
19014 499
19014 499
19015 499
19015 499
19015 499
19016 499
19016 499
19016 499
19017 499
19017 499
19018 499
19018 499
19018 499
19019 499
19019 499
19019 499
19020 499
19020 500
19020 500
19021 500
19021 500
19021 500
19022 500
19022 501
19023 501
19023 501
19029 503
19034 503
19040 502
19045 501
19051 499
19051 499
19051 499
19052 499
19052 499
19052 499
19053 498
19053 498
19053 498
19054 498
19054 498
19054 498
19055 498
19055 498
19056 499
19056 499
19056 499
19057 499
19057 499
19057 499
19058 500
19058 500
19058 500
19059 500
19059 500
19060 500
19060 501
19066 502
19071 503
19077 502
19082 501
19088 499
19088 499
19088 499
19089 499
19089 498
19089 498
19090 498
19090 498
19090 498
19091 498
19091 498
19092 498
19092 498
19092 498
19093 498
19093 498
19093 499
19094 499
19094 499
19094 499
19095 499
19095 499
19096 500
19096 500
19096 500
19097 500
19097 500
19103 502
19108 502
19114 502
19119 500
19125 498
19125 498
19125 498
19126 498
19126 498
19127 498
19127 498
19127 498
19128 498
19128 498
19128 498
19129 498
19129 498
19129 498
19130 498
19130 498
19131 498
19131 498
19131 498
19132 499
19132 499
19132 499
19133 499
19133 499
19133 500
19134 500
19134 500
19140 502
19145 502
19151 501
19157 500
19162 498
19162 498
19163 498
19163 498
19163 498
19164 497
19164 497
19164 497
19165 497
19165 497
19166 497
19166 497
19166 497
19167 497
19167 497
19167 498
19168 498
19168 498
19168 498
19169 498
19169 498
19170 499
19170 499
19170 499
19171 499
19171 499
19171 499
19177 501
19183 501
19188 501
19194 499
19200 497
19200 497
19200 497
19200 497
19201 497
19201 497
19201 497
19202 497
19202 497
19203 496
19203 496
19203 497
19204 497
19204 497
19204 497
19205 497
19205 497
19205 497
19206 497
19206 498
19206 498
19207 498
19207 498
19208 498
19208 498
19208 499
19209 499
19214 500
19220 501
19226 500
19231 499
19237 497
19237 497
19237 496
19238 496
19238 496
19238 496
19239 496
19239 496
19240 496
19240 496
19240 496
19241 496
19241 496
19241 496
19242 496
19242 496
19242 496
19243 496
19243 497
19244 497
19244 497
19244 497
19245 497
19245 497
19245 498
19246 498
19246 498
19252 500
19257 500
19263 499
19269 498
19274 496
19274 496
19275 496
19275 496
19276 496
19276 495
19276 495
19277 495
19277 495
19277 495
19278 495
19278 495
19278 495
19279 495
19279 495
19280 495
19280 496
19280 496
19281 496
19281 496
19281 496
19282 496
19282 497
19282 497
19283 497
19283 497
19284 497
19289 499
19295 499
19301 499
19306 497
19312 495
19312 495
19312 495
19313 495
19313 495
19313 495
19314 495
19314 495
19315 495
19315 495
19315 495
19316 495
19316 495
19316 495
19317 495
19317 495
19317 495
19318 495
19318 495
19319 496
19319 496
19319 496
19320 496
19320 496
19320 496
19321 496
19321 497
19327 498
19332 499
19338 498
19344 497
19350 495
19350 495
19350 495
19350 495
19351 495
19351 494
19351 494
19352 494
19352 494
19353 494
19353 494
19353 494
19354 494
19354 494
19354 494
19355 495
19355 495
19355 495
19356 495
19356 495
19357 495
19357 495
19357 496
19358 496
19358 496
19358 496
19359 496
19364 498
19370 499
19376 498
19382 497
19387 495
19387 495
19388 495
19388 494
19388 494
19389 494
19389 494
19390 494
19390 494
19390 494
19391 494
19391 494
19391 494
19392 494
19392 494
19392 494
19393 494
19393 495
19394 495
19394 495
19394 495
19395 495
19395 495
19395 495
19396 496
19396 496
19396 496
19402 498
19408 498
19414 498
19419 496
19425 494
19425 494
19426 494
19426 494
19426 494
19427 494
19427 494
19427 494
19428 494
19428 494
19428 494
19429 494
19429 494
19430 494
19430 494
19430 494
19431 494
19431 494
19431 494
19432 495
19432 495
19432 495
19433 495
19433 495
19434 495
19434 496
19434 496
19440 497
19446 498
19452 497
19457 496
19463 494
19463 494
19463 494
19464 494
19464 494
19464 494
19465 494
19465 494
19466 493
19466 493
19466 493
19467 493
19467 493
19467 494
19468 494
19468 494
19468 494
19469 494
19469 494
19470 494
19470 494
19470 495
19471 495
19471 495
19471 495
19472 495
19472 495
19478 497
19484 498
19489 497
19495 496
19501 494
19501 494
19501 494
19502 494
19502 494
19502 494
19503 493
19503 493
19504 493
19504 493
19504 493
19505 493
19505 493
19505 493
19506 493
19506 494
19506 494
19507 494
19507 494
19508 494
19508 494
19508 494
19509 495
19509 495
19509 495
19510 495
19510 495
19516 497
19522 498
19527 497
19533 496
19539 494
19539 494
19539 494
19540 494
19540 493
19540 493
19541 493
19541 493
19542 493
19542 493
19542 493
19543 493
19543 493
19543 493
19544 493
19544 493
19544 493
19545 494
19545 494
19546 494
19546 494
19546 494
19547 494
19547 495
19547 495
19548 495
19548 495
19554 497
19560 497
19565 497
19571 496
19577 494
19577 494
19577 494
19578 493
19578 493
19579 493
19579 493
19579 493
19580 493
19580 493
19580 493
19581 493
19581 493
19581 493
19582 493
19582 493
19583 493
19583 493
19583 494
19584 494
19584 494
19584 494
19585 494
19585 494
19585 494
19586 495
19586 495
19592 496
19598 497
19604 497
19609 495
19615 493
19615 493
19616 493
19616 493
19616 493
19617 493
19617 493
19617 493
19618 493
19618 493
19619 492
19619 493
19619 493
19620 493
19620 493
19620 493
19621 493
19621 493
19621 493
19622 493
19622 494
19623 494
19623 494
19623 494
19624 494
19624 494
19624 494
19630 496
19636 497
19642 496
19648 495
19654 493
19654 493
19654 493
19654 493
19655 493
19655 493
19655 492
19656 492
19656 492
19656 492
19657 492
19657 492
19658 492
19658 492
19658 492
19659 493
19659 493
19659 493
19660 493
19660 493
19660 493
19661 493
19661 494
19662 494
19662 494
19662 494
19663 494
19668 496
19674 496
19680 496
19686 495
19692 493
19692 493
19692 493
19693 492
19693 492
19693 492
19694 492
19694 492
19694 492
19695 492
19695 492
19696 492
19696 492
19696 492
19697 492
19697 492
19697 492
19698 492
19698 493
19698 493
19699 493
19699 493
19700 493
19700 493
19700 493
19701 494
19701 494
19707 495
19713 496
19719 496
19724 494
19730 492
19730 492
19731 492
19731 492
19731 492
19732 492
19732 492
19733 492
19733 492
19733 491
19734 491
19734 491
19734 492
19735 492
19735 492
19735 492
19736 492
19736 492
19737 492
19737 492
19737 492
19738 493
19738 493
19738 493
19739 493
19739 493
19739 493
19745 495
19751 496
19757 495
19763 494
19769 492
19769 492
19769 492
19770 492
19770 492
19770 491
19771 491
19771 491
19771 491
19772 491
19772 491
19773 491
19773 491
19773 491
19774 491
19774 491
19774 491
19775 492
19775 492
19775 492
19776 492
19776 492
19777 492
19777 492
19777 493
19778 493
19778 493
19784 495
19790 495
19796 495
19802 493
19808 491
19808 491
19808 491
19808 491
19809 491
19809 491
19809 491
19810 491
19810 491
19810 490
19811 490
19811 490
19812 490
19812 491
19812 491
19813 491
19813 491
19813 491
19814 491
19814 491
19814 491
19815 492
19815 492
19815 492
19816 492
19816 492
19817 492
19823 494
19828 494
19834 494
19840 493
19846 491
19846 491
19847 491
19847 490
19847 490
19848 490
19848 490
19848 490
19849 490
19849 490
19849 490
19850 490
19850 490
19851 490
19851 490
19851 490
19852 490
19852 490
19852 490
19853 490
19853 491
19853 491
19854 491
19854 491
19855 491
19855 491
19855 491
19861 493
19867 494
19873 493
19879 492
19885 490
19885 490
19885 490
19886 490
19886 490
19886 489
19887 489
19887 489
19887 489
19888 489
19888 489
19889 489
19889 489
19889 489
19890 489
19890 489
19890 489
19891 490
19891 490
19891 490
19892 490
19892 490
19893 490
19893 490
19893 491
19894 491
19894 491
19900 493
19906 493
19912 493
19918 491
19924 489
19924 489
19924 489
19925 489
19925 489
19925 489
19926 489
19926 489
19926 489
19927 489
19927 489
19927 489
19928 489
19928 489
19929 489
19929 489
19929 489
19930 489
19930 489
19930 489
19931 489
19931 490
19931 490
19932 490
19932 490
19933 490
19933 490
19939 492
19945 493
19951 492
19957 491
19963 489
19963 489
19963 489
19964 489
19964 489
19964 489
19965 488
19965 488
19965 488
19966 488
19966 488
19966 488
19967 488
19967 488
19967 488
19968 488
19968 488
19969 489
19969 489
19969 489
19970 489
19970 489
19970 489
19971 489
19971 490
19971 490
19972 490
19978 492
19984 492
19990 492
19996 491
20002 489
20002 489
20002 489
20003 488
20003 488
20003 488
20004 488
20004 488
20004 488
20005 488
20005 488
20005 488
20006 488
20006 488
20007 488
20007 488
20007 488
20008 488
20008 488
20008 488
20009 489
20009 489
20009 489
20010 489
20010 489
20011 489
20011 489
20017 491
20023 492
20029 492
20035 490
20041 488
20041 488
20041 488
20042 488
20042 488
20042 488
20043 488
20043 488
20043 488
20044 488
20044 488
20045 488
20045 488
20045 488
20046 488
20046 488
20046 488
20047 488
20047 488
20047 488
20048 488
20048 489
20049 489
20049 489
20049 489
20050 489
20050 489
20056 491
20062 492
20068 491
20074 490
20080 488
20080 488
20081 488
20081 488
20081 488
20082 488
20082 488
20082 487
20083 487
20083 487
20083 487
20084 487
20084 487
20085 487
20085 487
20085 488
20086 488
20086 488
20086 488
20087 488
20087 488
20087 488
20088 488
20088 489
20088 489
20089 489
20089 489
20095 491
20101 491
20107 491
20113 490
20119 488
20119 488
20120 488
20120 488
20120 488
20121 488
20121 487
20122 487
20122 487
20122 487
20123 487
20123 487
20123 487
20124 487
20124 487
20124 487
20125 487
20125 488
20126 488
20126 488
20126 488
20127 488
20127 488
20127 488
20128 488
20128 489
20128 489
20135 491
20141 491
20147 491
20153 490
20159 488
20159 488
20159 488
20159 488
20160 487
20160 487
20161 487
20161 487
20161 487
20162 487
20162 487
20162 487
20163 487
20163 487
20163 487
20164 487
20164 487
20165 487
20165 487
20165 488
20166 488
20166 488
20166 488
20167 488
20167 488
20167 488
20168 489
20174 490
20180 491
20186 491
20192 489
20198 488
20198 488
20199 487
20199 487
20199 487
20200 487
20200 487
20200 487
20201 487
20201 487
20201 487
20202 487
20202 487
20203 487
20203 487
20203 487
20204 487
20204 487
20204 487
20205 487
20205 487
20205 488
20206 488
20206 488
20207 488
20207 488
20207 488
20213 490
20219 491
20226 490
20232 489
20238 487
20238 487
20238 487
20238 487
20239 487
20239 487
20240 487
20240 487
20240 486
20241 486
20241 486
20241 486
20242 486
20242 486
20242 486
20243 487
20243 487
20244 487
20244 487
20244 487
20245 487
20245 487
20245 487
20246 488
20246 488
20246 488
20247 488
20253 490
20259 490
20265 490
20271 489
20277 487
20277 487
20278 487
20278 487
20278 487
20279 486
20279 486
20280 486
20280 486
20280 486
20281 486
20281 486
20281 486
20282 486
20282 486
20282 486
20283 486
20283 486
20284 487
20284 487
20284 487
20285 487
20285 487
20285 487
20286 487
20286 487
20286 488
20293 489
20299 490
20305 490
20311 488
20317 487
20317 487
20317 486
20318 486
20318 486
20319 486
20319 486
20319 486
20320 486
20320 486
20320 486
20321 486
20321 486
20321 486
20322 486
20322 486
20323 486
20323 486
20323 486
20324 486
20324 486
20324 487
20325 487
20325 487
20325 487
20326 487
20326 487
20332 489
20338 490
20345 489
20351 488
20357 486
20357 486
20357 486
20358 486
20358 486
20358 486
20359 486
20359 486
20359 486
20360 486
20360 485
20361 485
20361 485
20361 486
20362 486
20362 486
20362 486
20363 486
20363 486
20363 486
20364 486
20364 486
20365 486
20365 487
20365 487
20366 487
20366 487
20372 489
20378 490
20384 489
20391 488
20397 486
20397 486
20397 486
20397 486
20398 486
20398 486
20399 486
20399 485
20399 485
20400 485
20400 485
20400 485
20401 485
20401 485
20401 485
20402 485
20402 486
20403 486
20403 486
20403 486
20404 486
20404 486
20404 486
20405 486
20405 487
20405 487
20406 487
20412 489
20418 489
20424 489
20430 488
20437 486
20437 486
20437 486
20437 486
20438 485
20438 485
20438 485
20439 485
20439 485
20440 485
20440 485
20440 485
20441 485
20441 485
20441 485
20442 485
20442 485
20442 485
20443 485
20443 485
20444 486
20444 486
20444 486
20445 486
20445 486
20445 486
20446 486
20452 488
20458 489
20464 488
20470 487
20477 485
20477 485
20477 485
20477 485
20478 485
20478 485
20479 485
20479 484
20479 484
20480 484
20480 484
20480 484
20481 484
20481 484
20481 484
20482 484
20482 484
20482 484
20483 485
20483 485
20484 485
20484 485
20484 485
20485 485
20485 485
20485 485
20486 486
20492 487
20498 488
20504 488
20511 486
20517 484
20517 484
20517 484
20518 484
20518 484
20518 484
20519 484
20519 484
20519 484
20520 484
20520 484
20520 484
20521 484
20521 484
20522 484
20522 484
20522 484
20523 484
20523 484
20523 484
20524 484
20524 484
20524 484
20525 485
20525 485
20526 485
20526 485
20532 487
20538 487
20545 487
20551 486
20557 484
20557 484
20557 484
20558 484
20558 484
20559 483
20559 483
20559 483
20560 483
20560 483
20560 483
20561 483
20561 483
20561 483
20562 483
20562 483
20562 483
20563 483
20563 483
20564 483
20564 484
20564 484
20565 484
20565 484
20565 484
20566 484
20566 484
20572 486
20579 487
20585 486
20591 485
20597 483
20597 483
20598 483
20598 483
20598 483
20599 483
20599 483
20600 483
20600 483
20600 483
20601 483
20601 482
20601 482
20602 483
20602 483
20602 483
20603 483
20603 483
20603 483
20604 483
20604 483
20605 483
20605 483
20605 484
20606 484
20606 484
20606 484
20613 486
20619 486
20625 486
20631 485
20638 483
20638 483
20638 483
20638 483
20639 483
20639 483
20640 482
20640 482
20640 482
20641 482
20641 482
20641 482
20642 482
20642 482
20642 482
20643 482
20643 482
20644 482
20644 483
20644 483
20645 483
20645 483
20645 483
20646 483
20646 483
20646 483
20647 484
20653 485
20659 486
20666 486
20672 485
20678 483
20678 483
20679 483
20679 483
20679 482
20680 482
20680 482
20680 482
20681 482
20681 482
20681 482
20682 482
20682 482
20683 482
20683 482
20683 482
20684 482
20684 482
20684 482
20685 482
20685 482
20685 483
20686 483
20686 483
20687 483
20687 483
20687 483
20694 485
20700 486
20706 485
20712 484
20719 482
20719 482
20719 482
20719 482
20720 482
20720 482
20721 482
20721 482
20721 482
20722 482
20722 482
20722 482
20723 482
20723 482
20723 482
20724 482
20724 482
20725 482
20725 482
20725 482
20726 482
20726 482
20726 482
20727 482
20727 483
20727 483
20728 483
20734 485
20740 485
20747 485
20753 484
20759 482
20759 482
20760 482
20760 482
20760 482
20761 482
20761 482
20762 481
20762 481
20762 481
20763 481
20763 481
20763 481
20764 481
20764 481
20764 481
20765 481
20765 482
20765 482
20766 482
20766 482
20767 482
20767 482
20767 482
20768 482
20768 482
20768 483
20775 484
20781 485
20787 485
20794 484
20800 482
20800 482
20800 482
20801 482
20801 482
20802 481
20802 481
20802 481
20803 481
20803 481
20803 481
20804 481
20804 481
20804 481
20805 481
20805 481
20805 481
20806 481
20806 481
20807 481
20807 482
20807 482
20808 482
20808 482
20808 482
20809 482
20809 482
20815 484
20822 485
20828 484
20835 483
20841 482
20841 482
20841 481
20842 481
20842 481
20842 481
20843 481
20843 481
20843 481
20844 481
20844 481
20845 481
20845 481
20845 481
20846 481
20846 481
20846 481
20847 481
20847 481
20847 481
20848 481
20848 481
20848 481
20849 482
20849 482
20850 482
20850 482
20856 484
20863 484
20869 484
20875 483
20882 481
20882 481
20882 481
20883 481
20883 481
20883 481
20884 481
20884 481
20884 480
20885 480
20885 480
20885 480
20886 480
20886 480
20887 480
20887 480
20887 480
20888 481
20888 481
20888 481
20889 481
20889 481
20889 481
20890 481
20890 481
20891 481
20891 482
20897 483
20904 484
20910 484
20916 483
20923 481
20923 481
20923 481
20924 481
20924 480
20924 480
20925 480
20925 480
20925 480
20926 480
20926 480
20926 480
20927 480
20927 480
20927 480
20928 480
20928 480
20929 480
20929 480
20929 480
20930 480
20930 481
20930 481
20931 481
20931 481
20931 481
20932 481
20938 483
20945 484
20951 483
20957 482
20964 480
20964 480
20964 480
20965 480
20965 480
20965 480
20966 480
20966 480
20966 480
20967 480
20967 480
20967 480
20968 479
20968 480
20969 480
20969 480
20969 480
20970 480
20970 480
20970 480
20971 480
20971 480
20971 480
20972 480
20972 480
20973 481
20973 481
20979 483
20986 483
20992 483
20999 482
21005 480
21005 480
21005 480
21006 480
21006 480
21006 480
21007 479
21007 479
21008 479
21008 479
21008 479
21009 479
21009 479
21009 479
21010 479
21010 479
21010 479
21011 479
21011 479
21012 479
21012 480
21012 480
21013 480
21013 480
21013 480
21014 480
21014 480
21021 482
21027 483
21033 482
21040 481
21046 479
21046 479
21047 479
21047 479
21047 479
21048 479
21048 479
21048 479
21049 479
21049 479
21050 479
21050 478
21050 478
21051 478
21051 478
21051 479
21052 479
21052 479
21052 479
21053 479
21053 479
21054 479
21054 479
21054 479
21055 479
21055 479
21055 480
21062 481
21068 482
21075 482
21081 480
21088 479
21088 479
21088 479
21088 478
21089 478
21089 478
21089 478
21090 478
21090 478
21090 478
21091 478
21091 478
21092 478
21092 478
21092 478
21093 478
21093 478
21093 478
21094 478
21094 478
21094 478
21095 478
21095 478
21096 478
21096 479
21096 479
21097 479
21103 481
21110 481
21116 481
21123 480
21129 478
21129 478
21129 478
21130 478
21130 478
21130 478
21131 477
21131 477
21132 477
21132 477
21132 477
21133 477
21133 477
21133 477
21134 477
21134 477
21134 477
21135 477
21135 477
21136 477
21136 477
21136 478
21137 478
21137 478
21137 478
21138 478
21138 478
21145 480
21151 481
21158 480
21164 479
21171 477
21171 477
21171 477
21171 477
21172 477
21172 477
21172 477
21173 477
21173 477
21173 477
21174 476
21174 476
21175 476
21175 476
21175 476
21176 476
21176 477
21176 477
21177 477
21177 477
21177 477
21178 477
21178 477
21179 477
21179 477
21179 477
21180 478
21186 479
21193 480
21199 480
21206 479
21212 477
21212 477
21213 477
21213 477
21213 477
21214 476
21214 476
21214 476
21215 476
21215 476
21215 476
21216 476
21216 476
21217 476
21217 476
21217 476
21218 476
21218 476
21218 476
21219 476
21219 476
21219 477
21220 477
21220 477
21221 477
21221 477
21221 477
21228 479
21234 480
21241 479
21247 478
21254 477
21254 477
21254 476
21255 476
21255 476
21255 476
21256 476
21256 476
21256 476
21257 476
21257 476
21257 476
21258 476
21258 476
21259 476
21259 476
21259 476
21260 476
21260 476
21260 476
21261 476
21261 476
21261 476
21262 476
21262 476
21263 477
21263 477
21269 478
21276 479
21282 479
21289 478
21296 476
