9937.7 25
9938 25
9938.4 25
9938.8 25
9939.1 25
9939.5 25
9939.8 25
9940.2 25
9940.6 25
9940.9 25
9941.3 25
9941.7 25
9942 25
9942.4 25
9942.7 25
9943.1 25
9943.5 25
9943.8 25
9944.2 25
9944.6 25
9944.9 25
9945.3 25
9945.6 25
9946 25
9946.4 25
9946.7 25
9948 25
9949.2 25
9950.5 25
9951.7 25
9952.9 25
9952.9 25
9953.3 25
9953.7 25
9954 25
9954.4 25
9954.8 25
9955.1 25
9955.5 25
9955.8 25
9956.2 25
9956.6 25
9956.9 25
9957.3 25
9957.7 25
9958 25
9958.4 25
9958.7 25
9959.1 25
9959.5 25
9959.8 25
9960.2 25
9960.6 25
9960.9 25
9961.3 25
9961.6 25
9962 25
9963.3 25
9964.5 25
9965.8 25
9967 25
9968.2 25
9968.3 25
9968.6 25
9969 25
9969.3 25
9969.7 25
9970.1 25
9970.4 25
9970.8 25
9971.2 25
9971.5 25
9971.9 25
9972.2 25
9972.6 25
9973 25
9973.3 25
9973.7 25
9974.1 25
9974.4 25
9974.8 25
9975.1 25
9975.5 25
9975.9 25
9976.2 25
9976.6 25
9977 25
9977.3 25
9978.6 25
9979.8 25
9981.1 25
9982.4 25
9983.6 25
9983.6 25
9984 25
9984.3 25
9984.7 25
9985.1 25
9985.4 25
9985.8 25
9986.2 25
9986.5 25
9986.9 25
9987.2 25
9987.6 25
9988 25
9988.3 25
9988.7 25
9989.1 25
9989.4 25
9989.8 25
9990.1 25
9990.5 25
9990.9 25
9991.2 25
9991.6 25
9992 25
9992.3 25
9992.7 25
9994 25
9995.2 25
9996.5 25
9997.8 25
9999 25
9999 25
9999.4 25
9999.8 25
10000 25
10000 25
10001 25
10001 25
10002 25
10002 25
10002 25
10003 25
10003 25
10003 25
10004 25
10004 25
10004 25
10005 25
10005 25
10006 25
10006 25
10006 25
10007 25
10007 25
10007 25
10008 25
10008 25
10009 25
10011 25
10012 25
10013 25
10014 25
10014 25
10015 25
10015 25
10016 25
10016 25
10016 25
10017 25
10017 25
10017 25
10018 25
10018 25
10018 25
10019 25
10019 25
10020 25
10020 25
10020 25
10021 25
10021 25
10021 25
10022 25
10022 25
10022 25
10023 25
10023 25
10024 25
10025 25
10026 25
10027 25
10029 25
10030 25
10030 25
10030 25
10031 25
10031 25
10031 25
10032 25
10032 25
10032 25
10033 25
10033 25
10034 25
10034 25
10034 25
10035 25
10035 25
10035 25
10036 25
10036 25
10036 25
10037 25
10037 25
10038 25
10038 25
10038 25
10039 25
10039 25
10040 25
10042 25
10043 25
10044 25
10045 25
10045 25
10046 25
10046 25
10047 25
10047 25
10047 25
10048 25
10048 25
10048 25
10049 25
10049 25
10049 25
10050 25
10050 25
10051 25
10051 25
10051 25
10052 25
10052 25
10052 25
10053 25
10053 25
10053 25
10054 25
10054 25
10054 25
10056 25
10057 25
10058 25
10060 25
10061 25
10061 25
10061 25
10062 25
10062 25
10062 25
10063 25
10063 25
10064 25
10064 25
10064 25
10065 25
10065 25
10065 25
10066 25
10066 25
10066 25
10067 25
10067 25
10067 25
10068 25
10068 25
10069 25
10069 25
10069 25
10070 25
10070 25
10071 25
10073 25
10074 25
10075 25
10077 25
10077 25
10077 25
10077 25
10078 25
10078 25
10078 25
10079 25
10079 25
10079 25
10080 25
10080 25
10081 25
10081 25
10081 25
10082 25
10082 25
10082 25
10083 25
10083 25
10083 25
10084 25
10084 25
10085 25
10085 25
10085 25
10086 25
10087 25
10088 25
10090 25
10091 25
10092 25
10092 25
10093 25
10093 25
10093 25
10094 25
10094 25
10094 25
10095 25
10095 25
10095 25
10096 25
10096 25
10097 25
10097 25
10097 25
10098 25
10098 25
10098 25
10099 25
10099 25
10099 25
10100 25
10100 25
10101 25
10101 25
10101 25
10103 25
10104 25
10105 25
10107 25
10108 25
10108 25
10108 25
10109 25
10109 25
10109 25
10110 25
10110 25
10110 25
10111 25
10111 25
10111 25
10112 25
10112 25
10113 25
10113 25
10113 25
10114 25
10114 25
10114 25
10115 25
10115 25
10115 25
10116 25
10116 25
10117 25
10117 25
10118 25
10120 25
10121 25
10122 25
10124 25
10124 25
10124 25
10124 25
10125 25
10125 25
10125 25
10126 25
10126 25
10126 25
10127 25
10127 25
10128 25
10128 25
10128 25
10129 25
10129 25
10129 25
10130 25
10130 25
10130 25
10131 25
10131 25
10132 25
10132 25
10132 25
10133 25
10134 25
10135 25
10137 25
10138 25
10139 25
10139 25
10140 25
10140 25
10140 25
10141 25
10141 25
10141 25
10142 25
10142 25
10143 25
10143 25
10143 25
10144 25
10144 25
10144 25
10145 25
10145 25
10145 25
10146 25
10146 25
10147 25
10147 25
10147 25
10148 25
10148 25
10148 25
10150 25
10151 25
10152 25
10154 25
10155 25
10155 25
10155 25
10156 25
10156 25
10156 25
10157 25
10157 25
10158 25
10158 25
10158 25
10159 25
10159 25
10159 25
10160 25
10160 25
10160 25
10161 25
10161 25
10162 25
10162 25
10162 25
10163 25
10163 25
10163 25
10164 25
10164 25
10165 25
10167 25
10168 25
10169 25
10171 25
10171 25
10171 25
10172 25
10172 25
10172 25
10173 25
10173 25
10173 25
10174 25
10174 25
10174 25
10175 25
10175 25
10176 25
10176 25
10176 25
10177 25
10177 25
10177 25
10178 25
10178 25
10178 25
10179 25
10179 25
10180 25
10180 25
10181 25
10183 25
10184 25
10185 25
10187 25
10187 25
10187 25
10187 25
10188 25
10188 25
10189 25
10189 25
10189 25
10190 25
10190 25
10190 25
10191 25
10191 25
10191 25
10192 25
10192 25
10193 25
10193 25
10193 25
10194 25
10194 25
10194 25
10195 25
10195 25
10195 25
10196 25
10197 25
10199 25
10200 25
10201 25
10203 25
10203 25
10203 25
10203 25
10204 25
10204 25
10204 25
10205 25
10205 25
10206 25
10206 25
10206 25
10207 25
10207 25
10207 25
10208 25
10208 25
10208 25
10209 25
10209 25
10210 25
10210 25
10210 25
10211 25
10211 25
10211 25
10212 25
10213 25
10214 25
10216 25
10217 25
10219 25
10219 25
10219 25
10219 25
10220 25
10220 25
10220 25
10221 25
10221 25
10221 25
10222 25
10222 25
10223 25
10223 25
10223 25
10224 25
10224 25
10224 25
10225 25
10225 25
10225 25
10226 25
10226 25
10227 25
10227 25
10227 25
10228 25
10229 25
10230 25
10232 25
10233 25
10235 25
10235 25
10235 25
10235 25
10236 25
10236 25
10236 25
10237 25
10237 25
10237 25
10238 25
10238 25
10239 25
10239 25
10239 25
10240 25
10240 25
10240 25
10241 25
10241 25
10241 25
10242 25
10242 25
10243 25
10243 25
10243 25
10244 25
10245 25
10246 25
10248 25
10249 25
10251 25
10251 25
10251 25
10251 25
10252 25
10252 25
10252 25
10253 25
10253 25
10253 25
10254 25
10254 25
10255 25
10255 25
10255 25
10256 25
10256 25
10256 25
10257 25
10257 25
10257 25
10258 25
10258 25
10259 25
10259 25
10259 25
10260 25
10261 25
10262 25
10264 25
10265 25
10267 25
10267 25
10267 25
10267 25
10268 25
10268 25
10268 25
10269 25
10269 25
10270 25
10270 25
10270 25
10271 25
10271 25
10271 25
10272 25
10272 25
10272 25
10273 25
10273 25
10274 25
10274 25
10274 25
10275 25
10275 25
10275 25
10276 25
10277 25
10278 25
10280 25
10281 25
10283 25
10283 25
10283 25
10283 25
10284 25
10284 25
10285 25
10285 25
10285 25
10286 25
10286 25
10286 25
10287 25
10287 25
10287 25
10288 25
10288 25
10289 25
10289 25
10289 25
10290 25
10290 25
10290 25
10291 25
10291 25
10291 25
10292 25
10293 25
10295 25
10296 25
10297 25
10299 25
10299 25
10299 25
10300 25
10300 25
10300 25
10301 25
10301 25
10301 25
10302 25
10302 25
10302 25
10303 25
10303 25
10304 25
10304 25
10304 25
10305 25
10305 25
10305 25
10306 25
10306 25
10306 25
10307 25
10307 25
10308 25
10308 25
10309 25
10311 25
10312 25
10314 25
10315 25
10315 25
10315 25
10316 25
10316 25
10316 25
10317 25
10317 25
10318 25
10318 25
10318 25
10319 25
10319 25
10319 25
10320 25
10320 25
10320 25
10321 25
10321 25
10322 25
10322 25
10322 25
10323 25
10323 25
10323 25
10324 25
10324 25
10326 25
10327 25
10328 25
10330 25
10331 25
10331 25
10332 25
10332 25
10332 25
10333 25
10333 25
10333 25
10334 25
10334 25
10335 25
10335 25
10335 25
10336 25
10336 25
10336 25
10337 25
10337 25
10337 25
10338 25
10338 25
10339 25
10339 25
10339 25
10340 25
10340 25
10340 25
10342 25
10343 25
10345 25
10346 25
10348 25
10348 25
10348 25
10348 25
10349 25
10349 25
10349 25
10350 25
10350 25
10350 25
10351 25
10351 25
10352 25
10352 25
10352 25
10353 25
10353 25
10353 25
10354 25
10354 25
10354 25
10355 25
10355 25
10356 25
10356 25
10356 25
10357 25
10358 25
10359 25
10361 25
10362 25
10364 25
10364 25
10364 25
10365 25
10365 25
10365 25
10366 25
10366 25
10366 25
10367 25
10367 25
10367 25
10368 25
10368 25
10369 25
10369 25
10369 25
10370 25
10370 25
10370 25
10371 25
10371 25
10371 25
10372 25
10372 25
10373 25
10373 25
10374 25
10376 25
10377 25
10379 25
10380 25
10380 25
10381 25
10381 25
10381 25
10382 25
10382 25
10382 25
10383 25
10383 25
10383 25
10384 25
10384 25
10385 25
10385 25
10385 25
10386 25
10386 25
10386 25
10387 25
10387 25
10387 25
10388 25
10388 25
10388 25
10389 25
10389 25
10391 25
10392 25
10394 25
10395 25
10397 25
10397 25
10397 25
10397 25
10398 25
10398 25
10398 25
10399 25
10399 25
10399 25
10400 25
10400 25
10401 25
10401 25
10401 25
10402 25
10402 25
10402 25
10403 25
10403 25
10403 25
10404 25
10404 25
10405 25
10405 25
10405 25
10406 25
10407 25
10409 25
10410 25
10411 25
10413 25
10413 25
10413 25
10414 25
10414 25
10414 25
10415 25
10415 25
10415 25
10416 25
10416 25
10417 25
10417 25
10417 25
10418 25
10418 25
10418 25
10419 25
10419 25
10419 25
10420 25
10420 25
10421 25
10421 25
10421 25
10422 25
10422 25
10423 25
10425 25
10426 25
10428 25
10429 25
10429 25
10430 25
10430 25
10431 25
10431 25
10431 25
10432 25
10432 25
10432 25
10433 25
10433 25
10433 25
10434 25
10434 25
10434 25
10435 25
10435 25
10436 25
10436 25
10436 25
10437 25
10437 25
10437 25
10438 25
10438 25
10438 25
10440 25
10441 25
10443 25
10444 25
10446 25
10446 25
10446 25
10447 25
10447 25
10447 25
10448 25
10448 25
10448 25
10449 25
10449 25
10450 25
10450 25
10450 25
10451 25
10451 25
10451 25
10452 25
10452 25
10452 25
10453 25
10453 25
10454 25
10454 25
10454 25
10455 25
10455 25
10456 25
10458 25
10459 25
10461 25
10462 25
10462 25
10463 25
10463 25
10464 25
10464 25
10464 25
10465 25
10465 25
10465 25
10466 25
10466 25
10466 25
10467 25
10467 25
10468 25
10468 25
10468 25
10469 25
10469 25
10469 25
10470 25
10470 25
10470 25
10471 25
10471 25
10472 25
10473 25
10475 25
10476 25
10478 25
10479 25
10479 25
10479 25
10480 25
10480 25
10481 25
10481 25
10481 25
10482 25
10482 25
10482 25
10483 25
10483 25
10483 25
10484 25
10484 25
10485 25
10485 25
10485 25
10486 25
10486 25
10486 25
10487 25
10487 25
10487 25
10488 25
10488 25
10490 25
10491 25
10493 25
10494 25
10496 25
10496 25
10496 25
10496 25
10497 25
10497 25
10498 25
10498 25
10498 25
10499 25
10499 25
10499 25
10500 25
10500 25
10500 25
10501 25
10501 25
10502 25
10502 25
10502 25
10503 25
10503 25
10503 25
10504 25
10504 25
10504 25
10505 25
10506 25
10508 25
10509 25
10511 25
10512 25
10512 25
10513 25
10513 25
10513 25
10514 25
10514 25
10515 25
10515 25
10515 25
10516 25
10516 25
10516 25
10517 25
10517 25
10517 25
10518 25
10518 25
10519 25
10519 25
10519 25
10520 25
10520 25
10520 25
10521 25
10521 25
10521 25
10523 25
10524 25
10526 25
10528 25
10529 25
10529 25
10529 25
10530 25
10530 25
10531 25
10531 25
10531 25
10532 25
10532 25
10532 25
10533 25
10533 25
10533 25
10534 25
10534 25
10535 25
10535 25
10535 25
10536 25
10536 25
10536 25
10537 25
10537 25
10537 25
10538 25
10538 25
10540 25
10541 25
10543 25
10544 25
10546 25
10546 25
10546 25
10547 25
10547 25
10547 25
10548 25
10548 25
10548 25
10549 25
10549 25
10549 25
10550 25
10550 25
10551 25
10551 25
10551 25
10552 25
10552 25
10552 25
10553 25
10553 25
10553 25
10554 25
10554 25
10555 25
10555 25
10556 25
10558 25
10560 25
10561 25
10563 25
10563 25
10563 25
10563 25
10564 25
10564 25
10564 25
10565 25
10565 25
10566 25
10566 25
10566 25
10567 25
10567 25
10567 25
10568 25
10568 25
10568 25
10569 25
10569 25
10570 25
10570 25
10570 25
10571 25
10571 25
10571 25
10572 25
10573 25
10575 25
10576 25
10578 25
10579 25
10580 25
10580 25
10580 25
10581 25
10581 25
10581 25
10582 25
10582 25
10582 25
10583 25
10583 25
10583 25
10584 25
10584 25
10585 25
10585 25
10585 25
10586 25
10586 25
10586 25
10587 25
10587 25
10587 25
10588 25
10588 25
10589 25
10590 25
10592 25
10593 25
10595 25
10596 25
10596 25
10597 25
10597 25
10597 25
10598 25
10598 25
10599 25
10599 25
10599 25
10600 25
10600 25
10600 25
10601 25
10601 25
10601 25
10602 25
10602 25
10603 25
10603 25
10603 25
10604 25
10604 25
10604 25
10605 25
10605 25
10605 25
10607 25
10609 25
10610 25
10612 25
10613 25
10613 25
10614 25
10614 25
10614 25
10615 25
10615 25
10616 25
10616 25
10616 25
10617 25
10617 25
10617 25
10618 25
10618 25
10618 25
10619 25
10619 25
10619 25
10620 25
10620 25
10621 25
10621 25
10621 25
10622 25
10622 25
10622 25
10624 25
10626 25
10627 25
10629 25
10630 25
10630 25
10631 25
10631 25
10631 25
10632 25
10632 25
10632 25
10633 25
10633 25
10634 25
10634 25
10634 25
10635 25
10635 25
10635 25
10636 25
10636 25
10636 25
10637 25
10637 25
10638 25
10638 25
10638 25
10639 25
10639 25
10639 25
10641 25
10643 25
10644 25
10646 25
10647 25
10647 25
10648 25
10648 25
10648 25
10649 25
10649 25
10649 25
10650 25
10650 25
10651 25
10651 25
10651 25
10652 25
10652 25
10652 25
10653 25
10653 25
10653 25
10654 25
10654 25
10655 25
10655 25
10655 25
10656 25
10656 25
10656 25
10658 25
10660 25
10661 25
10663 25
10664 25
10664 25
10665 25
10665 25
10665 25
10666 25
10666 25
10667 25
10667 25
10667 25
10668 25
10668 25
10668 25
10669 25
10669 25
10669 25
10670 25
10670 25
10671 25
10671 25
10671 25
10672 25
10672 25
10672 25
10673 25
10673 25
10673 25
10675 25
10677 25
10678 25
10680 25
10681 25
10681 25
10682 25
10682 25
10683 25
10683 25
10683 25
10684 25
10684 25
10684 25
10685 25
10685 25
10685 25
10686 25
10686 25
10687 25
10687 25
10687 25
10688 25
10688 25
10688 25
10689 25
10689 25
10689 25
10690 25
10690 25
10691 25
10692 25
10694 25
10695 25
10697 25
10699 25
10699 25
10699 25
10699 25
10700 25
10700 25
10700 25
10701 25
10701 25
10702 25
10702 25
10702 25
10703 25
10703 25
10703 25
10704 25
10704 25
10704 25
10705 25
10705 25
10706 25
10706 25
10706 25
10707 25
10707 25
10707 25
10708 25
10709 25
10711 25
10713 25
10714 25
10716 25
10716 25
10716 25
10717 25
10717 25
10717 25
10718 25
10718 25
10718 25
10719 25
10719 25
10719 25
10720 25
10720 25
10721 25
10721 25
10721 25
10722 25
10722 25
10722 25
10723 25
10723 25
10723 25
10724 25
10724 25
10725 25
10725 25
10727 25
10728 25
10730 25
10731 25
10733 25
10733 1.4e+03
10733 697
10734 652
10734 633
10735 622
10735 615
10735 609
10736 605
10736 602
10736 600
10737 598
10737 596
10737 595
10738 594
10738 593
10738 592
10739 591
10739 590
10740 590
10740 589
10740 588
10741 587
10741 586
10741 585
10742 585
10742 584
10744 583
10745 580
10747 576
10749 572
10750 569
10750 1.4e+03
10751 700
10751 654
10751 635
10752 624
10752 617
10752 611
10753 607
10753 603
10754 601
10754 599
10754 597
10755 596
10755 595
10755 594
10756 593
10756 592
10756 591
10757 590
10757 590
10758 589
10758 588
10758 587
10759 586
10759 586
10759 585
10761 584
10763 581
10764 577
10766 574
10768 570
10768 1.32e+03
10768 700
10768 655
10769 636
10769 625
10769 617
10770 612
10770 608
10771 604
10771 602
10771 600
10772 598
10772 597
10772 596
10773 595
10773 594
10773 593
10774 592
10774 591
10775 591
10775 590
10775 589
10776 588
10776 587
10776 586
10777 586
10778 585
10780 582
10782 578
10783 574
10785 571
10785 1.24e+03
10785 700
10786 656
10786 637
10786 626
10787 618
10787 613
10788 608
10788 605
10788 603
10789 601
10789 599
10789 598
10790 596
10790 595
10790 594
10791 594
10791 593
10792 592
10792 591
10792 590
10793 590
10793 589
10793 588
10794 587
10794 586
10796 585
10797 582
10799 579
10801 575
10802 571
10802 1.17e+03
10803 700
10803 656
10803 637
10804 626
10804 618
10805 613
10805 609
10805 606
10806 603
10806 601
10806 599
10807 598
10807 597
10807 596
10808 595
10808 594
10809 593
10809 592
10809 592
10810 591
10810 590
10810 589
10811 588
10811 587
10811 587
10813 586
10815 582
10816 579
10818 575
10820 572
10820 1.1e+03
10820 700
10821 656
10821 637
10821 626
10822 619
10822 613
10822 609
10823 606
10823 603
10823 601
10824 600
10824 598
10825 597
10825 596
10825 595
10826 594
10826 593
10826 593
10827 592
10827 591
10827 590
10828 589
10828 588
10829 588
10829 587
10831 586
10832 583
10834 579
10836 576
10837 572
10837 1.03e+03
10838 699
10838 656
10838 637
10839 626
10839 619
10840 613
10840 609
10840 606
10841 603
10841 601
10841 600
10842 598
10842 597
10842 596
10843 595
10843 594
10844 593
10844 593
10844 592
10845 591
10845 590
10845 589
10846 589
10846 588
10846 587
10848 586
10850 583
10852 579
10853 576
10855 572
10855 961
10855 699
10856 656
10856 637
10856 626
10857 619
10857 613
10857 609
10858 606
10858 603
10859 601
10859 600
10859 598
10860 597
10860 596
10860 595
10861 594
10861 593
10861 593
10862 592
10862 591
10863 590
10863 589
10863 589
10864 588
10864 587
10866 586
10867 583
10869 579
10871 576
10872 572
10873 900
10873 698
10873 656
10874 637
10874 626
10874 619
10875 613
10875 609
10875 606
10876 603
10876 601
10876 600
10877 598
10877 597
10878 596
10878 595
10878 594
10879 593
10879 592
10879 592
10880 591
10880 590
10880 589
10881 588
10881 588
10882 587
10883 586
10885 583
10887 579
10888 576
10890 572
10890 846
10890 697
10891 655
10891 637
10892 626
10892 619
10892 613
10893 609
10893 606
10893 603
10894 601
10894 599
10894 598
10895 597
10895 596
10896 595
10896 594
10896 593
10897 592
10897 591
10897 591
10898 590
10898 589
10898 588
10899 587
10899 586
10901 585
10903 582
10904 578
10906 575
10908 571
10908 801
10908 695
10909 654
10909 636
10909 625
10910 618
10910 612
10910 608
10911 605
10911 602
10911 600
10912 598
10912 597
10912 596
10913 595
10913 594
10914 593
10914 592
10914 591
10915 590
10915 590
10915 589
10916 588
10916 587
10916 586
10917 585
10919 584
10920 581
10922 577
10924 574
10925 570
10926 760
10926 694
10926 653
10927 635
10927 624
10927 617
10928 612
10928 607
10928 604
10929 601
10929 599
10929 598
10930 596
10930 595
10931 594
10931 593
10931 592
10932 591
10932 591
10932 590
10933 589
10933 588
10933 587
10934 587
10934 586
10935 585
10936 584
10938 581
10940 577
10942 573
10943 570
10943 724
10944 692
10944 653
10944 635
10945 624
10945 617
10945 611
10946 607
10946 604
10947 601
10947 599
10947 597
10948 596
10948 595
10948 594
10949 593
10949 592
10949 591
10950 590
10950 590
10951 589
10951 588
10951 587
10952 587
10952 586
10952 585
10954 584
10956 581
10958 577
10959 573
10961 570
10961 692
10961 691
10962 652
10962 635
10963 624
10963 617
10963 611
10964 607
10964 604
10964 601
10965 599
10965 598
10965 596
10966 595
10966 594
10967 593
10967 592
10967 591
10968 591
10968 590
10968 589
10969 588
10969 588
10969 587
10970 586
10970 585
10972 584
10974 581
10975 577
10977 574
10979 570
10979 665
10979 690
10980 653
10980 635
10980 624
10981 617
10981 612
10981 607
10982 604
10982 602
10983 600
10983 598
10983 597
10984 595
10984 594
10984 593
10985 593
10985 592
10985 591
10986 590
10986 590
10987 589
10987 588
10987 587
10988 586
10988 586
10990 584
10992 581
10993 578
10995 574
10997 571
10997 644
10997 690
10998 653
10998 635
10998 625
10999 618
10999 612
10999 608
11000 605
11000 602
11000 600
11001 598
11001 597
11002 596
11002 595
11002 594
11003 593
11003 592
11003 592
11004 591
11004 590
11004 589
11005 589
11005 588
11006 587
11006 586
11008 585
11009 582
11011 578
11013 575
11015 571
11015 627
11015 689
11016 653
11016 636
11016 625
11017 618
11017 613
11017 608
11018 605
11018 603
11018 601
11019 599
11019 598
11020 596
11020 595
11020 594
11021 594
11021 593
11021 592
11022 591
11022 591
11022 590
11023 589
11023 588
11024 588
11024 587
11026 585
11027 582
11029 579
11031 575
11033 572
11033 614
11033 688
11034 653
11034 636
11034 626
11035 619
11035 613
11035 609
11036 606
11036 603
11036 601
11037 599
11037 598
11038 597
11038 596
11038 595
11039 594
11039 593
11039 593
11040 592
11040 591
11040 590
11041 590
11041 589
11041 588
11042 587
11044 586
11045 583
11047 580
11049 576
11051 572
11051 604
11051 687
11052 653
11052 636
11052 626
11053 619
11053 614
11053 609
11054 606
11054 604
11054 602
11055 600
11055 598
11056 597
11056 596
11056 595
11057 595
11057 594
11057 593
11058 592
11058 592
11058 591
11059 590
11059 589
11060 588
11060 588
11062 586
11063 583
11065 580
11067 576
11069 573
11069 596
11069 686
11070 653
11070 637
11070 626
11071 619
11071 614
11071 610
11072 607
11072 604
11073 602
11073 600
11073 599
11074 598
11074 597
11074 596
11075 595
11075 594
11075 593
11076 593
11076 592
11077 591
11077 590
11077 590
11078 589
11078 588
11080 587
11082 584
11083 580
11085 577
11087 573
11087 590
11087 684
11088 653
11088 637
11089 627
11089 619
11089 614
11090 610
11090 607
11090 604
11091 602
11091 600
11091 599
11092 598
11092 597
11092 596
11093 595
11093 594
11094 593
11094 593
11094 592
11095 591
11095 590
11095 590
11096 589
11096 588
11098 587
11100 584
11102 580
11103 577
11105 573
11105 586
11106 683
11106 653
11106 637
11107 627
11107 620
11107 614
11108 610
11108 607
11108 604
11109 602
11109 601
11110 599
11110 598
11110 597
11111 596
11111 595
11111 594
11112 594
11112 593
11112 592
11113 591
11113 591
11114 590
11114 589
11114 588
11116 587
11118 584
11120 580
11122 577
11123 573
11123 582
11124 681
11124 652
11125 637
11125 627
11125 620
11126 614
11126 610
11126 607
11127 604
11127 602
11127 601
11128 599
11128 598
11129 597
11129 596
11129 595
11130 594
11130 594
11130 593
11131 592
11131 591
11131 591
11132 590
11132 589
11133 588
11134 587
11136 584
11138 581
11140 577
11142 573
11142 580
11142 680
11142 652
11143 636
11143 627
11144 620
11144 614
11144 610
11145 607
11145 604
11145 602
11146 601
11146 599
11146 598
11147 597
11147 596
11147 595
11148 594
11148 593
11149 593
11149 592
11149 591
11150 591
11150 590
11150 589
11151 588
11153 587
11154 584
11156 580
11158 577
11160 573
11160 578
11160 678
11161 651
11161 636
11161 626
11162 619
11162 614
11163 610
11163 607
11163 604
11164 602
11164 601
11164 599
11165 598
11165 597
11165 596
11166 595
11166 594
11167 593
11167 593
11167 592
11168 591
11168 590
11168 590
11169 589
11169 588
11171 586
11173 583
11175 580
11176 576
11178 572
11178 576
11179 675
11179 650
11179 635
11180 625
11180 619
11181 613
11181 609
11181 606
11182 603
11182 601
11182 600
11183 598
11183 597
11183 596
11184 595
11184 594
11185 593
11185 592
11185 592
11186 591
11186 590
11186 590
11187 589
11187 588
11187 587
11189 586
11191 583
11193 579
11195 575
11197 572
11197 574
11197 673
11197 649
11198 634
11198 625
11199 618
11199 613
11199 609
11200 605
11200 603
11200 601
11201 599
11201 598
11201 596
11202 595
11202 594
11203 594
11203 593
11203 592
11204 591
11204 591
11204 590
11205 589
11205 588
11205 588
11206 587
11208 585
11210 582
11211 579
11213 575
11215 571
11215 573
11216 671
11216 648
11216 634
11217 624
11217 617
11217 612
11218 608
11218 605
11218 603
11219 601
11219 599
11220 597
11220 596
11220 595
11221 594
11221 593
11221 593
11222 592
11222 591
11222 590
11223 590
11223 589
11224 588
11224 588
11224 587
11226 585
11228 582
11230 579
11232 575
11234 572
11234 573
11234 669
11234 647
11235 634
11235 624
11236 618
11236 612
11236 608
11237 605
11237 603
11237 601
11238 599
11238 598
11238 596
11239 595
11239 594
11240 594
11240 593
11240 592
11241 591
11241 591
11241 590
11242 589
11242 589
11242 588
11243 587
11245 585
11247 583
11248 579
11250 576
11252 572
11252 573
11253 668
11253 647
11253 634
11254 624
11254 618
11254 613
11255 609
11255 606
11256 603
11256 601
11256 599
11257 598
11257 597
11257 596
11258 595
11258 594
11258 593
11259 592
11259 592
11259 591
11260 590
11260 590
11261 589
11261 588
11261 588
11263 586
11265 583
11267 580
11269 576
11271 573
11271 573
11271 667
11272 647
11272 634
11272 625
11273 618
11273 613
11273 609
11274 606
11274 604
11274 601
11275 600
11275 598
11276 597
11276 596
11276 595
11277 594
11277 594
11277 593
11278 592
11278 592
11278 591
11279 590
11279 590
11280 589
11280 588
11282 587
11284 584
11286 580
11288 577
11289 573
11289 574
11290 665
11290 647
11291 634
11291 625
11291 619
11292 614
11292 610
11292 607
11293 604
11293 602
11293 600
11294 599
11294 598
11295 597
11295 596
11295 595
11296 594
11296 594
11296 593
11297 592
11297 591
11297 591
11298 590
11298 589
11299 589
11300 587
11302 584
11304 581
11306 577
11308 574
11308 574
11309 664
11309 647
11309 634
11310 625
11310 619
11310 614
11311 610
11311 607
11311 605
11312 603
11312 601
11312 599
11313 598
11313 597
11314 596
11314 596
11314 595
11315 594
11315 593
11315 593
11316 592
11316 591
11316 591
11317 590
11317 589
11319 588
11321 585
11323 581
11325 578
11327 574
11327 574
11327 662
11328 647
11328 634
11328 626
11329 619
11329 614
11329 611
11330 608
11330 605
11331 603
11331 601
11331 600
11332 599
11332 598
11332 597
11333 596
11333 595
11333 594
11334 594
11334 593
11334 592
11335 592
11335 591
11336 590
11336 590
11338 588
11340 585
11342 582
11344 578
11346 575
11346 575
11346 661
11346 646
11347 634
11347 626
11347 620
11348 615
11348 611
11349 608
11349 605
11349 603
11350 602
11350 600
11350 599
11351 598
11351 597
11351 596
11352 595
11352 595
11353 594
11353 593
11353 593
11354 592
11354 591
11354 591
11355 590
11357 588
11359 585
11361 582
11363 578
11365 575
11365 575
11365 659
11365 646
11366 634
11366 626
11366 620
11367 615
11367 611
11367 608
11368 605
11368 603
11369 602
11369 600
11369 599
11370 598
11370 597
11370 596
11371 596
11371 595
11371 594
11372 593
11372 593
11373 592
11373 591
11373 591
11374 590
11376 588
11378 585
11379 582
11381 579
11383 575
11383 575
11384 658
11384 645
11384 634
11385 626
11385 620
11386 615
11386 611
11386 608
11387 606
11387 604
11387 602
11388 600
11388 599
11388 598
11389 597
11389 596
11390 596
11390 595
11390 594
11391 594
11391 593
11391 592
11392 592
11392 591
11392 590
11394 588
11396 586
11398 582
11400 579
11402 575
11402 575
11403 656
11403 645
11403 634
11404 626
11404 620
11404 615
11405 611
11405 608
11406 606
11406 604
11406 602
11407 600
11407 599
11407 598
11408 597
11408 596
11408 596
11409 595
11409 594
11410 594
11410 593
11410 592
11411 592
11411 591
11411 590
11413 588
11415 586
11417 582
11419 579
11421 575
11421 575
11422 654
11422 644
11422 633
11423 626
11423 620
11423 615
11424 611
11424 608
11425 606
11425 604
11425 602
11426 600
11426 599
11426 598
11427 597
11427 596
11427 596
11428 595
11428 594
11429 593
11429 593
11429 592
11430 591
11430 591
11430 590
11432 588
11434 585
11436 582
11438 579
11440 575
11440 575
11441 652
11441 643
11441 633
11442 625
11442 619
11442 615
11443 611
11443 608
11444 605
11444 603
11444 602
11445 600
11445 599
11445 598
11446 597
11446 596
11446 595
11447 595
11447 594
11448 593
11448 593
11448 592
11449 591
11449 591
11449 590
11451 588
11453 585
11455 582
11457 579
11459 575
11459 575
11460 650
11460 642
11460 632
11461 625
11461 619
11462 615
11462 611
11462 608
11463 605
11463 603
11463 602
11464 600
11464 599
11464 598
11465 597
11465 596
11466 595
11466 595
11466 594
11467 593
11467 592
11467 592
11468 591
11468 590
11468 590
11470 588
11472 585
11474 581
11476 578
11479 574
11479 574
11479 648
11479 641
11480 631
11480 624
11480 618
11481 613
11481 610
11481 607
11482 604
11482 602
11483 601
11483 599
11483 598
11484 597
11484 596
11484 595
11485 594
11485 594
11485 593
11486 592
11486 591
11486 591
11487 590
11487 589
11488 589
11490 587
11492 584
11494 580
11496 577
11498 573
11498 573
11498 645
11498 639
11499 630
11499 623
11500 617
11500 613
11500 609
11501 606
11501 604
11501 602
11502 600
11502 598
11502 597
11503 596
11503 595
11503 594
11504 594
11504 593
11505 592
11505 592
11505 591
11506 590
11506 590
11506 589
11507 588
11509 586
11511 583
11513 580
11515 576
11517 573
11517 573
11517 643
11518 638
11518 629
11518 622
11519 617
11519 612
11519 609
11520 606
11520 603
11521 601
11521 599
11521 598
11522 597
11522 596
11522 595
11523 594
11523 593
11523 593
11524 592
11524 591
11525 591
11525 590
11525 589
11526 589
11526 588
11528 586
11530 583
11532 580
11534 576
11536 573
11536 573
11537 641
11537 637
11537 629
11538 622
11538 617
11538 612
11539 609
11539 606
11539 603
11540 601
11540 600
11541 598
11541 597
11541 596
11542 595
11542 594
11542 593
11543 593
11543 592
11543 591
11544 591
11544 590
11545 590
11545 589
11545 588
11547 586
11549 584
11551 580
11553 577
11555 573
11555 573
11556 640
11556 637
11557 629
11557 622
11557 617
11558 612
11558 609
11558 606
11559 603
11559 601
11559 600
11560 598
11560 597
11561 596
11561 595
11561 595
11562 594
11562 593
11562 592
11563 592
11563 591
11563 591
11564 590
11564 589
11565 589
11567 587
11569 584
11571 581
11573 577
11575 574
11575 574
11575 638
11576 636
11576 629
11576 622
11577 617
11577 613
11577 609
11578 606
11578 604
11578 602
11579 600
11579 599
11580 598
11580 597
11580 596
11581 595
11581 594
11581 593
11582 593
11582 592
11582 592
11583 591
11583 590
11584 590
11584 589
11586 587
11588 584
11590 581
11592 578
11594 574
11594 574
11595 637
11595 636
11595 629
11596 622
11596 617
11596 613
11597 609
11597 607
11598 604
11598 602
11598 601
11599 599
11599 598
11599 597
11600 596
11600 595
11600 595
11601 594
11601 593
11601 593
11602 592
11602 591
11603 591
11603 590
11603 590
11605 588
11607 585
11610 582
11612 578
11614 575
11614 575
11614 636
11614 636
11615 629
11615 623
11616 617
11616 613
11616 610
11617 607
11617 605
11617 603
11618 601
11618 600
11618 598
11619 597
11619 597
11620 596
11620 595
11620 594
11621 594
11621 593
11621 592
11622 592
11622 591
11622 591
11623 590
11625 588
11627 585
11629 582
11631 579
11633 575
11633 575
11634 635
11634 635
11634 629
11635 623
11635 618
11635 613
11636 610
11636 607
11636 605
11637 603
11637 601
11638 600
11638 599
11638 598
11639 597
11639 596
11639 595
11640 595
11640 594
11640 593
11641 593
11641 592
11642 591
11642 591
11642 590
11644 588
11646 586
11649 582
11651 579
11653 575
11653 575
11653 633
11653 635
11654 629
11654 623
11655 618
11655 614
11655 610
11656 607
11656 605
11656 603
11657 602
11657 600
11657 599
11658 598
11658 597
11659 596
11659 595
11659 595
11660 594
11660 594
11660 593
11661 592
11661 592
11661 591
11662 590
11664 589
11666 586
11668 583
11670 579
11672 576
11672 576
11673 633
11673 635
11673 629
11674 623
11674 618
11675 614
11675 611
11675 608
11676 606
11676 604
11676 602
11677 601
11677 599
11677 598
11678 598
11678 597
11679 596
11679 595
11679 595
11680 594
11680 593
11680 593
11681 592
11681 591
11681 591
11684 589
11686 586
11688 583
11690 580
11692 576
11692 576
11692 631
11693 634
11693 629
11693 623
11694 618
11694 614
11695 611
11695 608
11695 606
11696 604
11696 602
11696 601
11697 600
11697 599
11697 598
11698 597
11698 596
11699 595
11699 595
11699 594
11700 594
11700 593
11700 592
11701 592
11701 591
11703 589
11705 586
11707 583
11710 580
11712 576
11712 576
11712 630
11712 633
11713 628
11713 623
11714 618
11714 614
11714 611
11715 608
11715 606
11715 604
11716 602
11716 601
11716 600
11717 599
11717 598
11718 597
11718 596
11718 596
11719 595
11719 594
11719 594
11720 593
11720 592
11720 592
11721 591
11723 589
11725 586
11727 583
11729 580
11731 576
11731 576
11732 628
11732 633
11733 628
11733 623
11733 618
11734 614
11734 611
11734 608
11735 606
11735 604
11735 602
11736 601
11736 600
11737 599
11737 598
11737 597
11738 596
11738 595
11738 595
11739 594
11739 594
11739 593
11740 592
11740 592
11741 591
11743 589
11745 586
11747 583
11749 580
11751 576
11751 576
11752 627
11752 632
11752 627
11753 622
11753 618
11753 614
11754 611
11754 608
11755 606
11755 604
11755 602
11756 601
11756 600
11756 599
11757 598
11757 597
11757 596
11758 595
11758 595
11759 594
11759 593
11759 593
11760 592
11760 591
11760 591
11763 589
11765 586
11767 583
11769 580
11771 576
11771 576
11772 625
11772 631
11772 626
11773 622
11773 617
11773 614
11774 610
11774 608
11774 605
11775 604
11775 602
11775 601
11776 599
11776 598
11777 597
11777 597
11777 596
11778 595
11778 594
11778 594
11779 593
11779 592
11779 592
11780 591
11780 591
11782 588
11785 586
11787 582
11789 579
11791 575
11791 575
11791 623
11792 629
11792 625
11793 620
11793 616
11793 612
11794 609
11794 607
11794 604
11795 602
11795 601
11795 599
11796 598
11796 597
11797 596
11797 595
11797 595
11798 594
11798 593
11798 593
11799 592
11799 591
11799 591
11800 590
11800 589
11802 587
11804 585
11807 581
11809 578
11811 574
11811 574
11811 620
11812 627
11812 624
11812 619
11813 615
11813 611
11814 608
11814 606
11814 603
11815 602
11815 600
11815 599
11816 597
11816 596
11816 595
11817 595
11817 594
11818 593
11818 593
11818 592
11819 591
11819 591
11819 590
11820 589
11820 589
11822 587
11824 584
11827 581
11829 577
11831 574
11831 574
11831 618
11832 626
11832 623
11832 618
11833 614
11833 611
11834 608
11834 605
11834 603
11835 601
11835 599
11835 598
11836 597
11836 596
11836 595
11837 594
11837 593
11838 593
11838 592
11838 592
11839 591
11839 590
11839 590
11840 589
11840 589
11842 586
11844 584
11847 581
11849 577
11851 574
11851 574
11851 617
11852 625
11852 622
11853 618
11853 614
11853 610
11854 607
11854 605
11854 603
11855 601
11855 599
11855 598
11856 597
11856 596
11857 595
11857 594
11857 593
11858 593
11858 592
11858 592
11859 591
11859 590
11859 590
11860 589
11860 589
11862 587
11865 584
11867 581
11869 577
11871 574
11871 574
11872 616
11872 624
11872 622
11873 618
11873 614
11873 610
11874 607
11874 605
11874 603
11875 601
11875 599
11876 598
11876 597
11876 596
11877 595
11877 594
11877 594
11878 593
11878 592
11878 592
11879 591
11879 590
11880 590
11880 589
11880 589
11882 587
11885 584
11887 581
11889 577
11891 574
11891 574
11892 615
11892 624
11892 621
11893 618
11893 614
11894 610
11894 608
11894 605
11895 603
11895 601
11895 600
11896 598
11896 597
11896 596
11897 595
11897 594
11897 594
11898 593
11898 592
11899 592
11899 591
11899 591
11900 590
11900 590
11900 589
11903 587
11905 584
11907 581
11909 578
11912 574
11912 574
11912 614
11912 623
11913 621
11913 618
11913 614
11914 611
11914 608
11914 605
11915 603
11915 601
11916 600
11916 599
11916 597
11917 596
11917 596
11917 595
11918 594
11918 593
11918 593
11919 592
11919 592
11920 591
11920 590
11920 590
11921 589
11923 587
11925 585
11927 581
11930 578
11932 575
11932 575
11932 613
11933 623
11933 621
11933 617
11934 614
11934 611
11934 608
11935 605
11935 603
11935 602
11936 600
11936 599
11937 598
11937 597
11937 596
11938 595
11938 594
11938 594
11939 593
11939 592
11939 592
11940 591
11940 591
11941 590
11941 590
11943 588
11945 585
11948 582
11950 578
11952 575
11952 575
11952 612
11953 622
11953 621
11954 617
11954 614
11954 611
11955 608
11955 606
11955 604
11956 602
11956 600
11956 599
11957 598
11957 597
11958 596
11958 595
11958 594
11959 594
11959 593
11959 593
11960 592
11960 591
11960 591
11961 590
11961 590
11963 588
11966 585
11968 582
11970 579
11972 575
11972 575
11973 611
11973 621
11974 620
11974 617
11974 614
11975 611
11975 608
11975 606
11976 604
11976 602
11976 600
11977 599
11977 598
11978 597
11978 596
11978 595
11979 595
11979 594
11979 593
11980 593
11980 592
11980 592
11981 591
11981 590
11982 590
11984 588
11986 585
11988 582
11991 579
11993 575
11993 575
11993 610
11994 621
11994 620
11994 617
11995 614
11995 611
11995 608
11996 606
11996 604
11997 602
11997 600
11997 599
11998 598
11998 597
11998 596
11999 595
11999 595
11999 594
12000 593
12000 593
12001 592
12001 592
12001 591
12002 590
12002 590
12004 588
12007 585
12009 582
12011 579
12013 575
12013 575
12014 609
12014 620
12014 620
12015 617
12015 614
12016 611
12016 608
12016 606
12017 604
12017 602
12017 600
12018 599
12018 598
12018 597
12019 596
12019 595
12020 595
12020 594
12020 593
12021 593
12021 592
12021 592
12022 591
12022 590
12022 590
12025 588
12027 585
12029 582
12032 579
12034 575
12034 575
12034 608
12035 619
12035 619
12035 616
12036 613
12036 610
12036 608
12037 605
12037 603
12038 602
12038 600
12038 599
12039 598
12039 597
12039 596
12040 595
12040 594
12040 594
12041 593
12041 593
12041 592
12042 591
12042 591
12043 590
12043 590
12045 588
12048 585
12050 582
12052 579
12054 575
12054 575
12055 607
12055 618
12056 618
12056 616
12056 613
12057 610
12057 608
12057 605
12058 603
12058 602
12058 600
12059 599
12059 598
12060 597
12060 596
12060 595
12061 594
12061 594
12061 593
12062 592
12062 592
12062 591
12063 591
12063 590
12064 590
12066 587
12068 585
12070 582
12073 578
12075 575
12075 575
12075 605
12076 617
12076 618
12077 615
12077 612
12077 610
12078 607
12078 605
12078 603
12079 601
12079 600
12079 599
12080 597
12080 596
12081 596
12081 595
12081 594
12082 593
12082 593
12082 592
12083 592
12083 591
12083 590
12084 590
12084 589
12086 587
12089 584
12091 581
12093 578
12096 574
12096 574
12096 604
12096 616
12097 616
12097 614
12098 611
12098 609
12098 606
12099 604
12099 602
12099 600
12100 599
12100 598
12100 596
12101 595
12101 595
12102 594
12102 593
12102 592
12103 592
12103 591
12103 591
12104 590
12104 590
12104 589
12105 588
12107 586
12109 583
12112 580
12114 577
12116 573
12116 573
12117 602
12117 614
12118 615
12118 613
12118 610
12119 608
12119 605
12119 603
12120 601
12120 600
12120 598
12121 597
12121 596
12122 595
12122 594
12122 593
12123 592
12123 592
12123 591
12124 591
12124 590
12124 589
12125 589
12125 588
12126 588
12128 586
12130 583
12133 580
12135 576
12137 573
12137 573
12138 601
12138 613
12138 614
12139 612
12139 610
12139 607
12140 605
12140 603
12141 601
12141 599
12141 598
12142 596
12142 595
12142 594
12143 594
12143 593
12143 592
12144 591
12144 591
12145 590
12145 590
12145 589
12146 589
12146 588
12146 588
12149 585
12151 583
12153 580
12156 576
12158 573
12158 573
12158 600
12159 612
12159 614
12160 612
12160 609
12160 607
12161 605
12161 602
12161 601
12162 599
12162 598
12162 596
12163 595
12163 594
12164 593
12164 593
12164 592
12165 591
12165 591
12165 590
12166 590
12166 589
12166 589
12167 588
12167 588
12169 585
12172 583
12174 580
12177 576
12179 573
12179 573
12179 599
12180 611
12180 613
12180 612
12181 609
12181 607
12181 605
12182 602
12182 601
12183 599
12183 598
12183 596
12184 595
12184 594
12184 594
12185 593
12185 592
12185 591
12186 591
12186 590
12187 590
12187 589
12187 589
12188 588
12188 588
12190 586
12193 583
12195 580
12197 577
12200 573
12200 573
12200 598
12201 611
12201 613
12201 611
12202 609
12202 607
12202 605
12203 603
12203 601
12203 599
12204 598
12204 597
12205 596
12205 595
12205 594
12206 593
12206 592
12206 592
12207 591
12207 591
12207 590
12208 590
12208 589
12209 589
12209 588
12211 586
12214 583
12216 580
12218 577
12221 573
12221 573
12221 598
12222 611
12222 613
12222 611
12223 609
12223 607
12223 605
12224 603
12224 601
12224 599
12225 598
12225 597
12226 596
12226 595
12226 594
12227 593
12227 593
12227 592
12228 591
12228 591
12228 590
12229 590
12229 589
12230 589
12230 588
12232 586
12235 584
12237 581
12240 577
12242 574
12242 574
12242 597
12243 610
12243 612
12243 611
12244 609
12244 607
12244 605
12245 603
12245 601
12246 600
12246 598
12246 597
12247 596
12247 595
12247 594
12248 593
12248 593
12248 592
12249 592
12249 591
12250 591
12250 590
12250 590
12251 589
12251 588
12253 586
12256 584
12258 581
12261 577
12263 574
12263 574
12263 597
12264 610
12264 612
12264 611
12265 609
12265 607
12266 605
12266 603
12266 601
12267 600
12267 598
12267 597
12268 596
12268 595
12268 594
12269 594
12269 593
12270 592
12270 592
12270 591
12271 591
12271 590
12271 590
12272 589
12272 589
12274 587
12277 584
12279 581
12282 578
12284 574
12284 574
12285 596
12285 609
12285 612
12286 611
12286 609
12286 607
12287 605
12287 603
12287 601
12288 600
12288 598
12289 597
12289 596
12289 595
12290 594
12290 594
12290 593
12291 592
12291 592
12291 591
12292 591
12292 590
12293 590
12293 589
12293 589
12296 587
12298 584
12300 581
12303 578
12305 574
12305 574
12306 595
12306 608
12306 611
12307 611
12307 609
12308 607
12308 605
12308 603
12309 601
12309 600
12309 599
12310 597
12310 596
12310 595
12311 595
12311 594
12312 593
12312 593
12312 592
12313 591
12313 591
12313 590
12314 590
12314 589
12314 589
12317 587
12319 584
12322 581
12324 578
12327 574
12327 574
12327 595
12327 608
12328 611
12328 610
12328 609
12329 607
12329 605
12329 603
12330 601
12330 600
12331 598
12331 597
12331 596
12332 595
12332 595
12332 594
12333 593
12333 593
12333 592
12334 591
12334 591
12335 590
12335 590
12335 589
12336 589
12338 587
12341 584
12343 581
12345 578
12348 574
12348 574
12348 594
12349 607
12349 610
12349 610
12350 608
12350 607
12350 605
12351 603
12351 601
12352 600
12352 598
12352 597
12353 596
12353 595
12353 594
12354 594
12354 593
12354 592
12355 592
12355 591
12355 591
12356 590
12356 590
12357 589
12357 589
12359 587
12362 584
12364 581
12367 578
12369 574
12369 574
12370 593
12370 606
12370 610
12371 610
12371 608
12371 606
12372 604
12372 603
12373 601
12373 599
12373 598
12374 597
12374 596
12374 595
12375 594
12375 593
12375 593
12376 592
12376 592
12377 591
12377 591
12377 590
12378 590
12378 589
12378 589
12381 586
12383 584
12386 581
12388 577
12391 574
12391 574
12391 592
12391 605
12392 609
12392 609
12392 608
12393 606
12393 604
12394 602
12394 601
12394 599
12395 598
12395 597
12395 596
12396 595
12396 594
12396 593
12397 593
12397 592
12398 591
12398 591
12398 590
12399 590
12399 589
12399 589
12400 588
12402 586
12405 584
12407 581
12410 577
12412 574
12412 574
12413 591
12413 604
12413 608
12414 608
12414 607
12414 605
12415 604
12415 602
12415 600
12416 599
12416 597
12417 596
12417 595
12417 594
12418 594
12418 593
12418 592
12419 592
12419 591
12419 590
12420 590
12420 589
12421 589
12421 588
12421 588
12424 586
12426 583
12429 580
12431 576
12434 573
12434 573
12434 590
12434 603
12435 607
12435 607
12436 606
12436 604
12436 602
12437 601
12437 599
12437 598
12438 596
12438 595
12438 594
12439 593
12439 593
12439 592
12440 591
12440 591
12441 590
12441 589
12441 589
12442 588
12442 588
12442 587
12443 587
12445 585
12448 582
12450 579
12453 576
12455 572
12455 572
12456 588
12456 602
12456 606
12457 606
12457 605
12457 603
12458 602
12458 600
12459 598
12459 597
12459 596
12460 595
12460 594
12460 593
12461 592
12461 591
12461 591
12462 590
12462 589
12462 589
12463 588
12463 588
12464 587
12464 587
12464 586
12467 584
12469 582
12472 578
12474 575
12477 572
12477 572
12477 587
12478 600
12478 605
12478 605
12479 604
12479 603
12479 601
12480 599
12480 598
12480 596
12481 595
12481 594
12482 593
12482 592
12482 591
12483 591
12483 590
12483 590
12484 589
12484 588
12484 588
12485 587
12485 587
12486 586
12486 586
12488 584
12491 581
12493 578
12496 575
12499 571
12499 571
12499 587
12499 600
12500 604
12500 605
12500 604
12501 602
12501 601
12501 599
12502 598
12502 596
12503 595
12503 594
12503 593
12504 592
12504 591
12504 591
12505 590
12505 589
12505 589
12506 588
12506 588
12507 587
12507 587
12507 586
12508 586
12510 584
12513 581
12515 578
12518 575
12520 571
12520 571
12521 586
12521 599
12521 604
12522 604
12522 603
12522 602
12523 600
12523 599
12524 597
12524 596
12524 595
12525 594
12525 593
12525 592
12526 591
12526 591
12526 590
12527 589
12527 589
12528 588
12528 588
12528 587
12529 587
12529 586
12529 586
12532 584
12534 581
12537 578
12540 575
12542 572
12542 572
12542 586
12543 599
12543 603
12544 604
12544 603
12544 602
12545 600
12545 599
12545 597
12546 596
12546 595
12546 594
12547 593
12547 592
12548 591
12548 591
12548 590
12549 589
12549 589
12549 588
12550 588
12550 588
12550 587
12551 587
12551 586
12554 584
12556 582
12559 579
12561 575
12564 572
12564 572
12564 585
12565 598
12565 603
12565 604
12566 603
12566 602
12566 600
12567 599
12567 598
12568 596
12568 595
12568 594
12569 593
12569 592
12569 592
12570 591
12570 590
12570 590
12571 589
12571 589
12572 588
12572 588
12572 587
12573 587
12573 586
12576 584
12578 582
12581 579
12583 576
12586 572
12586 572
12586 585
12587 598
12587 603
12587 604
12588 603
12588 602
12588 601
12589 599
12589 598
12589 596
12590 595
12590 594
12591 593
12591 592
12591 592
12592 591
12592 590
12592 590
12593 589
12593 589
12593 588
12594 588
12594 587
12595 587
12595 587
12597 584
12600 582
12603 579
12605 576
12608 572
12608 572
12608 585
12608 597
12609 602
12609 604
12610 603
12610 602
12610 601
12611 599
12611 598
12611 597
12612 595
12612 594
12612 593
12613 593
12613 592
12614 591
12614 591
12614 590
12615 589
12615 589
12615 588
12616 588
12616 588
12616 587
12617 587
12619 585
12622 582
12625 579
12627 576
12630 573
12630 573
12630 585
12630 597
12631 602
12631 603
12632 603
12632 602
12632 601
12633 599
12633 598
12633 597
12634 595
12634 594
12634 593
12635 593
12635 592
12636 591
12636 591
12636 590
12637 590
12637 589
12637 589
12638 588
12638 588
12638 587
12639 587
12641 585
12644 582
12647 579
12649 576
12652 573
12652 573
12652 584
12653 597
12653 602
12653 603
12654 603
12654 602
12654 600
12655 599
12655 598
12655 597
12656 595
12656 594
12657 593
12657 593
12657 592
12658 591
12658 591
12658 590
12659 590
12659 589
12659 589
12660 588
12660 588
12661 587
12661 587
12663 585
12666 582
12669 579
12671 576
12674 573
12674 573
12674 584
12675 596
12675 601
12675 603
12676 602
12676 601
12676 600
12677 599
12677 598
12678 596
12678 595
12678 594
12679 593
12679 593
12679 592
12680 591
12680 591
12680 590
12681 589
12681 589
12682 588
12682 588
12682 588
12683 587
12683 587
12686 585
12688 582
12691 579
12693 576
12696 573
12696 573
12696 583
12697 595
12697 601
12698 602
12698 602
12698 601
12699 600
12699 599
12699 597
12700 596
12700 595
12700 594
12701 593
12701 592
12702 592
12702 591
12702 590
12703 590
12703 589
12703 589
12704 588
12704 588
12704 587
12705 587
12705 587
12708 584
12710 582
12713 579
12716 576
12718 572
12718 572
12719 583
12719 595
12719 601
12720 602
12720 602
12721 601
12721 600
12721 599
12722 598
12722 596
12722 595
12723 594
12723 593
12723 593
12724 592
12724 591
12725 591
12725 590
12725 590
12726 589
12726 589
12726 588
12727 588
12727 587
12727 587
12730 585
12733 582
12735 579
12738 576
12741 573
12741 573
12741 583
12741 595
12742 600
12742 602
12742 602
12743 601
12743 600
12744 599
12744 598
12744 597
12745 596
12745 595
12745 594
12746 593
12746 592
12746 591
12747 591
12747 590
12748 590
12748 589
12748 589
12749 588
12749 588
12749 587
12750 587
12752 585
12755 582
12758 579
12760 576
12763 573
12763 573
12763 582
12764 594
12764 600
12764 602
12765 602
12765 601
12766 600
12766 599
12766 598
12767 596
12767 595
12767 594
12768 594
12768 593
12768 592
12769 591
12769 591
12770 590
12770 590
12770 589
12771 589
12771 588
12771 588
12772 587
12772 587
12775 585
12777 582
12780 579
12783 576
12785 572
12785 572
12786 581
12786 593
12786 599
12787 601
12787 601
12788 600
12788 599
12788 598
12789 597
12789 596
12789 595
12790 594
12790 593
12790 592
12791 591
12791 590
12792 590
12792 589
12792 589
12793 588
12793 588
12793 587
12794 587
12794 586
12794 586
12797 584
12800 581
12802 578
12805 575
12808 571
12808 571
12808 580
12809 592
12809 597
12809 599
12810 600
12810 599
12810 598
12811 597
12811 596
12811 595
12812 594
12812 593
12813 592
12813 591
12813 590
12814 590
12814 589
12814 589
12815 588
12815 588
12815 587
12816 587
12816 586
12817 586
12817 585
12820 583
12822 581
12825 578
12828 574
12830 571
12830 571
12831 579
12831 591
12831 596
12832 599
12832 599
12833 598
12833 597
12833 596
12834 595
12834 594
12834 593
12835 592
12835 591
12835 591
12836 590
12836 589
12836 589
12837 588
12837 588
12838 587
12838 587
12838 586
12839 586
12839 585
12839 585
12842 583
12845 580
12847 577
12850 574
12853 571
12853 571
12853 579
12854 590
12854 596
12854 598
12855 598
12855 598
12855 597
12856 596
12856 595
12857 594
12857 593
12857 592
12858 591
12858 590
12858 590
12859 589
12859 588
12859 588
12860 587
12860 587
12861 586
12861 586
12861 585
12862 585
12862 585
12865 582
12867 580
12870 577
12873 574
12876 571
12876 571
12876 578
12876 589
12877 595
12877 597
12877 598
12878 597
12878 597
12878 596
12879 594
12879 593
12880 592
12880 592
12880 591
12881 590
12881 589
12881 589
12882 588
12882 588
12882 587
12883 587
12883 586
12884 586
12884 585
12884 585
12885 585
12887 582
12890 580
12893 577
12895 574
12898 571
12898 571
12899 578
12899 589
12899 595
12900 597
12900 598
12900 597
12901 596
12901 595
12901 594
12902 593
12902 592
12903 592
12903 591
12903 590
12904 589
12904 589
12904 588
12905 588
12905 587
12905 587
12906 586
12906 586
12907 585
12907 585
12907 585
12910 582
12913 580
12915 577
12918 574
12921 571
12921 571
12921 578
12922 588
12922 594
12922 597
12923 597
12923 597
12923 596
12924 595
12924 594
12925 593
12925 592
12925 591
12926 591
12926 590
12926 589
12927 589
12927 588
12927 588
12928 587
12928 587
12929 586
12929 586
12929 585
12930 585
12930 585
12933 582
12935 580
12938 577
12941 574
12944 571
12944 571
12944 578
12944 588
12945 594
12945 596
12946 597
12946 597
12946 596
12947 595
12947 594
12947 593
12948 592
12948 592
12948 591
12949 590
12949 589
12950 589
12950 588
12950 588
12951 587
12951 587
12951 586
12952 586
12952 585
12952 585
12953 585
12956 583
12958 580
12961 577
12964 574
12967 571
12967 571
12967 577
12967 588
12968 594
12968 596
12968 597
12969 597
12969 596
12969 595
12970 594
12970 593
12971 592
12971 591
12971 591
12972 590
12972 589
12972 589
12973 588
12973 588
12973 587
12974 587
12974 586
12975 586
12975 585
12975 585
12976 585
12978 583
12981 580
12984 577
12987 574
12989 571
12989 571
12990 577
12990 587
12991 593
12991 596
12991 597
12992 596
12992 596
12992 595
12993 594
12993 593
12993 592
12994 591
12994 591
12995 590
12995 589
12995 589
12996 588
12996 588
12996 587
12997 587
12997 586
12997 586
12998 585
12998 585
12998 585
13001 582
13004 580
13007 577
13010 574
13012 571
13012 571
13013 577
13013 587
13013 593
13014 595
13014 596
13015 596
13015 596
13015 595
13016 594
13016 593
13016 592
13017 591
13017 590
13017 590
13018 589
13018 588
13019 588
13019 587
13019 587
13020 587
13020 586
13020 586
13021 585
13021 585
13021 584
13024 582
13027 580
13030 577
13033 574
13035 571
13035 571
13036 577
13036 586
13037 592
13037 595
13037 596
13038 596
13038 595
13038 594
13039 594
13039 593
13039 592
13040 591
13040 590
13040 590
13041 589
13041 588
13042 588
13042 587
13042 587
13043 586
13043 586
13043 585
13044 585
13044 585
13044 584
13047 582
13050 580
13053 577
13056 574
13058 570
13058 570
13059 576
13059 586
13060 592
13060 594
13060 595
13061 595
13061 595
13061 594
13062 593
13062 592
13062 592
13063 591
13063 590
13064 589
13064 589
13064 588
13065 588
13065 587
13065 587
13066 586
13066 586
13066 585
13067 585
13067 584
13068 584
13070 582
13073 580
13076 577
13079 574
13082 570
13082 570
13082 576
13082 585
13083 591
13083 594
13083 595
13084 595
13084 594
13085 594
13085 593
13085 592
13086 591
13086 590
13086 590
13087 589
13087 588
13087 588
13088 587
13088 587
13088 586
13089 586
13089 585
13090 585
13090 585
13090 584
13091 584
13093 582
13096 579
13099 576
13102 573
13105 570
13105 570
13105 575
13106 584
13106 590
13106 593
13107 594
13107 594
13107 594
13108 593
13108 593
13108 592
13109 591
13109 590
13110 589
13110 589
13110 588
13111 587
13111 587
13111 586
13112 586
13112 585
13112 585
13113 585
13113 584
13114 584
13114 583
13117 581
13120 579
13122 576
13125 573
13128 569
13128 569
13128 574
13129 583
13129 589
13129 592
13130 593
13130 593
13131 593
13131 592
13131 592
13132 591
13132 590
13132 589
13133 588
13133 588
13133 587
13134 587
13134 586
13135 585
13135 585
13135 585
13136 584
13136 584
13136 583
13137 583
13137 583
13140 580
13143 578
13146 575
13148 572
13151 568
13151 568
13152 573
13152 582
13152 588
13153 591
13153 592
13153 592
13154 592
13154 591
13155 591
13155 590
13155 589
13156 588
13156 588
13156 587
13157 586
13157 586
13157 585
13158 585
13158 584
13159 584
13159 583
13159 583
13160 583
13160 582
13160 582
13163 580
13166 577
13169 574
13172 571
13175 568
13175 568
13175 572
13175 581
13176 587
13176 590
13176 591
13177 592
13177 591
13178 591
13178 590
13178 589
13179 588
13179 588
13179 587
13180 586
13180 586
13180 585
13181 585
13181 584
13182 584
13182 583
13182 583
13183 582
13183 582
13183 582
13184 581
13187 579
13189 577
13192 574
13195 571
13198 568
13198 568
13198 572
13199 580
13199 586
13200 589
13200 591
13200 591
13201 591
13201 590
13201 590
13202 589
13202 588
13202 587
13203 587
13203 586
13204 585
13204 585
13204 584
13205 584
13205 583
13205 583
13206 583
13206 582
13206 582
13207 581
13207 581
13210 579
13213 577
13216 574
13219 571
13222 567
13222 567
13222 572
13222 580
13223 586
13223 589
13223 590
13224 591
13224 591
13224 590
13225 589
13225 589
13226 588
13226 587
13226 586
13227 586
13227 585
13227 585
13228 584
13228 584
13228 583
13229 583
13229 582
13230 582
13230 582
13230 581
13231 581
13234 579
13236 577
13239 574
13242 571
13245 567
13245 567
13245 571
13246 580
13246 586
13247 589
13247 590
13247 591
13248 590
13248 590
13248 589
13249 589
13249 588
13249 587
13250 586
13250 586
13251 585
13251 585
13251 584
13252 584
13252 583
13252 583
13253 583
13253 582
13253 582
13254 581
13254 581
13257 579
13260 577
13263 574
13266 571
13269 568
13269 568
13269 571
13269 579
13270 585
13270 589
13271 590
13271 590
13271 590
13272 590
13272 589
13272 589
13273 588
13273 587
13273 586
13274 586
13274 585
13275 585
13275 584
13275 584
13276 583
13276 583
13276 583
13277 582
13277 582
13277 582
13278 581
13281 579
13284 577
13287 574
13289 571
13292 568
13292 568
13293 571
13293 579
13293 585
13294 588
13294 590
13295 590
13295 590
13295 590
13296 589
13296 589
13296 588
13297 587
13297 587
13297 586
13298 585
13298 585
13299 584
13299 584
13299 583
13300 583
13300 583
13300 582
13301 582
13301 582
13301 581
13304 579
13307 577
13310 574
13313 571
13316 568
13316 568
13316 571
13317 579
13317 585
13318 588
13318 590
13318 590
13319 590
13319 590
13319 589
13320 589
13320 588
13320 587
13321 587
13321 586
13322 585
13322 585
13322 584
13323 584
13323 584
13323 583
13324 583
13324 582
13324 582
13325 582
13325 581
13328 579
13331 577
13334 574
13337 571
13340 568
13340 568
13340 571
13341 579
13341 585
13341 588
13342 590
13342 590
13342 590
13343 590
13343 589
13343 588
13344 588
13344 587
13345 587
13345 586
13345 585
13346 585
13346 584
13346 584
13347 584
13347 583
13347 583
13348 582
13348 582
13349 582
13349 581
13352 579
13355 577
13358 574
13361 571
13364 568
13364 568
13364 571
13364 578
13365 584
13365 588
13365 589
13366 590
13366 590
13367 589
13367 589
13367 588
13368 588
13368 587
13368 586
13369 586
13369 585
13369 585
13370 584
13370 584
13371 583
13371 583
13371 583
13372 582
13372 582
13372 582
13373 581
13376 579
13379 577
13382 574
13385 571
13388 568
13388 568
13388 571
13388 578
13389 584
13389 587
13389 589
13390 590
13390 590
13390 589
13391 589
13391 588
13392 587
13392 587
13392 586
13393 586
13393 585
13393 585
13394 584
13394 584
13394 583
13395 583
13395 583
13396 582
13396 582
13396 581
13397 581
13400 579
13403 577
13406 574
13409 571
13412 568
13412 568
13412 571
13412 578
13413 583
13413 587
13413 588
13414 589
13414 589
13414 589
13415 588
13415 588
13416 587
13416 587
13416 586
13417 585
13417 585
13417 584
13418 584
13418 583
13418 583
13419 583
13419 582
13420 582
13420 582
13420 581
13421 581
13424 579
13427 577
13430 574
13433 571
13436 568
13436 568
13436 570
13436 577
13437 583
13437 586
13437 588
13438 589
13438 589
13438 589
13439 588
13439 588
13440 587
13440 586
13440 586
13441 585
13441 585
13441 584
13442 584
13442 583
13442 583
13443 582
13443 582
13444 582
13444 581
13444 581
13445 581
13448 579
13451 576
13454 574
13457 571
13460 567
13460 567
13460 570
13460 577
13461 582
13461 586
13461 588
13462 588
13462 588
13462 588
13463 588
13463 587
13464 587
13464 586
13464 585
13465 585
13465 584
13465 584
13466 583
13466 583
13466 583
13467 582
13467 582
13468 581
13468 581
13468 581
13469 580
13472 578
13475 576
13478 573
13481 570
13484 567
13484 567
13484 570
13484 576
13485 582
13485 585
13485 587
13486 588
13486 588
13487 588
13487 587
13487 587
13488 586
13488 586
13488 585
13489 585
13489 584
13489 584
13490 583
13490 583
13491 582
13491 582
13491 581
13492 581
13492 581
13492 580
13493 580
13496 578
13499 576
13502 573
13505 570
13508 566
13508 566
13508 569
13509 575
13509 581
13509 584
13510 586
13510 587
13510 587
13511 587
13511 586
13511 586
13512 585
13512 585
13513 584
13513 584
13513 583
13514 583
13514 582
13514 582
13515 581
13515 581
13515 581
13516 580
13516 580
13517 579
13517 579
13520 577
13523 575
13526 572
13529 569
13532 565
13532 565
13532 568
13533 574
13533 579
13534 583
13534 585
13534 586
13535 586
13535 586
13535 585
13536 585
13536 584
13536 584
13537 583
13537 583
13538 582
13538 582
13538 581
13539 581
13539 580
13539 580
13540 580
13540 579
13540 579
13541 579
13541 578
13544 576
13547 574
13550 571
13553 568
13556 565
13556 565
13557 567
13557 573
13557 579
13558 582
13558 584
13559 585
13559 585
13559 585
13560 585
13560 584
13560 584
13561 583
13561 583
13561 582
13562 582
13562 581
13563 581
13563 580
13563 580
13564 580
13564 579
13564 579
13565 578
13565 578
13565 578
13569 576
13572 574
13575 571
13578 568
13581 565
13581 565
13581 567
13581 573
13582 578
13582 582
13583 583
13583 584
13583 585
13584 585
13584 584
13584 584
13585 583
13585 583
13585 582
13586 582
13586 581
13587 581
13587 580
13587 580
13588 580
13588 579
13588 579
13589 579
13589 578
13589 578
13590 578
13593 576
13596 573
13599 571
13602 568
13605 564
13605 564
13606 566
13606 572
13606 578
13607 581
13607 583
13607 584
13608 584
13608 584
13608 584
13609 584
13609 583
13610 583
13610 582
13610 582
13611 581
13611 581
13611 580
13612 580
13612 579
13612 579
13613 579
13613 578
13614 578
13614 578
13614 577
13617 575
13620 573
13623 571
13627 568
13630 564
13630 564
13630 566
13630 572
13631 577
13631 581
13631 583
13632 584
13632 584
13633 584
13633 584
13633 583
13634 583
13634 583
13634 582
13635 582
13635 581
13635 581
13636 580
13636 580
13637 579
13637 579
13637 579
13638 578
13638 578
13638 578
13639 577
13642 576
13645 573
13648 571
13651 568
13654 565
13654 565
13655 566
13655 572
13655 577
13656 581
13656 583
13656 584
13657 584
13657 584
13657 584
13658 583
13658 583
13659 583
13659 582
13659 582
13660 581
13660 581
13660 580
13661 580
13661 579
13661 579
13662 579
13662 578
13663 578
13663 578
13663 578
13666 576
13669 573
13673 571
13676 568
13679 565
13679 565
13679 566
13679 572
13680 577
13680 580
13681 583
13681 584
13681 584
13682 584
13682 584
13682 583
13683 583
13683 583
13683 582
13684 582
13684 581
13685 581
13685 580
13685 580
13686 580
13686 579
13686 579
13687 579
13687 578
13687 578
13688 578
13691 576
13694 574
13697 571
13700 568
13703 565
13703 565
13704 566
13704 572
13704 577
13705 580
13705 582
13706 583
13706 584
13706 584
13707 584
13707 583
13707 583
13708 582
13708 582
13708 582
13709 581
13709 581
13710 580
13710 580
13710 580
13711 579
13711 579
13711 579
13712 578
13712 578
13712 578
13716 576
13719 574
13722 571
13725 568
13728 565
13728 565
13728 566
13729 571
13729 576
13730 580
13730 582
13730 583
13731 584
13731 584
13731 584
13732 583
13732 583
13732 582
13733 582
13733 581
13734 581
13734 581
13734 580
13735 580
13735 579
13735 579
13736 579
13736 578
13736 578
13737 578
13737 578
13740 576
13743 573
13747 571
13750 568
13753 565
13753 565
13753 566
13754 571
13754 576
13754 580
13755 582
13755 583
13755 583
13756 584
13756 583
13757 583
13757 583
13757 582
13758 582
13758 581
13758 581
13759 580
13759 580
13759 580
13760 579
13760 579
13761 579
13761 578
13761 578
13762 578
13762 577
13765 575
13768 573
13771 571
13775 568
13778 565
13778 565
13778 566
13778 571
13779 576
13779 579
13780 581
13780 583
13780 583
13781 583
13781 583
13781 583
13782 582
13782 582
13782 582
13783 581
13783 581
13784 580
13784 580
13784 580
13785 579
13785 579
13785 579
13786 578
13786 578
13786 578
13787 577
13790 575
13793 573
13796 571
13799 568
13803 564
13803 564
13803 566
13803 570
13804 575
13804 579
13804 581
13805 582
13805 583
13806 583
13806 583
13806 583
13807 582
13807 582
13807 581
13808 581
13808 580
13808 580
13809 580
13809 579
13810 579
13810 579
13810 578
13811 578
13811 578
13811 577
13812 577
13815 575
13818 573
13821 570
13824 567
13828 564
13828 564
13828 566
13828 570
13829 575
13829 578
13829 581
13830 582
13830 582
13831 583
13831 582
13831 582
13832 582
13832 581
13832 581
13833 581
13833 580
13833 580
13834 579
13834 579
13835 579
13835 578
13835 578
13836 578
13836 577
13836 577
13837 577
13840 575
13843 573
13846 570
13849 567
13853 564
13853 564
13853 565
13853 570
13854 574
13854 578
13854 580
13855 581
13855 582
13856 582
13856 582
13856 582
13857 582
13857 581
13857 581
13858 580
13858 580
13858 579
13859 579
13859 579
13860 578
13860 578
13860 578
13861 577
13861 577
13861 577
13862 577
13865 574
13868 572
13871 570
13875 567
13878 563
13878 563
13878 564
13878 569
13879 573
13879 577
13880 579
13880 580
13880 581
13881 581
13881 581
13881 581
13882 581
13882 580
13882 580
13883 579
13883 579
13884 579
13884 578
13884 578
13885 578
13885 577
13885 577
13886 577
13886 576
13886 576
13887 576
13890 574
13893 571
13896 569
13900 566
13903 562
13903 562
13903 564
13904 568
13904 572
13904 576
13905 578
13905 580
13905 580
13906 581
13906 581
13906 580
13907 580
13907 580
13908 579
13908 579
13908 578
13909 578
13909 578
13909 577
13910 577
13910 577
13910 576
13911 576
13911 576
13912 575
13912 575
13915 573
13918 571
13922 568
13925 565
13928 562
13928 562
13928 563
13929 567
13929 571
13930 575
13930 577
13930 578
13931 579
13931 579
13931 579
13932 579
13932 579
13932 579
13933 578
13933 578
13934 577
13934 577
13934 577
13935 576
13935 576
13935 576
13936 575
13936 575
13936 575
13937 574
13937 574
13940 572
13944 570
13947 567
13950 564
13953 561
13953 561
13954 562
13954 566
13954 570
13955 574
13955 576
13956 578
13956 578
13956 579
13957 579
13957 579
13957 578
13958 578
13958 577
13958 577
13959 577
13959 576
13960 576
13960 576
13960 575
13961 575
13961 575
13961 574
13962 574
13962 574
13962 574
13966 572
13969 569
13972 567
13975 564
13979 561
13979 561
13979 562
13979 565
13980 570
13980 573
13980 576
13981 577
13981 578
13982 578
13982 578
13982 578
13983 578
13983 578
13983 577
13984 577
13984 576
13984 576
13985 576
13985 575
13986 575
13986 575
13986 574
13987 574
13987 574
13987 574
13988 573
13991 571
13994 569
13998 567
14001 564
14004 561
14004 561
14004 562
14005 565
14005 570
14006 573
14006 575
14006 577
14007 578
14007 578
14007 578
14008 578
14008 578
14008 577
14009 577
14009 577
14010 576
14010 576
14010 576
14011 575
14011 575
14011 575
14012 574
14012 574
14012 574
14013 574
14013 573
14016 571
14020 569
14023 567
14026 564
14029 561
14030 561
14030 562
14030 565
14031 570
14031 573
14031 575
14032 577
14032 578
14032 578
14033 578
14033 578
14033 578
14034 577
14034 577
14035 577
14035 576
14035 576
14036 576
14036 575
14036 575
14037 575
14037 574
14037 574
14038 574
14038 574
14039 573
14042 571
14045 569
14048 567
14052 564
14055 561
14055 561
14055 562
14056 565
14056 569
14056 573
14057 575
14057 577
14058 578
14058 578
14058 578
14059 578
14059 578
14059 577
14060 577
14060 577
14060 576
14061 576
14061 576
14062 575
14062 575
14062 575
14063 574
14063 574
14063 574
14064 574
14064 573
14067 572
14071 570
14074 567
14077 564
14081 561
14081 561
14081 562
14081 565
14082 569
14082 573
14082 575
14083 577
14083 577
14083 578
14084 578
14084 578
14085 578
14085 577
14085 577
14086 577
14086 576
14086 576
14087 576
14087 575
14087 575
14088 575
14088 575
14089 574
14089 574
14089 574
14090 573
14093 572
14096 570
14100 567
14103 564
14106 561
14106 561
14107 562
14107 565
14107 569
14108 573
14108 575
14108 576
14109 577
14109 578
14110 578
14110 578
14110 578
14111 577
14111 577
14111 577
14112 576
14112 576
14112 576
14113 575
14113 575
14113 575
14114 574
14114 574
14115 574
14115 574
14115 573
14119 572
14122 570
14125 567
14129 564
14132 561
14132 561
14132 562
14133 565
14133 569
14133 572
14134 575
14134 576
14134 577
14135 578
14135 578
14136 578
14136 577
14136 577
14137 577
14137 577
14137 576
14138 576
14138 576
14138 575
14139 575
14139 575
14140 574
14140 574
14140 574
14141 574
14141 573
14144 572
14148 570
14151 567
14154 564
14158 561
14158 561
14158 562
14158 565
14159 569
14159 572
14159 574
14160 576
14160 577
14161 577
14161 577
14161 577
14162 577
14162 577
14162 577
14163 576
14163 576
14163 576
14164 575
14164 575
14165 575
14165 575
14165 574
14166 574
14166 574
14166 574
14167 573
14170 571
14173 569
14177 567
14180 564
14183 561
14184 561
14184 562
14184 565
14185 568
14185 572
14185 574
14186 576
14186 577
14186 577
14187 577
14187 577
14187 577
14188 577
14188 577
14189 576
14189 576
14189 576
14190 575
14190 575
14190 575
14191 574
14191 574
14191 574
14192 574
14192 573
14193 573
14196 571
14199 569
14203 567
14206 564
14209 561
14209 561
14210 561
14210 564
14210 568
14211 571
14211 574
14212 575
14212 576
14212 577
14213 577
14213 577
14213 577
14214 577
14214 576
14214 576
14215 576
14215 575
14216 575
14216 575
14216 574
14217 574
14217 574
14217 574
14218 573
14218 573
14218 573
14222 571
14225 569
14229 567
14232 564
14235 561
14235 561
14236 561
14236 564
14236 568
14237 571
14237 573
14237 575
14238 576
14238 576
14239 577
14239 577
14239 576
14240 576
14240 576
14240 576
14241 575
14241 575
14241 575
14242 574
14242 574
14243 574
14243 574
14243 573
14244 573
14244 573
14244 573
14248 571
14251 569
14255 566
14258 563
14261 560
14261 560
14262 561
14262 564
14262 567
14263 571
14263 573
14263 574
14264 575
14264 576
14265 576
14265 576
14265 576
14266 576
14266 576
14266 575
14267 575
14267 575
14267 574
14268 574
14268 574
14269 574
14269 573
14269 573
14270 573
14270 573
14270 572
14274 570
14277 568
14281 566
14284 563
14287 560
14287 560
14288 560
14288 563
14288 566
14289 570
14289 572
14290 573
14290 574
14290 575
14291 575
14291 575
14291 575
14292 575
14292 575
14292 574
14293 574
14293 574
14294 573
14294 573
14294 573
14295 573
14295 572
14295 572
14296 572
14296 572
14296 571
14300 569
14303 567
14307 565
14310 562
14314 559
14314 559
14314 559
14314 562
14315 565
14315 568
14315 571
14316 572
14316 573
14316 574
14317 574
14317 574
14318 574
14318 574
14318 574
14319 573
14319 573
14319 573
14320 573
14320 572
14320 572
14321 572
14321 572
14322 571
14322 571
14322 571
14323 571
14326 569
14329 567
14333 564
14336 561
14340 558
14340 558
14340 558
14340 561
14341 564
14341 568
14342 570
14342 572
14342 573
14343 573
14343 573
14343 574
14344 573
14344 573
14344 573
14345 573
14345 573
14346 572
14346 572
14346 572
14347 571
14347 571
14347 571
14348 571
14348 570
14348 570
14349 570
14352 568
14356 566
14359 564
14363 561
14366 558
14366 558
14366 558
14367 560
14367 564
14367 567
14368 569
14368 571
14369 572
14369 573
14369 573
14370 573
14370 573
14370 573
14371 573
14371 572
14371 572
14372 572
14372 572
14373 571
14373 571
14373 571
14374 571
14374 570
14374 570
14375 570
14375 570
14379 568
14382 566
14385 563
14389 561
14392 557
14392 557
14393 558
14393 560
14393 564
14394 567
14394 569
14395 571
14395 572
14395 572
14396 573
14396 573
14396 573
14397 573
14397 572
14397 572
14398 572
14398 572
14399 571
14399 571
14399 571
14400 571
14400 570
14400 570
14401 570
14401 570
14401 569
14405 568
14408 566
14412 563
14415 561
14419 557
14419 557
14419 558
14419 560
14420 563
14420 566
14421 569
14421 570
14421 571
14422 572
14422 572
14422 573
14423 572
14423 572
14423 572
14424 572
14424 572
14425 571
14425 571
14425 571
14426 571
14426 570
14426 570
14427 570
14427 570
14427 570
14428 569
14431 568
14435 566
14438 563
14442 561
14445 557
14445 557
14446 558
14446 560
14446 563
14447 566
14447 569
14447 570
14448 571
14448 572
14448 572
14449 572
14449 572
14450 572
14450 572
14450 572
14451 572
14451 571
14451 571
14452 571
14452 571
14452 570
14453 570
14453 570
14454 570
14454 569
14454 569
14458 568
14461 566
14465 563
14468 561
14472 557
14472 557
14472 558
14472 560
14473 563
14473 566
14474 568
14474 570
14474 571
14475 572
14475 572
14475 572
14476 572
14476 572
14476 572
14477 572
14477 572
14478 571
14478 571
14478 571
14479 571
14479 570
14479 570
14480 570
14480 570
14480 569
14481 569
14484 568
14488 566
14491 563
14495 560
14498 557
14498 557
14499 558
14499 560
14499 563
14500 566
14500 568
14500 570
14501 571
14501 572
14502 572
14502 572
14502 572
14503 572
14503 572
14503 572
14504 571
14504 571
14504 571
14505 571
14505 570
14506 570
14506 570
14506 570
14507 570
14507 569
14507 569
14511 567
14514 566
14518 563
14521 560
14525 557
14525 557
14525 557
14526 559
14526 563
14526 566
14527 568
14527 570
14528 571
14528 571
14528 572
14529 572
14529 572
14529 572
14530 572
14530 571
14530 571
14531 571
14531 571
14532 571
14532 570
14532 570
14533 570
14533 570
14533 569
14534 569
14534 569
14538 567
14541 565
14545 563
14548 560
14552 557
14552 557
14552 557
14552 559
14553 562
14553 565
14554 568
14554 569
14554 570
14555 571
14555 571
14555 572
14556 572
14556 572
14556 571
14557 571
14557 571
14557 571
14558 571
14558 570
14559 570
14559 570
14559 570
14560 569
14560 569
14560 569
14561 569
14564 567
14568 565
14571 563
14575 560
14578 557
14578 557
14579 557
14579 559
14580 562
14580 565
14580 567
14581 569
14581 570
14581 571
14582 571
14582 571
14582 571
14583 571
14583 571
14584 571
14584 571
14584 571
14585 570
14585 570
14585 570
14586 570
14586 570
14586 569
14587 569
14587 569
14587 569
14591 567
14595 565
14598 563
14602 560
14605 557
14605 557
14606 557
14606 559
14606 562
14607 565
14607 567
14607 569
14608 570
14608 570
14609 571
14609 571
14609 571
14610 571
14610 571
14610 571
14611 571
14611 570
14611 570
14612 570
14612 570
14613 569
14613 569
14613 569
14614 569
14614 569
14614 568
14618 567
14621 565
14625 563
14629 560
14632 557
14632 557
14633 557
14633 559
14633 561
14634 564
14634 567
14634 568
14635 569
14635 570
14635 571
14636 571
14636 571
14636 571
14637 571
14637 570
14638 570
14638 570
14638 570
14639 570
14639 569
14639 569
14640 569
14640 569
14640 569
14641 568
14641 568
14645 566
14648 565
14652 562
14656 559
14659 556
14659 556
14659 556
14660 558
14660 561
14661 564
14661 566
14661 568
14662 569
14662 570
14662 570
14663 570
14663 570
14663 570
14664 570
14664 570
14665 570
14665 570
14665 569
14666 569
14666 569
14666 569
14667 569
14667 568
14667 568
14668 568
14668 568
14672 566
14675 564
14679 562
14683 559
14686 556
14686 556
14687 556
14687 558
14687 560
14688 563
14688 566
14688 567
14689 568
14689 569
14689 570
14690 570
14690 570
14691 570
14691 570
14691 570
14692 569
14692 569
14692 569
14693 569
14693 569
14693 568
14694 568
14694 568
14694 568
14695 568
14695 567
14699 566
14702 564
14706 561
14710 558
14713 555
14713 555
14714 555
14714 557
14714 560
14715 562
14715 565
14715 566
14716 567
14716 568
14717 569
14717 569
14717 569
14718 569
14718 569
14718 569
14719 569
14719 568
14719 568
14720 568
14720 568
14721 567
14721 567
14721 567
14722 567
14722 567
14722 566
14726 565
14730 563
14733 560
14737 558
14740 554
14740 554
14741 554
14741 556
14742 559
14742 561
14742 564
14743 565
14743 566
14743 567
14744 568
14744 568
14744 568
14745 568
14745 568
14746 568
14746 568
14746 567
14747 567
14747 567
14747 567
14748 567
14748 566
14748 566
14749 566
14749 566
14749 566
14753 564
14757 562
14760 560
14764 557
14768 554
14768 554
14768 554
14768 555
14769 558
14769 560
14769 563
14770 564
14770 566
14771 566
14771 567
14771 567
14772 567
14772 567
14772 567
14773 567
14773 567
14773 567
14774 567
14774 566
14775 566
14775 566
14775 566
14776 566
14776 565
14776 565
14777 565
14780 563
14784 562
14788 559
14791 556
14795 553
14795 553
14795 553
14796 555
14796 557
14796 560
14797 562
14797 564
14797 565
14798 566
14798 566
14799 567
14799 567
14799 567
14800 567
14800 567
14800 567
14801 566
14801 566
14801 566
14802 566
14802 566
14803 565
14803 565
14803 565
14804 565
14804 565
14808 563
14811 561
14815 559
14819 556
14822 553
14822 553
14823 553
14823 555
14823 557
14824 560
14824 562
14824 564
14825 565
14825 566
14826 566
14826 566
14826 567
14827 567
14827 567
14827 566
14828 566
14828 566
14828 566
14829 566
14829 566
14830 565
14830 565
14830 565
14831 565
14831 565
14831 564
14835 563
14839 561
14842 559
14846 556
14850 553
14850 553
14850 553
14850 554
14851 557
14851 559
14852 562
14852 563
14852 565
14853 565
14853 566
14853 566
14854 566
14854 566
14854 566
14855 566
14855 566
14855 566
14856 566
14856 566
14857 565
14857 565
14857 565
14858 565
14858 565
14858 565
14859 564
14862 563
14866 561
14870 559
14873 556
14877 553
14877 553
14878 553
14878 554
14878 557
14879 559
14879 561
14879 563
14880 564
14880 565
14880 566
14881 566
14881 566
14882 566
14882 566
14882 566
14883 566
14883 566
14883 566
14884 566
14884 565
14884 565
14885 565
14885 565
14886 565
14886 564
14886 564
14890 563
14894 561
14897 559
14901 556
14905 553
14905 553
14905 553
14905 554
14906 557
14906 559
14907 561
14907 563
14907 564
14908 565
14908 566
14908 566
14909 566
14909 566
14909 566
14910 566
14910 566
14911 566
14911 566
14911 565
14912 565
14912 565
14912 565
14913 565
14913 565
14913 564
14914 564
14918 563
14921 561
14925 559
14929 556
14932 553
14932 553
14933 553
14933 554
14933 556
14934 559
14934 561
14935 563
14935 564
14935 565
14936 565
14936 566
14936 566
14937 566
14937 566
14937 566
14938 566
14938 566
14939 566
14939 565
14939 565
14940 565
14940 565
14940 565
14941 564
14941 564
14941 564
14945 563
14949 561
14953 559
14956 556
14960 553
14960 553
14960 553
14961 554
14961 556
14962 559
14962 561
14962 563
14963 564
14963 565
14963 565
14964 566
14964 566
14964 566
14965 566
14965 566
14966 566
14966 566
14966 565
14967 565
14967 565
14967 565
14968 565
14968 565
14968 564
14969 564
14969 564
14973 563
14977 561
14980 559
14984 556
14988 553
14988 553
14988 553
14989 554
14989 556
14989 558
14990 561
14990 562
14990 563
14991 564
14991 565
14991 565
14992 566
14992 566
14993 566
14993 566
14993 565
14994 565
14994 565
14994 565
14995 565
14995 565
14995 565
14996 564
14996 564
14997 564
14997 564
15001 562
15004 561
15008 558
15012 556
15016 553
15016 553
15016 553
15016 554
15017 556
15017 558
15017 560
15018 562
15018 563
15019 564
15019 565
15019 565
15020 565
15020 565
15020 565
15021 565
15021 565
15021 565
15022 565
15022 565
15023 565
15023 564
15023 564
15024 564
15024 564
15024 564
15025 564
15028 562
15032 560
15036 558
15040 556
15043 553
15043 553
15044 552
15044 553
15045 555
15045 558
15045 560
15046 562
15046 563
15046 564
15047 564
15047 565
15047 565
15048 565
15048 565
15049 565
15049 565
15049 565
15050 565
15050 565
15050 564
15051 564
15051 564
15051 564
15052 564
15052 564
15053 563
15056 562
15060 560
15064 558
15068 555
15071 552
15071 552
15072 552
15072 553
15073 555
15073 557
15073 560
15074 561
15074 562
15074 563
15075 564
15075 564
15075 565
15076 565
15076 565
15077 565
15077 565
15077 565
15078 564
15078 564
15078 564
15079 564
15079 564
15079 564
15080 563
15080 563
15081 563
15084 562
15088 560
15092 558
15096 555
15099 552
15099 552
15100 552
15100 553
15101 555
15101 557
15101 559
15102 561
15102 562
15102 563
15103 564
15103 564
15103 564
15104 564
15104 564
15105 564
15105 564
15105 564
15106 564
15106 564
15106 564
15107 564
15107 563
15107 563
15108 563
15108 563
15109 563
15112 561
15116 559
15120 557
15124 554
15128 551
15128 551
15128 551
15128 552
15129 554
15129 556
15129 558
15130 560
15130 561
15130 562
15131 563
15131 563
15132 563
15132 563
15132 564
15133 563
15133 563
15133 563
15134 563
15134 563
15134 563
15135 563
15135 563
15136 562
15136 562
15136 562
15137 562
15140 560
15144 559
15148 556
15152 554
15156 551
15156 551
15156 550
15156 551
15157 553
15157 555
15158 557
15158 559
15158 560
15159 561
15159 562
15159 562
15160 562
15160 563
15160 563
15161 563
15161 563
15162 562
15162 562
15162 562
15163 562
15163 562
15163 562
15164 562
15164 561
15164 561
15165 561
15169 560
15172 558
15176 556
15180 553
15184 550
15184 550
15184 550
15185 551
15185 552
15185 555
15186 557
15186 558
15186 559
15187 560
15187 561
15188 562
15188 562
15188 562
15189 562
15189 562
15189 562
15190 562
15190 562
15190 562
15191 561
15191 561
15192 561
15192 561
15192 561
15193 561
15193 561
15197 559
15201 557
15205 555
15208 553
15212 550
15212 550
15213 549
15213 550
15213 552
15214 554
15214 556
15214 558
15215 559
15215 560
15215 561
15216 561
15216 561
15217 561
15217 562
15217 562
15218 561
15218 561
15218 561
15219 561
15219 561
15219 561
15220 561
15220 561
15221 560
15221 560
15221 560
15225 559
15229 557
15233 555
15237 552
15241 549
15241 549
15241 549
15241 550
15242 552
15242 554
15242 556
15243 558
15243 559
15243 560
15244 561
15244 561
15245 561
15245 561
15245 562
15246 562
15246 562
15246 561
15247 561
15247 561
15247 561
15248 561
15248 561
15249 561
15249 561
15249 560
15250 560
15253 559
15257 557
15261 555
15265 553
15269 550
15269 550
15269 549
15270 550
15270 552
15270 554
15271 556
15271 558
15271 559
15272 560
15272 561
15273 561
15273 561
15273 562
15274 562
15274 562
15274 562
15275 562
15275 561
15275 561
15276 561
15276 561
15277 561
15277 561
15277 561
15278 561
15278 560
15282 559
15286 558
15290 555
15294 553
15297 550
15297 550
15298 550
15298 550
15299 552
15299 554
15299 556
15300 558
15300 559
15300 560
15301 561
15301 561
15301 561
15302 562
15302 562
15303 562
15303 562
15303 562
15304 562
15304 561
15304 561
15305 561
15305 561
15305 561
15306 561
15306 561
15307 561
15310 559
15314 558
15318 555
15322 553
15326 550
15326 550
15326 550
15327 550
15327 552
15327 554
15328 556
15328 558
15329 559
15329 560
15329 561
15330 561
15330 561
15330 562
15331 562
15331 562
15331 562
15332 562
15332 562
15332 561
15333 561
15333 561
15334 561
15334 561
15334 561
15335 561
15335 561
15339 559
15343 558
15347 555
15351 553
15355 550
15355 550
15355 550
15355 550
15356 552
15356 554
15356 556
15357 557
15357 559
15357 560
15358 560
15358 561
15359 561
15359 561
15359 562
15360 562
15360 562
15360 562
15361 561
15361 561
15361 561
15362 561
15362 561
15363 561
15363 561
15363 561
15364 560
15368 559
15371 558
15375 555
15379 553
15383 550
15383 550
15384 550
15384 550
15384 552
15385 554
15385 556
15385 557
15386 559
15386 559
15387 560
15387 561
15387 561
15388 561
15388 561
15388 561
15389 561
15389 561
15389 561
15390 561
15390 561
15391 561
15391 561
15391 561
15392 561
15392 560
15392 560
15396 559
15400 557
15404 555
15408 553
15412 550
15412 550
15412 550
15413 550
15413 552
15413 553
15414 555
15414 557
15415 558
15415 559
15415 560
15416 560
15416 561
15416 561
15417 561
15417 561
15417 561
15418 561
15418 561
15419 561
15419 561
15419 561
15420 561
15420 560
15420 560
15421 560
15421 560
15425 559
15429 557
15433 555
15437 552
15441 550
15441 550
15441 549
15442 550
15442 551
15442 553
15443 555
15443 557
15443 558
15444 559
15444 560
15444 560
15445 560
15445 561
15446 561
15446 561
15446 561
15447 561
15447 561
15447 561
15448 561
15448 560
15448 560
15449 560
15449 560
15450 560
15450 560
15454 558
15458 557
15462 555
15466 552
15470 549
15470 549
15470 549
15470 550
15471 551
15471 553
15471 555
15472 556
15472 557
15473 558
15473 559
15473 560
15474 560
15474 560
15474 560
15475 560
15475 560
15475 560
15476 560
15476 560
15477 560
15477 560
15477 560
15478 560
15478 560
15478 560
15479 559
15483 558
15487 557
15491 554
15495 552
15499 549
15499 549
15499 549
15499 549
15500 551
15500 552
15500 554
15501 556
15501 557
15502 558
15502 559
15502 559
15503 560
15503 560
15503 560
15504 560
15504 560
15504 560
15505 560
15505 560
15506 560
15506 560
15506 560
15507 559
15507 559
15507 559
15508 559
15512 558
15516 556
15520 554
15524 551
15528 548
15528 548
15528 548
15528 549
15529 550
15529 552
15530 554
15530 555
15530 556
15531 557
15531 558
15531 559
15532 559
15532 559
15532 559
15533 560
15533 560
15534 559
15534 559
15534 559
15535 559
15535 559
15535 559
15536 559
15536 559
15536 559
15537 559
15541 557
15545 556
15549 554
15553 551
15557 548
15557 548
15557 548
15558 548
15558 550
15558 551
15559 553
15559 555
15559 556
15560 557
15560 558
15560 558
15561 559
15561 559
15561 559
15562 559
15562 559
15563 559
15563 559
15563 559
15564 559
15564 559
15564 559
15565 558
15565 558
15565 558
15566 558
15570 557
15574 555
15578 553
15582 550
15586 547
15586 547
15586 547
15587 547
15587 549
15587 550
15588 552
15588 554
15588 555
15589 556
15589 557
15590 557
15590 558
15590 558
15591 558
15591 558
15591 558
15592 558
15592 558
15592 558
15593 558
15593 558
15594 558
15594 558
15594 557
15595 557
15595 557
15599 556
15603 554
15607 552
15611 549
15615 546
15615 546
15616 546
15616 547
15616 548
15617 549
15617 551
15617 553
15618 554
15618 555
15618 556
15619 556
15619 557
15619 557
15620 557
15620 557
15621 557
15621 557
15621 557
15622 557
15622 557
15622 557
15623 557
15623 557
15623 557
15624 556
15624 556
15628 555
15632 553
15636 551
15640 549
15644 546
15644 546
15645 546
15645 546
15646 547
15646 549
15646 550
15647 552
15647 553
15647 554
15648 555
15648 555
15648 556
15649 556
15649 556
15649 556
15650 556
15650 556
15651 556
15651 556
15651 556
15652 556
15652 556
15652 556
15653 556
15653 556
15653 556
15658 554
15662 553
15666 551
15670 548
15674 545
15674 545
15674 545
15675 545
15675 546
15675 548
15676 550
15676 551
15676 553
15677 554
15677 554
15677 555
15678 555
15678 556
15678 556
15679 556
15679 556
15680 556
15680 556
15680 556
15681 556
15681 556
15681 556
15682 555
15682 555
15682 555
15683 555
15687 554
15691 552
15695 550
15699 548
15703 545
15703 545
15704 545
15704 545
15704 546
15705 548
15705 549
15705 551
15706 552
15706 553
15706 554
15707 554
15707 555
15708 555
15708 555
15708 555
15709 555
15709 555
15709 555
15710 555
15710 555
15710 555
15711 555
15711 555
15712 555
15712 555
15712 555
15716 554
15720 552
15725 550
15729 548
15733 545
15733 545
15733 544
15733 545
15734 546
15734 547
15735 549
15735 551
15735 552
15736 553
15736 554
15736 554
15737 555
15737 555
15737 555
15738 555
15738 555
15739 555
15739 555
15739 555
15740 555
15740 555
15740 555
15741 555
15741 555
15741 555
15742 555
15746 553
15750 552
15754 550
15758 547
15762 545
15762 545
15763 544
15763 545
15763 546
15764 547
15764 549
15765 550
15765 551
15765 553
15766 553
15766 554
15766 554
15767 555
15767 555
15767 555
15768 555
15768 555
15769 555
15769 555
15769 555
15770 555
15770 555
15770 555
15771 555
15771 554
15771 554
15776 553
15780 552
15784 550
15788 547
15792 544
15792 544
15792 544
15793 544
15793 545
15793 547
15794 549
15794 550
15795 551
15795 552
15795 553
15796 554
15796 554
15796 554
15797 555
15797 555
15797 555
15798 555
15798 555
15799 555
15799 555
15799 555
15800 555
15800 554
15800 554
15801 554
15801 554
15805 553
15809 552
15813 550
15818 547
15822 544
15822 544
15822 544
15822 544
15823 545
15823 547
15823 548
15824 550
15824 551
15825 552
15825 553
15825 553
15826 554
15826 554
15826 554
15827 555
15827 555
15827 555
15828 555
15828 555
15829 555
15829 555
15829 554
15830 554
15830 554
15830 554
15831 554
15835 553
15839 552
15843 550
15847 547
15851 544
15851 544
15852 544
15852 544
15853 545
15853 547
15853 548
15854 550
15854 551
15854 552
15855 553
15855 553
15855 554
15856 554
15856 554
15856 554
15857 554
15857 554
15858 554
15858 554
15858 554
15859 554
15859 554
15859 554
15860 554
15860 554
15860 554
15865 553
15869 551
15873 549
15877 547
15881 544
15881 544
15882 544
15882 544
15882 545
15883 546
15883 548
15883 549
15884 551
15884 552
15885 552
15885 553
15885 553
15886 554
15886 554
15886 554
15887 554
15887 554
15887 554
15888 554
15888 554
15889 554
15889 554
15889 554
15890 554
15890 554
15890 554
15894 553
15899 551
15903 549
15907 547
15911 544
15911 544
15912 544
15912 544
15912 545
15913 546
15913 548
15913 549
15914 550
15914 551
15914 552
15915 553
15915 553
15916 553
15916 554
15916 554
15917 554
15917 554
15917 554
15918 554
15918 554
15918 554
15919 554
15919 554
15920 554
15920 554
15920 553
15924 552
15929 551
15933 549
15937 546
15941 544
15941 544
15942 543
15942 544
15942 544
15943 546
15943 547
15943 549
15944 550
15944 551
15944 552
15945 552
15945 553
15946 553
15946 553
15946 553
15947 554
15947 554
15947 554
15948 554
15948 554
15948 554
15949 553
15949 553
15950 553
15950 553
15950 553
15954 552
15959 551
15963 549
15967 546
15971 543
15971 543
15972 543
15972 543
15972 544
15973 545
15973 547
15973 548
15974 549
15974 550
15974 551
15975 552
15975 552
15976 553
15976 553
15976 553
15977 553
15977 553
15977 553
15978 553
15978 553
15978 553
15979 553
15979 553
15980 553
15980 553
15980 553
15985 552
15989 550
15993 548
15997 546
16001 543
16001 543
16002 543
16002 543
16002 544
16003 545
16003 546
16004 548
16004 549
16004 550
16005 551
16005 551
16005 552
16006 552
16006 553
16006 553
16007 553
16007 553
16008 553
16008 553
16008 553
16009 553
16009 553
16009 553
16010 553
16010 552
16010 552
16015 551
16019 550
16023 548
16027 545
16032 543
16032 543
16032 542
16032 543
16033 543
16033 545
16033 546
16034 547
16034 549
16034 550
16035 550
16035 551
16036 551
16036 552
16036 552
16037 552
16037 552
16037 552
16038 552
16038 552
16038 552
16039 552
16039 552
16040 552
16040 552
16040 552
16041 552
16045 551
16049 549
16053 547
16058 545
16062 542
16062 542
16062 542
16063 542
16063 543
16063 544
16064 545
16064 547
16064 548
16065 549
16065 550
16065 550
16066 551
16066 551
16067 551
16067 551
16067 551
16068 552
16068 552
16068 552
16069 552
16069 551
16069 551
16070 551
16070 551
16070 551
16071 551
16075 550
16079 549
16084 547
16088 544
16092 541
16092 541
16092 541
16093 541
16093 542
16094 543
16094 544
16094 546
16095 547
16095 548
16095 549
16096 549
16096 550
16096 550
16097 550
16097 550
16098 551
16098 551
16098 551
16099 551
16099 551
16099 551
16100 551
16100 551
16100 550
16101 550
16101 550
16105 549
16110 548
16114 546
16118 543
16123 540
16123 540
16123 540
16123 540
16124 541
16124 542
16124 544
16125 545
16125 546
16125 547
16126 548
16126 548
16127 549
16127 549
16127 550
16128 550
16128 550
16128 550
16129 550
16129 550
16129 550
16130 550
16130 550
16131 550
16131 550
16131 550
16132 550
16136 549
16140 547
16144 545
16149 543
16153 540
16153 540
16153 540
16154 540
16154 540
16154 542
16155 543
16155 544
16156 545
16156 546
16156 547
16157 548
16157 548
16157 549
16158 549
16158 549
16158 549
16159 549
16159 549
16160 549
16160 549
16160 549
16161 549
16161 549
16161 549
16162 549
16162 549
16166 548
16171 547
16175 545
16179 542
16184 540
16184 540
16184 539
16184 539
16185 540
16185 541
16185 543
16186 544
16186 545
16186 546
16187 547
16187 547
16188 548
16188 548
16188 549
16189 549
16189 549
16189 549
16190 549
16190 549
16190 549
16191 549
16191 549
16192 549
16192 549
16192 549
16193 549
16197 548
16201 547
16206 545
16210 542
16214 539
16214 539
16215 539
16215 539
16215 540
16216 541
16216 542
16216 544
16217 545
16217 546
16217 547
16218 547
16218 548
16219 548
16219 548
16219 549
16220 549
16220 549
16220 549
16221 549
16221 549
16221 549
16222 549
16222 549
16223 549
16223 549
16223 549
16228 548
16232 546
16236 545
16241 542
16245 539
16245 539
16245 539
16246 539
16246 540
16246 541
16247 542
16247 543
16247 545
16248 546
16248 546
16249 547
16249 547
16249 548
16250 548
16250 548
16250 548
16251 549
16251 549
16251 549
16252 549
16252 549
16253 549
16253 549
16253 549
16254 548
16254 548
16258 548
16263 546
16267 544
16271 542
16276 539
16276 539
16276 539
16276 539
16277 540
16277 541
16277 542
16278 543
16278 544
16279 545
16279 546
16279 547
16280 547
16280 548
16280 548
16281 548
16281 548
16281 548
16282 548
16282 548
16283 548
16283 548
16283 548
16284 548
16284 548
16284 548
16285 548
16289 547
16293 546
16298 544
16302 542
16306 539
16306 539
16307 539
16307 539
16308 539
16308 540
16308 542
16309 543
16309 544
16309 545
16310 546
16310 547
16310 547
16311 547
16311 548
16312 548
16312 548
16312 548
16313 548
16313 548
16313 548
16314 548
16314 548
16314 548
16315 548
16315 548
16316 548
16320 547
16324 546
16329 544
16333 542
16337 539
16337 539
16338 539
16338 539
16338 539
16339 540
16339 542
16340 543
16340 544
16340 545
16341 546
16341 546
16341 547
16342 547
16342 548
16342 548
16343 548
16343 548
16344 548
16344 548
16344 548
16345 548
16345 548
16345 548
16346 548
16346 548
16346 548
16351 547
16355 546
16360 544
16364 542
16368 539
16368 539
16369 539
16369 539
16369 539
16370 540
16370 541
16371 543
16371 544
16371 545
16372 545
16372 546
16372 547
16373 547
16373 547
16373 548
16374 548
16374 548
16375 548
16375 548
16375 548
16376 548
16376 548
16376 548
16377 548
16377 548
16377 548
16382 547
16386 546
16391 544
16395 541
16399 539
16399 539
16400 538
16400 538
16401 539
16401 540
16401 541
16402 542
16402 543
16402 544
16403 545
16403 546
16403 546
16404 547
16404 547
16405 547
16405 547
16405 548
16406 548
16406 548
16406 548
16407 548
16407 548
16407 548
16408 548
16408 547
16409 547
16413 547
16417 545
16422 543
16426 541
16431 538
16431 538
16431 538
16431 538
16432 539
16432 540
16432 541
16433 542
16433 543
16433 544
16434 545
16434 545
16435 546
16435 546
16435 547
16436 547
16436 547
16436 547
16437 547
16437 547
16437 547
16438 547
16438 547
16439 547
16439 547
16439 547
16440 547
16444 546
16448 545
16453 543
16457 541
16462 538
16462 538
16462 538
16462 538
16463 538
16463 539
16464 540
16464 542
16464 543
16465 544
16465 544
16465 545
16466 546
16466 546
16466 546
16467 547
16467 547
16468 547
16468 547
16468 547
16469 547
16469 547
16469 547
16470 547
16470 547
16470 547
16471 547
16475 546
16480 545
16484 543
16489 540
16493 538
16493 538
16493 538
16494 538
16494 538
16494 539
16495 540
16495 541
16496 542
16496 543
16496 544
16497 545
16497 545
16497 546
16498 546
16498 546
16498 546
16499 546
16499 547
16499 547
16500 547
16500 547
16501 547
16501 547
16501 547
16502 547
16502 546
16506 546
16511 544
16515 542
16520 540
16524 537
16524 537
16525 537
16525 537
16525 537
16526 538
16526 539
16526 540
16527 541
16527 542
16528 543
16528 544
16528 544
16529 545
16529 545
16529 545
16530 546
16530 546
16530 546
16531 546
16531 546
16532 546
16532 546
16532 546
16533 546
16533 546
16533 546
16538 545
16542 544
16547 542
16551 539
16556 536
16556 536
16556 536
16556 536
16557 536
16557 537
16557 538
16558 540
16558 541
16559 542
16559 542
16559 543
16560 544
16560 544
16560 544
16561 545
16561 545
16561 545
16562 545
16562 545
16563 545
16563 545
16563 545
16564 545
16564 545
16564 545
16565 545
16569 544
16574 543
16578 541
16583 538
16587 536
16587 536
16588 535
16588 535
16588 536
16589 537
16589 538
16589 539
16590 540
16590 541
16590 542
16591 542
16591 543
16592 543
16592 544
16592 544
16593 544
16593 544
16593 544
16594 544
16594 544
16594 544
16595 544
16595 544
16596 544
16596 544
16596 544
16601 543
16605 542
16610 540
16614 538
16619 535
16619 535
16619 535
16619 535
16620 535
16620 536
16621 537
16621 538
16621 539
16622 540
16622 541
16622 542
16623 542
16623 543
16623 543
16624 543
16624 543
16625 544
16625 544
16625 544
16626 544
16626 544
16626 544
16627 544
16627 544
16627 544
16628 544
16632 543
16637 542
16641 540
16646 538
16650 535
16650 535
16651 535
16651 535
16651 535
16652 536
16652 537
16653 538
16653 539
16653 540
16654 541
16654 541
16654 542
16655 542
16655 543
16655 543
16656 543
16656 543
16657 543
16657 543
16657 543
16658 544
16658 544
16658 544
16659 543
16659 543
16659 543
16664 543
16668 542
16673 540
16677 537
16682 535
16682 535
16682 535
16683 534
16683 535
16683 536
16684 537
16684 538
16685 539
16685 540
16685 540
16686 541
16686 542
16686 542
16687 542
16687 543
16687 543
16688 543
16688 543
16689 543
16689 543
16689 543
16690 543
16690 543
16690 543
16691 543
16691 543
16696 543
16700 541
16705 540
16709 537
16714 535
16714 535
16714 534
16715 534
16715 535
16715 535
16716 536
16716 537
16716 538
16717 539
16717 540
16717 541
16718 541
16718 542
16719 542
16719 542
16719 543
16720 543
16720 543
16720 543
16721 543
16721 543
16721 543
16722 543
16722 543
16723 543
16723 543
16727 542
16732 541
16737 540
16741 537
16746 535
16746 534
16746 534
16746 534
16747 535
16747 535
16747 536
16748 537
16748 538
16749 539
16749 540
16749 541
16750 541
16750 542
16750 542
16751 542
16751 543
16751 543
16752 543
16752 543
16753 543
16753 543
16753 543
16754 543
16754 543
16754 543
16755 543
16759 542
16764 541
16768 540
16773 537
16778 535
16778 535
16778 534
16778 534
16779 535
16779 535
16779 536
16780 537
16780 538
16780 539
16781 540
16781 541
16782 541
16782 542
16782 542
16783 542
16783 543
16783 543
16784 543
16784 543
16784 543
16785 543
16785 543
16785 543
16786 543
16786 543
16787 543
16791 543
16796 541
16800 540
16805 537
16809 535
16810 535
16810 534
16810 534
16811 535
16811 535
16811 536
16812 537
16812 538
16812 539
16813 540
16813 541
16813 541
16814 542
16814 542
16815 542
16815 543
16815 543
16816 543
16816 543
16816 543
16817 543
16817 543
16817 543
16818 543
16818 543
16819 543
16823 542
16828 541
16832 540
16837 537
16842 535
16842 535
16842 534
16842 534
16843 535
16843 535
16843 536
16844 537
16844 538
16844 539
16845 540
16845 541
16846 541
16846 542
16846 542
16847 542
16847 542
16847 543
16848 543
16848 543
16848 543
16849 543
16849 543
16850 543
16850 543
16850 543
16851 543
16855 542
16860 541
16864 539
16869 537
16874 534
16874 534
16874 534
16874 534
16875 534
16875 535
16876 536
16876 537
16876 538
16877 539
16877 540
16877 540
16878 541
16878 541
16878 542
16879 542
16879 542
16880 542
16880 542
16880 543
16881 543
16881 543
16881 543
16882 543
16882 543
16882 543
16883 543
16887 542
16892 541
16897 539
16901 537
16906 534
16906 534
16906 534
16907 534
16907 534
16907 535
16908 536
16908 537
16908 538
16909 539
16909 539
16910 540
16910 541
16910 541
16911 541
16911 542
16911 542
16912 542
16912 542
16912 542
16913 542
16913 542
16914 542
16914 542
16914 542
16915 542
16915 542
16920 542
16924 541
16929 539
16934 537
16938 534
16938 534
16939 534
16939 534
16939 534
16940 534
16940 535
16940 536
16941 537
16941 538
16941 539
16942 540
16942 540
16943 541
16943 541
16943 541
16944 542
16944 542
16944 542
16945 542
16945 542
16945 542
16946 542
16946 542
16947 542
16947 542
16947 542
16952 541
16957 540
16961 539
16966 536
16971 534
16971 534
16971 533
16971 533
16972 533
16972 534
16972 535
16973 536
16973 537
16973 538
16974 538
16974 539
16975 540
16975 540
16975 541
16976 541
16976 541
16976 541
16977 541
16977 541
16977 542
16978 542
16978 542
16979 542
16979 542
16979 542
16980 542
16984 541
16989 540
16994 538
16998 536
17003 533
17003 533
17003 533
17004 533
17004 533
17004 534
17005 534
17005 535
17006 536
17006 537
17006 538
17007 539
17007 539
17007 540
17008 540
17008 540
17008 541
17009 541
17009 541
17010 541
17010 541
17010 541
17011 541
17011 541
17011 541
17012 541
17012 541
17017 541
17021 539
17026 538
17031 535
17035 532
17035 532
17036 532
17036 532
17037 532
17037 533
17037 534
17038 535
17038 535
17038 536
17039 537
17039 538
17039 538
17040 539
17040 539
17041 539
17041 540
17041 540
17042 540
17042 540
17042 540
17043 540
17043 540
17043 540
17044 540
17044 540
17045 540
17049 540
17054 538
17059 537
17063 534
17068 532
17068 532
17068 531
17069 531
17069 531
17070 532
17070 533
17070 534
17071 535
17071 535
17071 536
17072 537
17072 537
17072 538
17073 538
17073 538
17074 539
17074 539
17074 539
17075 539
17075 539
17075 539
17076 539
17076 539
17076 539
17077 539
17077 539
17082 539
17087 538
17091 536
17096 534
17101 531
17101 531
17101 531
17101 530
17102 531
17102 531
17103 532
17103 533
17103 534
17104 535
17104 535
17104 536
17105 537
17105 537
17105 537
17106 538
17106 538
17107 538
17107 538
17107 538
17108 538
17108 539
17108 539
17109 539
17109 539
17109 539
17110 539
17115 538
17119 537
17124 535
17129 533
17133 530
17134 530
17134 530
17134 530
17135 530
17135 531
17135 531
17136 532
17136 533
17136 534
17137 535
17137 535
17137 536
17138 536
17138 537
17139 537
17139 537
17139 537
17140 538
17140 538
17140 538
17141 538
17141 538
17141 538
17142 538
17142 538
17143 538
17147 537
17152 536
17157 535
17162 532
17166 530
17166 530
17167 530
17167 529
17167 530
17168 530
17168 531
17168 532
17169 533
17169 533
17170 534
17170 535
17170 535
17171 536
17171 536
17171 537
17172 537
17172 537
17172 537
17173 537
17173 537
17174 537
17174 538
17174 538
17175 538
17175 538
17175 538
17180 537
17185 536
17190 534
17194 532
17199 530
17199 529
17200 529
17200 529
17200 529
17201 530
17201 531
17201 531
17202 532
17202 533
17202 534
17203 535
17203 535
17203 536
17204 536
17204 536
17205 537
17205 537
17205 537
17206 537
17206 537
17206 537
17207 537
17207 537
17207 537
17208 537
17208 537
17213 537
17218 536
17223 534
17227 532
17232 529
17232 529
17232 529
17233 529
17233 529
17234 530
17234 530
17234 531
17235 532
17235 533
17235 534
17236 534
17236 535
17236 535
17237 536
17237 536
17238 536
17238 536
17238 537
17239 537
17239 537
17239 537
17240 537
17240 537
17240 537
17241 537
17241 537
17246 537
17251 536
17255 534
17260 532
17265 529
17265 529
17265 529
17266 529
17266 529
17267 529
17267 530
17267 531
17268 532
17268 533
17268 533
17269 534
17269 535
17269 535
17270 535
17270 536
17271 536
17271 536
17271 536
17272 537
17272 537
17272 537
17273 537
17273 537
17273 537
17274 537
17274 537
17279 536
17284 535
17289 534
17293 532
17298 529
17298 529
17299 529
17299 529
17299 529
17300 529
17300 530
17300 531
17301 532
17301 532
17301 533
17302 534
17302 534
17303 535
17303 535
17303 535
17304 536
17304 536
17304 536
17305 536
17305 536
17305 536
17306 536
17306 537
17307 537
17307 537
17307 537
17312 536
17317 535
17322 534
17327 531
17331 529
17331 529
17332 529
17332 528
17332 529
17333 529
17333 530
17334 530
17334 531
17334 532
17335 533
17335 533
17335 534
17336 534
17336 535
17336 535
17337 535
17337 536
17338 536
17338 536
17338 536
17339 536
17339 536
17339 536
17340 536
17340 536
17340 536
17345 536
17350 535
17355 533
17360 531
17365 529
17365 529
17365 528
17365 528
17366 528
17366 529
17366 529
17367 530
17367 531
17367 532
17368 533
17368 533
17369 534
17369 534
17369 535
17370 535
17370 535
17370 535
17371 536
17371 536
17371 536
17372 536
17372 536
17373 536
17373 536
17373 536
17374 536
17379 536
17383 535
17388 533
17393 531
17398 528
17398 528
17398 528
17399 528
17399 528
17399 528
17400 529
17400 530
17400 531
17401 531
17401 532
17402 533
17402 533
17402 534
17403 534
17403 535
17403 535
17404 535
17404 535
17404 535
17405 535
17405 536
17406 536
17406 536
17406 536
17407 536
17407 536
17412 535
17417 534
17422 533
17426 531
17431 528
17431 528
17432 528
17432 528
17432 528
17433 528
17433 529
17433 529
17434 530
17434 531
17435 532
17435 532
17435 533
17436 534
17436 534
17436 534
17437 534
17437 535
17437 535
17438 535
17438 535
17439 535
17439 535
17439 535
17440 535
17440 535
17440 535
17445 535
17450 534
17455 532
17460 530
17465 528
17465 528
17465 527
17465 527
17466 527
17466 528
17467 528
17467 529
17467 530
17468 531
17468 531
17468 532
17469 533
17469 533
17469 534
17470 534
17470 534
17471 534
17471 535
17471 535
17472 535
17472 535
17472 535
17473 535
17473 535
17473 535
17474 535
17479 535
17484 534
17488 532
17493 530
17498 527
17498 527
17499 527
17499 527
17499 527
17500 527
17500 528
17500 529
17501 530
17501 530
17502 531
17502 532
17502 532
17503 533
17503 533
17503 533
17504 534
17504 534
17504 534
17505 534
17505 534
17506 534
17506 535
17506 535
17507 535
17507 535
17507 535
17512 534
17517 533
17522 532
17527 529
17532 527
17532 527
17532 526
17533 526
17533 526
17533 527
17534 527
17534 528
17534 529
17535 530
17535 530
17536 531
17536 531
17536 532
17537 532
17537 533
17537 533
17538 533
17538 533
17538 533
17539 534
17539 534
17540 534
17540 534
17540 534
17541 534
17541 534
17546 533
17551 533
17556 531
17561 529
17566 526
17566 526
17566 526
17566 526
17567 526
17567 526
17567 526
17568 527
17568 528
17569 529
17569 529
17569 530
17570 531
17570 531
17570 531
17571 532
17571 532
17571 532
17572 532
17572 533
17573 533
17573 533
17573 533
17574 533
17574 533
17574 533
17575 533
17580 533
17585 532
17590 530
17594 528
17599 525
17599 525
17600 525
17600 525
17601 525
17601 525
17601 526
17602 526
17602 527
17602 528
17603 529
17603 529
17603 530
17604 530
17604 531
17604 531
17605 531
17605 532
17606 532
17606 532
17606 532
17607 532
17607 532
17607 532
17608 532
17608 532
17608 532
17613 532
17618 531
17623 530
17628 527
17633 525
17633 525
17634 525
17634 524
17634 524
17635 525
17635 525
17635 526
17636 527
17636 527
17637 528
17637 529
17637 529
17638 530
17638 530
17638 531
17639 531
17639 531
17639 531
17640 531
17640 532
17641 532
17641 532
17641 532
17642 532
17642 532
17642 532
17647 532
17652 531
17657 529
17662 527
17667 524
17667 524
17668 524
17668 524
17668 524
17669 524
17669 525
17669 526
17670 526
17670 527
17670 528
17671 528
17671 529
17672 529
17672 530
17672 530
17673 530
17673 531
17673 531
17674 531
17674 531
17674 531
17675 531
17675 531
17676 531
17676 531
17676 531
17681 531
17686 530
17691 529
17696 527
17701 524
17701 524
17702 524
17702 524
17702 524
17703 524
17703 525
17703 525
17704 526
17704 527
17704 527
17705 528
17705 529
17706 529
17706 529
17706 530
17707 530
17707 530
17707 531
17708 531
17708 531
17708 531
17709 531
17709 531
17710 531
17710 531
17710 531
17715 531
17720 530
17725 529
17730 527
17735 524
17735 524
17736 524
17736 524
17736 524
17737 524
17737 524
17737 525
17738 526
17738 526
17739 527
17739 528
17739 528
17740 529
17740 529
17740 530
17741 530
17741 530
17741 530
17742 530
17742 531
17743 531
17743 531
17743 531
17744 531
17744 531
17744 531
17749 531
17754 530
17759 529
17764 526
17769 524
17769 524
17770 524
17770 523
17771 523
17771 524
17771 524
17772 525
17772 526
17772 526
17773 527
17773 528
17773 528
17774 529
17774 529
17774 529
17775 530
17775 530
17776 530
17776 530
17776 530
17777 531
17777 531
17777 531
17778 531
17778 531
17778 531
17784 531
17789 530
17794 528
17799 526
17804 524
17804 524
17804 523
17804 523
17805 523
17805 524
17805 524
17806 525
17806 525
17807 526
17807 527
17807 527
17808 528
17808 528
17808 529
17809 529
17809 529
17809 530
17810 530
17810 530
17811 530
17811 530
17811 530
17812 531
17812 531
17812 531
17813 531
17818 530
17823 530
17828 528
17833 526
17838 523
17838 523
17838 523
17839 523
17839 523
17839 523
17840 524
17840 524
17841 525
17841 526
17841 527
17842 527
17842 528
17842 528
17843 529
17843 529
17843 529
17844 529
17844 530
17845 530
17845 530
17845 530
17846 530
17846 530
17846 530
17847 530
17847 530
17852 530
17857 529
17862 528
17867 526
17872 523
17872 523
17873 523
17873 523
17873 523
17874 523
17874 524
17875 524
17875 525
17875 526
17876 526
17876 527
17876 527
17877 528
17877 528
17877 529
17878 529
17878 529
17879 529
17879 530
17879 530
17880 530
17880 530
17880 530
17881 530
17881 530
17881 530
17887 530
17892 529
17897 528
17902 526
17907 523
17907 523
17907 523
17908 523
17908 523
17908 523
17909 523
17909 524
17909 525
17910 525
17910 526
17910 527
17911 527
17911 528
17912 528
17912 528
17912 529
17913 529
17913 529
17913 529
17914 529
17914 530
17914 530
17915 530
17915 530
17916 530
17916 530
17921 530
17926 529
17931 527
17936 525
17941 523
17941 523
17942 523
17942 522
17943 522
17943 523
17943 523
17944 524
17944 524
17944 525
17945 526
17945 526
17945 527
17946 527
17946 528
17946 528
17947 528
17947 529
17948 529
17948 529
17948 529
17949 529
17949 529
17949 529
17950 529
17950 529
17950 530
17956 529
17961 529
17966 527
17971 525
17976 522
17976 522
17976 522
17977 522
17977 522
17977 522
17978 523
17978 523
17979 524
17979 525
17979 525
17980 526
17980 526
17980 527
17981 527
17981 528
17981 528
17982 528
17982 528
17983 529
17983 529
17983 529
17984 529
17984 529
17984 529
17985 529
17985 529
17990 529
17995 528
18000 527
18006 525
18011 522
18011 522
18011 522
18011 522
18012 522
18012 522
18013 522
18013 523
18013 524
18014 524
18014 525
18014 525
18015 526
18015 526
18015 527
18016 527
18016 528
18016 528
18017 528
18017 528
18018 528
18018 528
18018 529
18019 529
18019 529
18019 529
18020 529
18025 529
18030 528
18035 526
18040 524
18045 522
18045 522
18046 522
18046 521
18047 521
18047 522
18047 522
18048 522
18048 523
18048 524
18049 524
18049 525
18049 526
18050 526
18050 526
18051 527
18051 527
18051 527
18052 528
18052 528
18052 528
18053 528
18053 528
18053 528
18054 528
18054 528
18055 528
18060 528
18065 527
18070 526
18075 524
18080 521
18080 521
18081 521
18081 521
18081 521
18082 521
18082 521
18083 522
18083 522
18083 523
18084 524
18084 524
18084 525
18085 525
18085 526
18085 526
18086 526
18086 527
18086 527
18087 527
18087 527
18088 527
18088 527
18088 527
18089 527
18089 528
18089 528
18095 527
18100 527
18105 525
18110 523
18115 520
18115 520
18116 520
18116 520
18116 520
18117 520
18117 520
18117 521
18118 522
18118 522
18118 523
18119 523
18119 524
18120 524
18120 525
18120 525
18121 525
18121 526
18121 526
18122 526
18122 526
18122 526
18123 527
18123 527
18124 527
18124 527
18124 527
18129 527
18135 526
18140 524
18145 522
18150 520
18150 520
18151 519
18151 519
18151 519
18152 519
18152 520
18152 520
18153 521
18153 522
18153 522
18154 523
18154 523
18155 524
18155 524
18155 524
18156 525
18156 525
18156 525
18157 525
18157 526
18157 526
18158 526
18158 526
18159 526
18159 526
18159 526
18164 526
18170 525
18175 524
18180 522
18185 519
18185 519
18186 519
18186 519
18186 519
18187 519
18187 519
18187 520
18188 520
18188 521
18189 522
18189 522
18189 523
18190 523
18190 524
18190 524
18191 524
18191 525
18191 525
18192 525
18192 525
18193 525
18193 525
18193 525
18194 525
18194 526
18194 526
18200 526
18205 525
18210 523
18215 521
18220 519
18220 519
18221 519
18221 518
18222 518
18222 519
18222 519
18223 519
18223 520
18223 521
18224 521
18224 522
18224 522
18225 523
18225 523
18226 524
18226 524
18226 524
18227 524
18227 525
18227 525
18228 525
18228 525
18228 525
18229 525
18229 525
18230 525
18235 525
18240 525
18245 523
18250 521
18256 519
18256 519
18256 518
18256 518
18257 518
18257 518
18257 519
18258 519
18258 520
18259 520
18259 521
18259 521
18260 522
18260 522
18260 523
18261 523
18261 524
18261 524
18262 524
18262 524
18263 524
18263 525
18263 525
18264 525
18264 525
18264 525
18265 525
18270 525
18275 524
18280 523
18286 521
18291 518
18291 518
18291 518
18292 518
18292 518
18292 518
18293 518
18293 519
18294 519
18294 520
18294 521
18295 521
18295 522
18295 522
18296 523
18296 523
18296 523
18297 524
18297 524
18298 524
18298 524
18298 524
18299 524
18299 525
18299 525
18300 525
18300 525
18305 525
18311 524
18316 523
18321 521
18326 518
18326 518
18327 518
18327 518
18327 518
18328 518
18328 518
18329 519
18329 519
18329 520
18330 520
18330 521
18330 522
18331 522
18331 522
18331 523
18332 523
18332 523
18333 524
18333 524
18333 524
18334 524
18334 524
18334 524
18335 524
18335 524
18335 524
18341 525
18346 524
18351 523
18357 521
18362 518
18362 518
18362 518
18363 518
18363 518
18363 518
18364 518
18364 518
18364 519
18365 520
18365 520
18366 521
18366 521
18366 522
18367 522
18367 523
18367 523
18368 523
18368 523
18368 524
18369 524
18369 524
18369 524
18370 524
18370 524
18371 524
18371 524
18376 524
18382 524
18387 522
18392 520
18397 518
18397 518
18398 518
18398 517
18399 517
18399 518
18399 518
18400 518
18400 519
18400 519
18401 520
18401 521
18401 521
18402 522
18402 522
18402 522
18403 523
18403 523
18404 523
18404 523
18404 523
18405 524
18405 524
18405 524
18406 524
18406 524
18406 524
18412 524
18417 524
18422 522
18428 520
18433 518
18433 518
18433 517
18434 517
18434 517
18435 517
18435 518
18435 518
18436 519
18436 519
18436 520
18437 520
18437 521
18437 521
18438 522
18438 522
18438 522
18439 523
18439 523
18440 523
18440 523
18440 524
18441 524
18441 524
18441 524
18442 524
18442 524
18447 524
18453 524
18458 522
18463 520
18469 518
18469 518
18469 518
18470 517
18470 517
18470 517
18471 518
18471 518
18471 519
18472 519
18472 520
18472 520
18473 521
18473 521
18473 522
18474 522
18474 522
18475 523
18475 523
18475 523
18476 523
18476 524
18476 524
18477 524
18477 524
18477 524
18478 524
18483 524
18489 524
18494 522
18499 520
18505 518
18505 518
18505 518
18505 517
18506 517
18506 517
18506 518
18507 518
18507 519
18507 519
18508 520
18508 520
18509 521
18509 521
18509 522
18510 522
18510 522
18510 523
18511 523
18511 523
18511 523
18512 523
18512 524
18513 524
18513 524
18513 524
18514 524
18519 524
18524 523
18530 522
18535 520
18540 518
18540 518
18541 517
18541 517
18541 517
18542 517
18542 517
18543 518
18543 518
18543 519
18544 520
18544 520
18544 521
18545 521
18545 521
18545 522
18546 522
18546 522
18547 523
18547 523
18547 523
18548 523
18548 523
18548 523
18549 524
18549 524
18549 524
18555 524
18560 523
18566 522
18571 520
18576 517
18576 517
18577 517
18577 517
18577 517
18578 517
18578 517
18579 518
18579 518
18579 519
18580 519
18580 520
18580 520
18581 521
18581 521
18581 521
18582 522
18582 522
18583 522
18583 523
18583 523
18584 523
18584 523
18584 523
18585 523
18585 523
18585 523
18591 523
18596 523
18602 521
18607 519
18612 517
18612 517
18613 517
18613 517
18613 517
18614 517
18614 517
18615 517
18615 518
18615 518
18616 519
18616 519
18616 520
18617 520
18617 521
18617 521
18618 521
18618 522
18619 522
18619 522
18619 522
18620 522
18620 523
18620 523
18621 523
18621 523
18621 523
18627 523
18632 522
18638 521
18643 519
18649 516
18649 516
18649 516
18649 516
18650 516
18650 516
18650 516
18651 516
18651 517
18651 517
18652 518
18652 519
18653 519
18653 519
18653 520
18654 520
18654 521
18654 521
18655 521
18655 521
18655 521
18656 522
18656 522
18657 522
18657 522
18657 522
18658 522
18663 522
18668 521
18674 520
18679 518
18685 515
18685 515
18685 515
18685 515
18686 515
18686 515
18687 515
18687 516
18687 516
18688 517
18688 517
18688 518
18689 518
18689 519
18689 519
18690 519
18690 520
18691 520
18691 520
18691 520
18692 521
18692 521
18692 521
18693 521
18693 521
18693 521
18694 521
18699 521
18705 521
18710 519
18715 517
18721 515
18721 515
18721 515
18722 514
18722 514
18722 514
18723 515
18723 515
18723 515
18724 516
18724 516
18725 517
18725 517
18725 518
18726 518
18726 519
18726 519
18727 519
18727 519
18727 520
18728 520
18728 520
18729 520
18729 520
18729 520
18730 520
18730 520
18735 521
18741 520
18746 519
18752 517
18757 514
18757 514
18758 514
18758 514
18758 514
18759 514
18759 514
18759 514
18760 515
18760 515
18761 516
18761 516
18761 517
18762 517
18762 518
18762 518
18763 518
18763 519
18763 519
18764 519
18764 519
18765 519
18765 519
18765 520
18766 520
18766 520
18766 520
18772 520
18777 520
18783 518
18788 516
18794 514
18794 514
18794 514
18794 513
18795 513
18795 513
18795 513
18796 514
18796 514
18797 515
18797 515
18797 516
18798 516
18798 517
18798 517
18799 517
18799 518
18799 518
18800 518
18800 519
18801 519
18801 519
18801 519
18802 519
18802 519
18802 519
18803 519
18808 520
18814 519
18819 518
18825 516
18830 513
18830 513
18831 513
18831 513
18831 513
18832 513
18832 513
18832 513
18833 514
18833 514
18833 515
18834 515
18834 516
18835 516
18835 517
18835 517
18836 517
18836 518
18836 518
18837 518
18837 518
18837 518
18838 519
18838 519
18839 519
18839 519
18839 519
18845 519
18850 519
18856 517
18861 515
18867 513
18867 513
18867 513
18867 513
18868 513
18868 513
18869 513
18869 513
18869 514
18870 514
18870 515
18870 515
18871 516
18871 516
18871 516
18872 517
18872 517
18873 517
18873 518
18873 518
18874 518
18874 518
18874 518
18875 518
18875 519
18875 519
18876 519
18881 519
18887 518
18892 517
18898 515
18903 513
18903 513
18904 513
18904 512
18905 512
18905 512
18905 513
18906 513
18906 513
18906 514
18907 514
18907 515
18907 515
18908 516
18908 516
18909 516
18909 517
18909 517
18910 517
18910 517
18910 518
18911 518
18911 518
18911 518
18912 518
18912 518
18913 518
18918 519
18924 518
18929 517
18935 515
18940 513
18940 513
18941 512
18941 512
18941 512
18942 512
18942 512
18942 513
18943 513
18943 513
18943 514
18944 514
18944 515
18945 515
18945 516
18945 516
18946 516
18946 517
18946 517
18947 517
18947 517
18947 518
18948 518
18948 518
18949 518
18949 518
18949 518
18955 518
18960 518
18966 517
18971 515
18977 512
18977 512
18977 512
18978 512
18978 512
18978 512
18979 512
18979 512
18980 513
18980 513
18980 514
18981 514
18981 515
18981 515
18982 515
18982 516
18982 516
18983 516
18983 517
18984 517
18984 517
18984 517
18985 517
18985 517
18985 518
18986 518
18986 518
18992 518
18997 518
19003 516
19008 514
19014 512
19014 512
19014 512
19015 512
19015 512
19015 512
19016 512
19016 512
19016 512
19017 513
19017 513
19018 514
19018 514
19018 515
19019 515
19019 515
19019 516
19020 516
19020 516
19020 517
19021 517
19021 517
19021 517
19022 517
19022 517
19023 517
19023 517
19029 518
19034 517
19040 516
19045 514
19051 512
19051 512
19051 512
19052 511
19052 511
19052 511
19053 511
19053 512
19053 512
19054 513
19054 513
19054 513
19055 514
19055 514
19056 515
19056 515
19056 515
19057 516
19057 516
19057 516
19058 516
19058 517
19058 517
19059 517
19059 517
19060 517
19060 517
19066 517
19071 517
19077 516
19082 514
19088 511
19088 511
19088 511
19089 511
19089 511
19089 511
19090 511
19090 511
19090 512
19091 512
19091 513
19092 513
19092 514
19092 514
19093 514
19093 515
19093 515
19094 515
19094 516
19094 516
19095 516
19095 516
19096 516
19096 516
19096 517
19097 517
19097 517
19103 517
19108 517
19114 515
19119 513
19125 511
19125 511
19125 511
19126 511
19126 511
19127 511
19127 511
19127 511
19128 511
19128 512
19128 512
19129 513
19129 513
19129 514
19130 514
19130 514
19131 515
19131 515
19131 515
19132 515
19132 516
19132 516
19133 516
19133 516
19133 516
19134 516
19134 516
19140 517
19145 516
19151 515
19157 513
19162 511
19162 511
19163 510
19163 510
19163 510
19164 510
19164 510
19164 511
19165 511
19165 511
19166 512
19166 512
19166 513
19167 513
19167 513
19167 514
19168 514
19168 514
19168 515
19169 515
19169 515
19170 515
19170 515
19170 516
19171 516
19171 516
19171 516
19177 516
19183 516
19188 514
19194 512
19200 510
19200 510
19200 510
19200 510
19201 509
19201 509
19201 510
19202 510
19202 510
19203 511
19203 511
19203 512
19204 512
19204 512
19204 513
19205 513
19205 513
19205 514
19206 514
19206 514
19206 514
19207 515
19207 515
19208 515
19208 515
19208 515
19209 515
19214 515
19220 515
19226 514
19231 512
19237 509
19237 509
19237 509
19238 509
19238 509
19238 509
19239 509
19239 509
19240 509
19240 510
19240 510
19241 511
19241 511
19241 512
19242 512
19242 512
19242 513
19243 513
19243 513
19244 513
19244 514
19244 514
19245 514
19245 514
19245 514
19246 514
19246 514
19252 515
19257 514
19263 513
19269 511
19274 508
19274 508
19275 508
19275 508
19276 508
19276 508
19276 508
19277 508
19277 509
19277 509
19278 510
19278 510
19278 510
19279 511
19279 511
19280 512
19280 512
19280 512
19281 512
19281 513
19281 513
19282 513
19282 513
19282 513
19283 513
19283 513
19284 514
19289 514
19295 514
19301 512
19306 510
19312 508
19312 508
19312 508
19313 508
19313 507
19313 507
19314 508
19314 508
19315 508
19315 509
19315 509
19316 509
19316 510
19316 510
19317 511
19317 511
19317 511
19318 512
19318 512
19319 512
19319 512
19319 512
19320 513
19320 513
19320 513
19321 513
19321 513
19327 514
19332 513
19338 512
19344 510
19350 508
19350 508
19350 507
19350 507
19351 507
19351 507
19351 507
19352 507
19352 508
19353 508
19353 509
19353 509
19354 509
19354 510
19354 510
19355 511
19355 511
19355 511
19356 511
19356 512
19357 512
19357 512
19357 512
19358 512
19358 512
19358 513
19359 513
19364 513
19370 513
19376 512
19382 510
19387 507
19387 507
19388 507
19388 507
19388 507
19389 507
19389 507
19390 507
19390 507
19390 508
19391 508
19391 509
19391 509
19392 510
19392 510
19392 510
19393 511
19393 511
19394 511
19394 511
19394 512
19395 512
19395 512
19395 512
19396 512
19396 512
19396 512
19402 513
19408 512
19414 511
19419 509
19425 507
19425 507
19426 507
19426 507
19426 507
19427 507
19427 507
19427 507
19428 507
19428 508
19428 508
19429 508
19429 509
19430 509
19430 510
19430 510
19431 510
19431 511
19431 511
19432 511
19432 511
19432 511
19433 512
19433 512
19434 512
19434 512
19434 512
19440 513
19446 512
19452 511
19457 509
19463 507
19463 507
19463 507
19464 507
19464 506
19464 506
19465 506
19465 507
19466 507
19466 507
19466 508
19467 508
19467 509
19467 509
19468 509
19468 510
19468 510
19469 510
19469 511
19470 511
19470 511
19470 511
19471 511
19471 511
19471 512
19472 512
19472 512
19478 512
19484 512
19489 511
19495 509
19501 507
19501 507
19501 506
19502 506
19502 506
19502 506
19503 506
19503 506
19504 507
19504 507
19504 507
19505 508
19505 508
19505 509
19506 509
19506 509
19506 510
19507 510
19507 510
19508 511
19508 511
19508 511
19509 511
19509 511
19509 511
19510 511
19510 512
19516 512
19522 512
19527 511
19533 509
19539 506
19539 506
19539 506
19540 506
19540 506
19540 506
19541 506
19541 506
19542 507
19542 507
19542 507
19543 508
19543 508
19543 509
19544 509
19544 509
19544 510
19545 510
19545 510
19546 510
19546 511
19546 511
19547 511
19547 511
19547 511
19548 511
19548 511
19554 512
19560 512
19565 510
19571 509
19577 506
19577 506
19577 506
19578 506
19578 506
19579 506
19579 506
19579 506
19580 506
19580 507
19580 507
19581 507
19581 508
19581 508
19582 509
19582 509
19583 509
19583 510
19583 510
19584 510
19584 510
19584 510
19585 511
19585 511
19585 511
19586 511
19586 511
19592 512
19598 511
19604 510
19609 508
19615 506
19615 506
19616 506
19616 506
19616 506
19617 505
19617 506
19617 506
19618 506
19618 506
19619 507
19619 507
19619 508
19620 508
19620 508
19620 509
19621 509
19621 509
19621 510
19622 510
19622 510
19623 510
19623 510
19623 510
19624 511
19624 511
19624 511
19630 511
19636 511
19642 510
19648 508
19654 506
19654 506
19654 505
19654 505
19655 505
19655 505
19655 505
19656 505
19656 506
19656 506
19657 506
19657 507
19658 507
19658 508
19658 508
19659 508
19659 509
19659 509
19660 509
19660 509
19660 510
19661 510
19661 510
19662 510
19662 510
19662 510
19663 510
19668 511
19674 511
19680 510
19686 508
19692 505
19692 505
19692 505
19693 505
19693 505
19693 505
19694 505
19694 505
19694 505
19695 506
19695 506
19696 506
19696 507
19696 507
19697 508
19697 508
19697 508
19698 509
19698 509
19698 509
19699 509
19699 509
19700 510
19700 510
19700 510
19701 510
19701 510
19707 511
19713 510
19719 509
19724 507
19730 505
19730 505
19731 505
19731 505
19731 505
19732 504
19732 504
19733 505
19733 505
19733 505
19734 506
19734 506
19734 506
19735 507
19735 507
19735 508
19736 508
19736 508
19737 508
19737 509
19737 509
19738 509
19738 509
19738 509
19739 509
19739 510
19739 510
19745 510
19751 510
19757 509
19763 507
19769 505
19769 505
19769 504
19770 504
19770 504
19770 504
19771 504
19771 504
19771 504
19772 505
19772 505
19773 506
19773 506
19773 506
19774 507
19774 507
19774 507
19775 508
19775 508
19775 508
19776 508
19776 509
19777 509
19777 509
19777 509
19778 509
19778 509
19784 510
19790 509
19796 508
19802 506
19808 504
19808 504
19808 504
19808 504
19809 503
19809 503
19809 503
19810 504
19810 504
19810 504
19811 504
19811 505
19812 505
19812 506
19812 506
19813 506
19813 507
19813 507
19814 507
19814 507
19814 508
19815 508
19815 508
19815 508
19816 508
19816 508
19817 508
19823 509
19828 509
19834 507
19840 506
19846 503
19846 503
19847 503
19847 503
19847 503
19848 503
19848 503
19848 503
19849 503
19849 503
19849 504
19850 504
19850 504
19851 505
19851 505
19851 506
19852 506
19852 506
19852 506
19853 507
19853 507
19853 507
19854 507
19854 507
19855 507
19855 508
19855 508
19861 508
19867 508
19873 507
19879 505
19885 502
19885 502
19885 502
19886 502
19886 502
19886 502
19887 502
19887 502
19887 502
19888 503
19888 503
19889 503
19889 504
19889 504
19890 504
19890 505
19890 505
19891 505
19891 506
19891 506
19892 506
19892 506
19893 506
19893 507
19893 507
19894 507
19894 507
19900 508
19906 507
19912 506
19918 504
19924 502
19924 502
19924 502
19925 502
19925 502
19925 501
19926 501
19926 502
19926 502
19927 502
19927 502
19927 503
19928 503
19928 504
19929 504
19929 504
19929 505
19930 505
19930 505
19930 505
19931 506
19931 506
19931 506
19932 506
19932 506
19933 506
19933 506
19939 507
19945 507
19951 506
19957 504
19963 502
19963 502
19963 501
19964 501
19964 501
19964 501
19965 501
19965 501
19965 501
19966 502
19966 502
19966 502
19967 503
19967 503
19967 503
19968 504
19968 504
19969 504
19969 505
19969 505
19970 505
19970 505
19970 505
19971 506
19971 506
19971 506
19972 506
19978 507
19984 506
19990 505
19996 504
20002 501
20002 501
20002 501
20003 501
20003 501
20003 501
20004 501
20004 501
20004 501
20005 501
20005 502
20005 502
20006 502
20006 503
20007 503
20007 503
20007 504
20008 504
20008 504
20008 505
20009 505
20009 505
20009 505
20010 505
20010 505
20011 505
20011 506
20017 506
20023 506
20029 505
20035 503
20041 501
20041 501
20041 501
20042 501
20042 501
20042 500
20043 500
20043 501
20043 501
20044 501
20044 501
20045 502
20045 502
20045 502
20046 503
20046 503
20046 503
20047 504
20047 504
20047 504
20048 504
20048 505
20049 505
20049 505
20049 505
20050 505
20050 505
20056 506
20062 506
20068 505
20074 503
20080 501
20080 501
20081 501
20081 500
20081 500
20082 500
20082 500
20082 500
20083 501
20083 501
20083 501
20084 502
20084 502
20085 502
20085 503
20085 503
20086 503
20086 503
20086 504
20087 504
20087 504
20087 504
20088 505
20088 505
20088 505
20089 505
20089 505
20095 506
20101 506
20107 505
20113 503
20119 501
20119 501
20120 500
20120 500
20120 500
20121 500
20121 500
20122 500
20122 500
20122 501
20123 501
20123 501
20123 502
20124 502
20124 502
20124 503
20125 503
20125 503
20126 504
20126 504
20126 504
20127 504
20127 504
20127 504
20128 505
20128 505
20128 505
20135 506
20141 505
20147 504
20153 503
20159 500
20159 500
20159 500
20159 500
20160 500
20160 500
20161 500
20161 500
20161 500
20162 500
20162 501
20162 501
20163 501
20163 502
20163 502
20164 502
20164 503
20165 503
20165 503
20165 503
20166 504
20166 504
20166 504
20167 504
20167 504
20167 504
20168 505
20174 505
20180 505
20186 504
20192 502
20198 500
20198 500
20199 500
20199 500
20199 500
20200 500
20200 500
20200 500
20201 500
20201 500
20201 500
20202 501
20202 501
20203 501
20203 502
20203 502
20204 502
20204 503
20204 503
20205 503
20205 503
20205 504
20206 504
20206 504
20207 504
20207 504
20207 504
20213 505
20219 505
20226 504
20232 502
20238 500
20238 500
20238 500
20238 499
20239 499
20239 499
20240 499
20240 499
20240 500
20241 500
20241 500
20241 500
20242 501
20242 501
20242 501
20243 502
20243 502
20244 502
20244 503
20244 503
20245 503
20245 503
20245 503
20246 504
20246 504
20246 504
20247 504
20253 505
20259 505
20265 504
20271 502
20277 499
20277 499
20278 499
20278 499
20278 499
20279 499
20279 499
20280 499
20280 499
20280 499
20281 500
20281 500
20281 500
20282 501
20282 501
20282 501
20283 502
20283 502
20284 502
20284 502
20284 503
20285 503
20285 503
20285 503
20286 503
20286 503
20286 504
20293 504
20299 504
20305 503
20311 501
20317 499
20317 499
20317 499
20318 499
20318 499
20319 499
20319 499
20319 499
20320 499
20320 499
20320 499
20321 500
20321 500
20321 500
20322 501
20322 501
20323 501
20323 502
20323 502
20324 502
20324 502
20324 503
20325 503
20325 503
20325 503
20326 503
20326 503
20332 504
20338 504
20345 503
20351 501
20357 499
20357 499
20357 499
20358 499
20358 498
20358 498
20359 498
20359 498
20359 499
20360 499
20360 499
20361 499
20361 500
20361 500
20362 501
20362 501
20362 501
20363 501
20363 502
20363 502
20364 502
20364 502
20365 502
20365 503
20365 503
20366 503
20366 503
20372 504
20378 504
20384 503
20391 501
20397 499
20397 499
20397 499
20397 498
20398 498
20398 498
20399 498
20399 498
20399 498
20400 499
20400 499
20400 499
20401 500
20401 500
20401 500
20402 501
20402 501
20403 501
20403 501
20403 502
20404 502
20404 502
20404 502
20405 502
20405 503
20405 503
20406 503
20412 504
20418 503
20424 502
20430 501
20437 498
20437 498
20437 498
20437 498
20438 498
20438 498
20438 498
20439 498
20439 498
20440 498
20440 498
20440 499
20441 499
20441 499
20441 500
20442 500
20442 500
20442 501
20443 501
20443 501
20444 501
20444 502
20444 502
20445 502
20445 502
20445 502
20446 502
20452 503
20458 503
20464 502
20470 500
20477 498
20477 498
20477 497
20477 497
20478 497
20478 497
20479 497
20479 497
20479 497
20480 497
20480 498
20480 498
20481 498
20481 499
20481 499
20482 499
20482 500
20482 500
20483 500
20483 500
20484 501
20484 501
20484 501
20485 501
20485 501
20485 501
20486 501
20492 502
20498 502
20504 501
20511 499
20517 497
20517 497
20517 497
20518 497
20518 496
20518 496
20519 496
20519 496
20519 497
20520 497
20520 497
20520 497
20521 498
20521 498
20522 498
20522 499
20522 499
20523 499
20523 499
20523 500
20524 500
20524 500
20524 500
20525 500
20525 501
20526 501
20526 501
20532 502
20538 501
20545 500
20551 499
20557 496
20557 496
20557 496
20558 496
20558 496
20559 496
20559 496
20559 496
20560 496
20560 496
20560 496
20561 497
20561 497
20561 497
20562 498
20562 498
20562 498
20563 499
20563 499
20564 499
20564 499
20564 499
20565 500
20565 500
20565 500
20566 500
20566 500
20572 501
20579 501
20585 500
20591 498
20597 496
20597 496
20598 496
20598 496
20598 495
20599 495
20599 495
20600 495
20600 496
20600 496
20601 496
20601 496
20601 497
20602 497
20602 497
20602 498
20603 498
20603 498
20603 498
20604 499
20604 499
20605 499
20605 499
20605 499
20606 499
20606 500
20606 500
20613 501
20619 500
20625 500
20631 498
20638 496
20638 496
20638 495
20638 495
20639 495
20639 495
20640 495
20640 495
20640 495
20641 495
20641 496
20641 496
20642 496
20642 497
20642 497
20643 497
20643 497
20644 498
20644 498
20644 498
20645 498
20645 499
20645 499
20646 499
20646 499
20646 499
20647 499
20653 500
20659 500
20666 499
20672 497
20678 495
20678 495
20679 495
20679 495
20679 495
20680 495
20680 495
20680 495
20681 495
20681 495
20681 495
20682 496
20682 496
20683 496
20683 496
20683 497
20684 497
20684 497
20684 498
20685 498
20685 498
20685 498
20686 498
20686 499
20687 499
20687 499
20687 499
20694 500
20700 500
20706 499
20712 497
20719 495
20719 495
20719 495
20719 495
20720 495
20720 494
20721 494
20721 494
20721 495
20722 495
20722 495
20722 495
20723 496
20723 496
20723 496
20724 496
20724 497
20725 497
20725 497
20725 498
20726 498
20726 498
20726 498
20727 498
20727 498
20727 499
20728 499
20734 500
20740 500
20747 499
20753 497
20759 495
20759 495
20760 495
20760 494
20760 494
20761 494
20761 494
20762 494
20762 494
20762 494
20763 495
20763 495
20763 495
20764 496
20764 496
20764 496
20765 496
20765 497
20765 497
20766 497
20766 497
20767 498
20767 498
20767 498
20768 498
20768 498
20768 498
20775 499
20781 499
20787 498
20794 497
20800 494
20800 494
20800 494
20801 494
20801 494
20802 494
20802 494
20802 494
20803 494
20803 494
20803 494
20804 495
20804 495
20804 495
20805 496
20805 496
20805 496
20806 496
20806 497
20807 497
20807 497
20807 497
20808 497
20808 498
20808 498
20809 498
20809 498
20815 499
20822 499
20828 498
20835 496
20841 494
20841 494
20841 494
20842 494
20842 494
20842 494
20843 493
20843 494
20843 494
20844 494
20844 494
20845 494
20845 495
20845 495
20846 495
20846 495
20846 496
20847 496
20847 496
20847 496
20848 497
20848 497
20848 497
20849 497
20849 497
20850 497
20850 498
20856 499
20863 499
20869 498
20875 496
20882 494
20882 494
20882 494
20883 493
20883 493
20883 493
20884 493
20884 493
20884 493
20885 493
20885 494
20885 494
20886 494
20886 494
20887 495
20887 495
20887 495
20888 496
20888 496
20888 496
20889 496
20889 496
20889 497
20890 497
20890 497
20891 497
20891 497
20897 498
20904 498
20910 497
20916 496
20923 493
20923 493
20923 493
20924 493
20924 493
20924 493
20925 493
20925 493
20925 493
20926 493
20926 493
20926 494
20927 494
20927 494
20927 494
20928 495
20928 495
20929 495
20929 495
20929 496
20930 496
20930 496
20930 496
20931 496
20931 497
20931 497
20932 497
20938 498
20945 498
20951 497
20957 495
20964 493
20964 493
20964 493
20965 493
20965 492
20965 492
20966 492
20966 492
20966 492
20967 493
20967 493
20967 493
20968 493
20968 494
20969 494
20969 494
20969 495
20970 495
20970 495
20970 495
20971 495
20971 496
20971 496
20972 496
20972 496
20973 496
20973 496
20979 497
20986 497
20992 496
20999 495
21005 492
21005 492
21005 492
21006 492
21006 492
21006 492
21007 492
21007 492
21008 492
21008 492
21008 492
21009 493
21009 493
21009 493
21010 493
21010 494
21010 494
21011 494
21011 495
21012 495
21012 495
21012 495
21013 495
21013 495
21013 496
21014 496
21014 496
21021 497
21027 497
21033 496
21040 494
21046 492
21046 492
21047 492
21047 492
21047 491
21048 491
21048 491
21048 491
21049 491
21049 492
21050 492
21050 492
21050 492
21051 493
21051 493
21051 493
21052 493
21052 494
21052 494
21053 494
21053 494
21054 494
21054 495
21054 495
21055 495
21055 495
21055 495
21062 496
21068 496
21075 495
21081 493
21088 491
21088 491
21088 491
21088 491
21089 491
21089 491
21089 490
21090 490
21090 491
21090 491
21091 491
21091 491
21092 491
21092 492
21092 492
21093 492
21093 493
21093 493
21094 493
21094 493
21094 493
21095 494
21095 494
21096 494
21096 494
21096 494
21097 494
21103 495
21110 495
21116 494
21123 493
21129 490
21129 490
21129 490
21130 490
21130 490
21130 490
21131 490
21131 490
21132 490
21132 490
21132 490
21133 490
21133 491
21133 491
21134 491
21134 492
21134 492
21135 492
21135 492
21136 492
21136 493
21136 493
21137 493
21137 493
21137 493
21138 493
21138 494
21145 495
21151 495
21158 494
21164 492
21171 490
21171 490
21171 490
21171 489
21172 489
21172 489
21172 489
21173 489
21173 489
21173 489
21174 490
21174 490
21175 490
21175 490
21175 491
21176 491
21176 491
21176 491
21177 492
21177 492
21177 492
21178 492
21178 492
21179 493
21179 493
21179 493
21180 493
21186 494
21193 494
21199 493
21206 492
21212 489
21212 489
21213 489
21213 489
21213 489
21214 489
21214 489
21214 489
21215 489
21215 489
21215 489
21216 489
21216 490
21217 490
21217 490
21217 490
21218 491
21218 491
21218 491
21219 491
21219 492
21219 492
21220 492
21220 492
21221 492
21221 492
21221 493
21228 494
21234 494
21241 493
21247 491
21254 489
21254 489
21254 489
21255 489
21255 489
21255 488
21256 488
21256 488
21256 488
21257 489
21257 489
21257 489
21258 489
21258 490
21259 490
21259 490
21259 490
21260 491
21260 491
21260 491
21261 491
21261 491
21261 492
21262 492
21262 492
21263 492
21263 492
21269 493
21276 493
21282 492
21289 491
21296 489
