1498.1 25
1498.4 25
1498.8 25
1499.2 25
1499.5 25
1499.9 25
1500.3 25
1500.6 25
1501 25
1501.3 25
1501.7 25
1502.1 25
1502.4 25
1502.8 25
1503.2 25
1503.5 25
1503.9 25
1504.2 25
1504.6 25
1505 25
1505.3 25
1505.7 25
1506.1 25
1506.4 25
1506.8 25
1507.1 25
1507.3 25
1507.5 25
1507.7 25
1507.9 25
1508.1 25
1508.1 1.4e+03
1508.4 306
1508.8 231
1509.2 199
1509.5 179
1509.9 165
1510.2 154
1510.6 146
1511 138
1511.3 132
1511.7 126
1512.1 120
1512.4 116
1512.8 111
1513.1 107
1513.5 103
1513.9 99.1
1514.2 95.6
1514.6 92.3
1515 89.3
1515.3 86.3
1515.7 83.6
1516 80.9
1516.4 78.5
1516.8 76.1
1517.1 73.9
1517.3 73
1517.5 72
1517.7 71
1517.9 70.1
1518 69.2
1518 1.4e+03
1518.4 305
1518.8 231
1519.1 199
1519.5 179
1519.9 165
1520.2 155
1520.6 146
1521 138
1521.3 132
1521.7 126
1522 121
1522.4 116
1522.8 111
1523.1 107
1523.5 103
1523.9 99.6
1524.2 96.1
1524.6 92.8
1524.9 89.7
1525.3 86.8
1525.7 84
1526 81.4
1526.4 79
1526.8 76.6
1527.1 74.4
1527.3 73.5
1527.5 72.5
1527.7 71.5
1527.8 70.6
1528 69.6
1528 1.28e+03
1528.4 305
1528.8 231
1529.1 199
1529.5 179
1529.8 166
1530.2 155
1530.6 146
1530.9 139
1531.3 132
1531.7 127
1532 121
1532.4 116
1532.8 112
1533.1 108
1533.5 104
1533.8 100
1534.2 96.6
1534.6 93.3
1534.9 90.2
1535.3 87.3
1535.7 84.6
1536 82
1536.4 79.5
1536.7 77.1
1537.1 74.9
1537.3 74
1537.5 73
1537.6 72
1537.8 71.1
1538 70.1
1538 1.17e+03
1538.4 305
1538.7 231
1539.1 199
1539.5 180
1539.8 166
1540.2 155
1540.6 147
1540.9 139
1541.3 133
1541.7 127
1542 122
1542.4 117
1542.7 112
1543.1 108
1543.5 104
1543.8 101
1544.2 97.1
1544.6 93.8
1544.9 90.7
1545.3 87.8
1545.6 85.1
1546 82.4
1546.4 80
1546.7 77.6
1547.1 75.4
1547.3 74.5
1547.5 73.5
1547.6 72.5
1547.8 71.6
1548 70.6
1548 1.06e+03
1548.4 304
1548.7 231
1549.1 199
1549.5 180
1549.8 166
1550.2 155
1550.5 147
1550.9 140
1551.3 133
1551.6 127
1552 122
1552.4 117
1552.7 113
1553.1 109
1553.5 105
1553.8 101
1554.2 97.6
1554.5 94.3
1554.9 91.2
1555.3 88.3
1555.6 85.6
1556 83
1556.4 80.5
1556.7 78.2
1557.1 75.9
1557.3 75
1557.4 74
1557.6 73
1557.8 72.1
1558 71.1
1558 952
1558.4 303
1558.7 231
1559.1 199
1559.4 180
1559.8 166
1560.2 156
1560.5 147
1560.9 140
1561.3 133
1561.6 128
1562 122
1562.4 118
1562.7 113
1563.1 109
1563.4 105
1563.8 101
1564.2 98.1
1564.5 94.8
1564.9 91.7
1565.3 88.8
1565.6 86.1
1566 83.5
1566.3 81
1566.7 78.7
1567.1 76.4
1567.2 75.5
1567.4 74.5
1567.6 73.5
1567.8 72.6
1568 71.6
1568 845
1568.3 302
1568.7 231
1569.1 200
1569.4 180
1569.8 167
1570.2 156
1570.5 148
1570.9 140
1571.2 134
1571.6 128
1572 123
1572.3 118
1572.7 114
1573.1 110
1573.4 106
1573.8 102
1574.2 98.6
1574.5 95.3
1574.9 92.3
1575.2 89.4
1575.6 86.6
1576 84
1576.3 81.5
1576.7 79.2
1577.1 77
1577.2 76
1577.4 75
1577.6 74
1577.8 73.1
1578 72.1
1578 750
1578.3 301
1578.7 231
1579.1 200
1579.4 180
1579.8 167
1580.1 156
1580.5 148
1580.9 141
1581.2 134
1581.6 128
1582 123
1582.3 119
1582.7 114
1583 110
1583.4 106
1583.8 102
1584.1 99.1
1584.5 95.8
1584.9 92.8
1585.2 89.9
1585.6 87.1
1586 84.5
1586.3 82.1
1586.7 79.7
1587 77.5
1587.2 76.5
1587.4 75.5
1587.6 74.5
1587.8 73.6
1587.9 72.6
1588 648
1588.3 300
1588.7 231
1589 200
1589.4 181
1589.8 167
1590.1 157
1590.5 148
1590.9 141
1591.2 135
1591.6 129
1591.9 124
1592.3 119
1592.7 115
1593 110
1593.4 107
1593.8 103
1594.1 99.6
1594.5 96.4
1594.9 93.3
1595.2 90.4
1595.6 87.7
1595.9 85.1
1596.3 82.6
1596.7 80.2
1597 78
1597.2 77
1597.4 76
1597.6 75.1
1597.8 74.1
1597.9 73.2
1597.9 554
1598.3 299
1598.7 231
1599 200
1599.4 181
1599.8 167
1600.1 157
1600.5 149
1600.8 141
1601.2 135
1601.6 129
1601.9 124
1602.3 119
1602.7 115
1603 111
1603.4 107
1603.7 103
1604.1 100
1604.5 96.9
1604.8 93.8
1605.2 90.9
1605.6 88.2
1605.9 85.6
1606.3 83.1
1606.7 80.8
1607 78.5
1607.2 77.6
1607.4 76.6
1607.6 75.6
1607.7 74.6
1607.9 73.7
1607.9 466
1608.3 297
1608.7 230
1609 200
1609.4 181
1609.7 168
1610.1 157
1610.5 149
1610.8 142
1611.2 135
1611.6 130
1611.9 125
1612.3 120
1612.6 116
1613 111
1613.4 108
1613.7 104
1614.1 101
1614.5 97.4
1614.8 94.4
1615.2 91.5
1615.6 88.7
1615.9 86.1
1616.3 83.7
1616.6 81.3
1617 79.1
1617.2 78.1
1617.4 77.1
1617.5 76.1
1617.7 75.1
1617.9 74.2
1617.9 388
1618.3 295
1618.6 230
1619 200
1619.4 181
1619.7 168
1620.1 158
1620.5 149
1620.8 142
1621.2 136
1621.5 130
1621.9 125
1622.3 120
1622.6 116
1623 112
1623.4 108
1623.7 105
1624.1 101
1624.4 97.9
1624.8 94.9
1625.2 92
1625.5 89.3
1625.9 86.7
1626.3 84.2
1626.6 81.8
1627 79.6
1627.2 78.6
1627.4 77.6
1627.5 76.6
1627.7 75.6
1627.9 74.7
1627.9 319
1628.3 293
1628.6 230
1629 200
1629.4 182
1629.7 168
1630.1 158
1630.4 150
1630.8 142
1631.2 136
1631.5 131
1631.9 125
1632.3 121
1632.6 116
1633 112
1633.3 109
1633.7 105
1634.1 102
1634.4 98.4
1634.8 95.4
1635.2 92.5
1635.5 89.8
1635.9 87.2
1636.2 84.7
1636.6 82.4
1637 80.1
1637.2 79.1
1637.3 78.1
1637.5 77.1
1637.7 76.2
1637.9 75.2
1637.9 261
1638.3 291
1638.6 230
1639 200
1639.3 182
1639.7 169
1640.1 158
1640.4 150
1640.8 143
1641.2 137
1641.5 131
1641.9 126
1642.2 121
1642.6 117
1643 113
1643.3 109
1643.7 105
1644.1 102
1644.4 98.9
1644.8 95.9
1645.1 93
1645.5 90.3
1645.9 87.7
1646.2 85.2
1646.6 82.9
1647 80.6
1647.1 79.6
1647.3 78.6
1647.5 77.6
1647.7 76.7
1647.9 75.7
1647.9 212
1648.2 289
1648.6 229
1649 200
1649.3 182
1649.7 169
1650.1 159
1650.4 150
1650.8 143
1651.1 137
1651.5 131
1651.9 126
1652.2 122
1652.6 117
1653 113
1653.3 110
1653.7 106
1654 103
1654.4 99.4
1654.8 96.4
1655.1 93.6
1655.5 90.8
1655.9 88.2
1656.2 85.8
1656.6 83.4
1656.9 81.2
1657.1 80.1
1657.3 79.1
1657.5 78.2
1657.7 77.2
1657.9 76.2
1657.9 174
1658.2 287
1658.6 229
1659 200
1659.3 182
1659.7 169
1660 159
1660.4 151
1660.8 144
1661.1 137
1661.5 132
1661.9 127
1662.2 122
1662.6 118
1662.9 114
1663.3 110
1663.7 106
1664 103
1664.4 99.9
1664.8 96.9
1665.1 94.1
1665.5 91.3
1665.8 88.7
1666.2 86.3
1666.6 83.9
1666.9 81.7
1667.1 80.7
1667.3 79.7
1667.5 78.7
1667.7 77.7
1667.8 76.7
1667.9 145
1668.2 285
1668.6 228
1668.9 200
1669.3 182
1669.7 169
1670 159
1670.4 151
1670.8 144
1671.1 138
1671.5 132
1671.8 127
1672.2 123
1672.6 118
1672.9 114
1673.3 110
1673.7 107
1674 104
1674.4 100
1674.7 97.4
1675.1 94.6
1675.5 91.8
1675.8 89.3
1676.2 86.8
1676.6 84.4
1676.9 82.2
1677.1 81.2
1677.3 80.2
1677.5 79.2
1677.7 78.2
1677.8 77.2
1677.8 124
1678.2 282
1678.6 228
1678.9 200
1679.3 182
1679.7 169
1680 159
1680.4 151
1680.7 144
1681.1 138
1681.5 133
1681.8 128
1682.2 123
1682.6 119
1682.9 115
1683.3 111
1683.6 107
1684 104
1684.4 101
1684.7 97.9
1685.1 95.1
1685.5 92.3
1685.8 89.8
1686.2 87.3
1686.5 84.9
1686.9 82.7
1687.1 81.7
1687.3 80.7
1687.5 79.7
1687.6 78.7
1687.8 77.7
1687.8 109
1688.2 279
1688.6 227
1688.9 200
1689.3 182
1689.6 170
1690 160
1690.4 151
1690.7 144
1691.1 138
1691.5 133
1691.8 128
1692.2 123
1692.5 119
1692.9 115
1693.3 111
1693.6 108
1694 105
1694.4 101
1694.7 98.4
1695.1 95.6
1695.4 92.8
1695.8 90.3
1696.2 87.8
1696.5 85.4
1696.9 83.2
1697.1 82.2
1697.3 81.2
1697.4 80.2
1697.6 79.2
1697.8 78.2
1697.8 98.7
1698.2 277
1698.5 227
1698.9 200
1699.3 182
1699.6 170
1700 160
1700.4 152
1700.7 145
1701.1 139
1701.4 133
1701.8 128
1702.2 124
1702.5 120
1702.9 116
1703.3 112
1703.6 108
1704 105
1704.3 102
1704.7 98.9
1705.1 96
1705.4 93.3
1705.8 90.8
1706.2 88.3
1706.5 85.9
1706.9 83.7
1707.1 82.7
1707.2 81.7
1707.4 80.7
1707.6 79.7
1707.8 78.7
1707.8 92
1708.2 274
1708.5 226
1708.9 200
1709.3 182
1709.6 170
1710 160
1710.3 152
1710.7 145
1711.1 139
1711.4 134
1711.8 129
1712.2 124
1712.5 120
1712.9 116
1713.2 112
1713.6 109
1714 105
1714.3 102
1714.7 99.4
1715.1 96.5
1715.4 93.8
1715.8 91.2
1716.1 88.8
1716.5 86.4
1716.9 84.2
1717.1 83.2
1717.2 82.1
1717.4 81.2
1717.6 80.2
1717.8 79.2
1717.8 87.7
1718.2 271
1718.5 225
1718.9 199
1719.2 182
1719.6 170
1720 160
1720.3 152
1720.7 145
1721.1 139
1721.4 134
1721.8 129
1722.1 125
1722.5 120
1722.9 116
1723.2 113
1723.6 109
1724 106
1724.3 103
1724.7 99.8
1725 97
1725.4 94.3
1725.8 91.7
1726.1 89.3
1726.5 86.9
1726.9 84.7
1727 83.6
1727.2 82.6
1727.4 81.6
1727.6 80.7
1727.8 79.7
1727.8 85
1728.1 268
1728.5 224
1728.9 199
1729.2 182
1729.6 170
1730 161
1730.3 153
1730.7 146
1731 140
1731.4 134
1731.8 129
1732.1 125
1732.5 121
1732.9 117
1733.2 113
1733.6 110
1733.9 106
1734.3 103
1734.7 100
1735 97.5
1735.4 94.8
1735.8 92.2
1736.1 89.8
1736.5 87.4
1736.8 85.2
1737 84.1
1737.2 83.1
1737.4 82.1
1737.6 81.1
1737.8 80.2
1737.8 83.5
1738.1 265
1738.5 224
1738.9 199
1739.2 182
1739.6 170
1739.9 161
1740.3 153
1740.7 146
1741 140
1741.4 135
1741.8 130
1742.1 125
1742.5 121
1742.8 117
1743.2 114
1743.6 110
1743.9 107
1744.3 104
1744.7 101
1745 97.9
1745.4 95.3
1745.7 92.7
1746.1 90.2
1746.5 87.9
1746.8 85.6
1747 84.6
1747.2 83.6
1747.4 82.6
1747.6 81.6
1747.7 80.7
1747.8 82.7
1748.1 262
1748.5 223
1748.8 199
1749.2 182
1749.6 170
1749.9 161
1750.3 153
1750.7 146
1751 140
1751.4 135
1751.7 130
1752.1 126
1752.5 122
1752.8 118
1753.2 114
1753.6 111
1753.9 107
1754.3 104
1754.6 101
1755 98.4
1755.4 95.7
1755.7 93.2
1756.1 90.7
1756.5 88.4
1756.8 86.1
1757 85.1
1757.2 84.1
1757.4 83.1
1757.5 82.1
1757.7 81.1
1757.7 82.4
1758.1 258
1758.5 222
1758.8 198
1759.2 182
1759.6 170
1759.9 161
1760.3 153
1760.6 146
1761 141
1761.4 135
1761.7 130
1762.1 126
1762.5 122
1762.8 118
1763.2 114
1763.5 111
1763.9 108
1764.3 105
1764.6 102
1765 98.9
1765.4 96.2
1765.7 93.6
1766.1 91.2
1766.4 88.8
1766.8 86.6
1767 85.6
1767.2 84.5
1767.4 83.5
1767.5 82.6
1767.7 81.6
1767.7 82.4
1768.1 255
1768.5 221
1768.8 198
1769.2 182
1769.5 171
1769.9 161
1770.3 153
1770.6 147
1771 141
1771.4 136
1771.7 131
1772.1 126
1772.4 122
1772.8 118
1773.2 115
1773.5 111
1773.9 108
1774.3 105
1774.6 102
1775 99.3
1775.3 96.6
1775.7 94.1
1776.1 91.6
1776.4 89.3
1776.8 87.1
1777 86
1777.2 85
1777.3 84
1777.5 83
1777.7 82.1
1777.7 82.5
1778.1 252
1778.4 220
1778.8 198
1779.2 182
1779.5 171
1779.9 161
1780.3 154
1780.6 147
1781 141
1781.3 136
1781.7 131
1782.1 127
1782.4 123
1782.8 119
1783.2 115
1783.5 112
1783.9 109
1784.2 105
1784.6 103
1785 99.8
1785.3 97.1
1785.7 94.5
1786.1 92.1
1786.4 89.8
1786.8 87.5
1787 86.5
1787.1 85.5
1787.3 84.5
1787.5 83.5
1787.7 82.5
1787.7 82.8
1788.1 248
1788.4 219
1788.8 197
1789.2 182
1789.5 171
1789.9 161
1790.2 154
1790.6 147
1791 141
1791.3 136
1791.7 131
1792.1 127
1792.4 123
1792.8 119
1793.1 116
1793.5 112
1793.9 109
1794.2 106
1794.6 103
1795 100
1795.3 97.5
1795.7 95
1796 92.6
1796.4 90.2
1796.8 88
1797 86.9
1797.1 85.9
1797.3 84.9
1797.5 84
1797.7 83
1797.7 83.1
1798.1 245
1798.4 218
1798.8 197
1799.1 182
1799.5 171
1799.9 162
1800.2 154
1800.6 147
1801 142
1801.3 136
1801.7 132
1802 127
1802.4 123
1802.8 120
1803.1 116
1803.5 113
1803.9 109
1804.2 106
1804.6 103
1804.9 101
1805.3 98
1805.7 95.4
1806 93
1806.4 90.7
1806.8 88.5
1806.9 87.4
1807.1 86.4
1807.3 85.4
1807.5 84.4
1807.7 83.4
1807.7 83.5
1808 242
1808.4 217
1808.8 196
1809.1 182
1809.5 171
1809.9 162
1810.2 154
1810.6 148
1810.9 142
1811.3 137
1811.7 132
1812 128
1812.4 124
1812.8 120
1813.1 116
1813.5 113
1813.8 110
1814.2 107
1814.6 104
1814.9 101
1815.3 98.4
1815.7 95.9
1816 93.5
1816.4 91.1
1816.7 88.9
1816.9 87.9
1817.1 86.8
1817.3 85.8
1817.5 84.9
1817.7 83.9
1817.7 83.9
1818 238
1818.4 216
1818.8 196
1819.1 182
1819.5 171
1819.8 162
1820.2 154
1820.6 148
1820.9 142
1821.3 137
1821.7 132
1822 128
1822.4 124
1822.7 120
1823.1 117
1823.5 113
1823.8 110
1824.2 107
1824.6 104
1824.9 101
1825.3 98.8
1825.6 96.3
1826 93.9
1826.4 91.6
1826.7 89.4
1826.9 88.3
1827.1 87.3
1827.3 86.3
1827.5 85.3
1827.6 84.4
1827.6 84.3
1828 235
1828.4 215
1828.7 196
1829.1 181
1829.5 171
1829.8 162
1830.2 154
1830.6 148
1830.9 142
1831.3 137
1831.6 133
1832 128
1832.4 124
1832.7 121
1833.1 117
1833.5 114
1833.8 111
1834.2 108
1834.5 105
1834.9 102
1835.3 99.3
1835.6 96.8
1836 94.3
1836.4 92
1836.7 89.8
1836.9 88.7
1837.1 87.7
1837.3 86.7
1837.4 85.8
1837.6 84.8
1837.6 84.8
1838 231
1838.4 213
1838.7 195
1839.1 181
1839.4 171
1839.8 162
1840.2 155
1840.5 148
1840.9 143
1841.3 138
1841.6 133
1842 129
1842.4 125
1842.7 121
1843.1 117
1843.4 114
1843.8 111
1844.2 108
1844.5 105
1844.9 102
1845.3 99.7
1845.6 97.2
1846 94.8
1846.3 92.5
1846.7 90.2
1846.9 89.2
1847.1 88.2
1847.2 87.2
1847.4 86.2
1847.6 85.2
1847.6 85.2
1848 228
1848.3 212
1848.7 195
1849.1 181
1849.4 171
1849.8 162
1850.2 155
1850.5 148
1850.9 143
1851.3 138
1851.6 133
1852 129
1852.3 125
1852.7 121
1853.1 118
1853.4 114
1853.8 111
1854.2 108
1854.5 105
1854.9 103
1855.2 100
1855.6 97.6
1856 95.2
1856.3 92.9
1856.7 90.7
1856.9 89.6
1857.1 88.6
1857.2 87.6
1857.4 86.6
1857.6 85.7
1857.6 85.6
1858 224
1858.3 211
1858.7 194
1859.1 181
1859.4 170
1859.8 162
1860.1 155
1860.5 149
1860.9 143
1861.2 138
1861.6 133
1862 129
1862.3 125
1862.7 122
1863.1 118
1863.4 115
1863.8 112
1864.1 109
1864.5 106
1864.9 103
1865.2 101
1865.6 98
1866 95.6
1866.3 93.3
1866.7 91.1
1866.9 90.1
1867 89
1867.2 88
1867.4 87.1
1867.6 86.1
1867.6 86.1
1868 221
1868.3 210
1868.7 193
1869 181
1869.4 170
1869.8 162
1870.1 155
1870.5 149
1870.9 143
1871.2 138
1871.6 134
1872 130
1872.3 126
1872.7 122
1873 119
1873.4 115
1873.8 112
1874.1 109
1874.5 106
1874.9 104
1875.2 101
1875.6 98.4
1875.9 96
1876.3 93.7
1876.7 91.5
1876.8 90.5
1877 89.5
1877.2 88.5
1877.4 87.5
1877.6 86.5
1877.6 86.5
1877.9 218
1878.3 208
1878.7 193
1879 180
1879.4 170
1879.8 162
1880.1 155
1880.5 149
1880.8 143
1881.2 139
1881.6 134
1881.9 130
1882.3 126
1882.7 122
1883 119
1883.4 116
1883.8 112
1884.1 109
1884.5 107
1884.8 104
1885.2 101
1885.6 98.9
1885.9 96.5
1886.3 94.2
1886.7 92
1886.8 90.9
1887 89.9
1887.2 88.9
1887.4 87.9
1887.6 87
1887.6 86.9
1887.9 214
1888.3 207
1888.7 192
1889 180
1889.4 170
1889.7 162
1890.1 155
1890.5 149
1890.8 144
1891.2 139
1891.6 134
1891.9 130
1892.3 126
1892.6 123
1893 119
1893.4 116
1893.7 113
1894.1 110
1894.5 107
1894.8 104
1895.2 102
1895.6 99.3
1895.9 96.9
1896.3 94.6
1896.6 92.4
1896.8 91.3
1897 90.3
1897.2 89.3
1897.4 88.3
1897.5 87.4
1897.6 87.3
1897.9 211
1898.3 206
1898.6 192
1899 180
1899.4 170
1899.7 162
1900.1 155
1900.5 149
1900.8 144
1901.2 139
1901.5 135
1901.9 130
1902.3 127
1902.6 123
1903 120
1903.4 116
1903.7 113
1904.1 110
1904.5 107
1904.8 105
1905.2 102
1905.5 99.7
1905.9 97.3
1906.3 95
1906.6 92.8
1906.8 91.7
1907 90.7
1907.2 89.7
1907.4 88.8
1907.5 87.8
1907.5 87.8
1907.9 208
1908.3 204
1908.6 191
1909 179
1909.4 170
1909.7 162
1910.1 155
1910.4 149
1910.8 144
1911.2 139
1911.5 135
1911.9 131
1912.3 127
1912.6 123
1913 120
1913.3 117
1913.7 114
1914.1 111
1914.4 108
1914.8 105
1915.2 103
1915.5 100
1915.9 97.7
1916.3 95.4
1916.6 93.2
1916.8 92.2
1917 91.1
1917.2 90.2
1917.3 89.2
1917.5 88.2
1917.5 88.2
1917.9 204
1918.3 203
1918.6 190
1919 179
1919.3 170
1919.7 162
1920.1 155
1920.4 149
1920.8 144
1921.2 139
1921.5 135
1921.9 131
1922.2 127
1922.6 124
1923 120
1923.3 117
1923.7 114
1924.1 111
1924.4 108
1924.8 105
1925.2 103
1925.5 100
1925.9 98.1
1926.2 95.8
1926.6 93.6
1926.8 92.6
1927 91.6
1927.1 90.6
1927.3 89.6
1927.5 88.6
1927.5 88.6
1927.9 201
1928.2 201
1928.6 190
1929 179
1929.3 170
1929.7 162
1930.1 155
1930.4 150
1930.8 144
1931.1 140
1931.5 135
1931.9 131
1932.2 127
1932.6 124
1933 120
1933.3 117
1933.7 114
1934 111
1934.4 109
1934.8 106
1935.1 103
1935.5 101
1935.9 98.5
1936.2 96.2
1936.6 94
1936.8 93
1937 92
1937.1 91
1937.3 90
1937.5 89
1937.5 89
1937.9 198
1938.2 200
1938.6 189
1939 178
1939.3 170
1939.7 162
1940 155
1940.4 150
1940.8 145
1941.1 140
1941.5 135
1941.9 131
1942.2 128
1942.6 124
1942.9 121
1943.3 118
1943.7 115
1944 112
1944.4 109
1944.8 106
1945.1 104
1945.5 101
1945.8 98.9
1946.2 96.6
1946.6 94.4
1946.8 93.4
1946.9 92.4
1947.1 91.4
1947.3 90.4
1947.5 89.5
1947.5 89.4
1947.9 195
1948.2 199
1948.6 188
1948.9 178
1949.3 169
1949.7 162
1950 156
1950.4 150
1950.8 145
1951.1 140
1951.5 136
1951.8 132
1952.2 128
1952.6 124
1952.9 121
1953.3 118
1953.7 115
1954 112
1954.4 109
1954.7 107
1955.1 104
1955.5 102
1955.8 99.3
1956.2 97
1956.6 94.8
1956.7 93.8
1956.9 92.8
1957.1 91.8
1957.3 90.8
1957.5 89.9
1957.5 89.8
1957.8 192
1958.2 197
1958.6 188
1958.9 178
1959.3 169
1959.7 162
1960 156
1960.4 150
1960.7 145
1961.1 140
1961.5 136
1961.8 132
1962.2 128
1962.6 125
1962.9 121
1963.3 118
1963.6 115
1964 112
1964.4 110
1964.7 107
1965.1 104
1965.5 102
1965.8 99.6
1966.2 97.4
1966.5 95.2
1966.7 94.2
1966.9 93.2
1967.1 92.2
1967.3 91.2
1967.5 90.3
1967.5 90.2
1967.8 189
1968.2 196
1968.6 187
1968.9 177
1969.3 169
1969.6 162
1970 156
1970.4 150
1970.7 145
1971.1 140
1971.5 136
1971.8 132
1972.2 128
1972.5 125
1972.9 122
1973.3 119
1973.6 116
1974 113
1974.4 110
1974.7 107
1975.1 105
1975.4 102
1975.8 100
1976.2 97.8
1976.5 95.6
1976.7 94.6
1976.9 93.5
1977.1 92.6
1977.3 91.6
1977.4 90.6
1977.5 90.6
1977.8 186
1978.2 194
1978.5 186
1978.9 177
1979.3 169
1979.6 162
1980 156
1980.4 150
1980.7 145
1981.1 140
1981.4 136
1981.8 132
1982.2 129
1982.5 125
1982.9 122
1983.3 119
1983.6 116
1984 113
1984.3 110
1984.7 108
1985.1 105
1985.4 103
1985.8 100
1986.2 98.1
1986.5 96
1986.7 94.9
1986.9 93.9
1987.1 92.9
1987.3 92
1987.4 91
1987.4 91
1987.8 183
1988.2 193
1988.5 185
1988.9 177
1989.3 169
1989.6 162
1990 156
1990.3 150
1990.7 145
1991.1 141
1991.4 136
1991.8 133
1992.2 129
1992.5 125
1992.9 122
1993.2 119
1993.6 116
1994 113
1994.3 111
1994.7 108
1995.1 105
1995.4 103
1995.8 101
1996.1 98.5
1996.5 96.4
1996.7 95.3
1996.9 94.3
1997.1 93.3
1997.2 92.4
1997.4 91.4
1997.4 91.4
1997.8 182
1998.2 193
1998.5 186
1998.9 178
1999.2 170
1999.6 163
2000 157
2000.3 151
2000.7 147
2001.1 142
2001.4 138
2001.8 134
2002.1 130
2002.5 127
2002.9 123
2003.2 120
2003.6 117
2004 115
2004.3 112
2004.7 109
2005 107
2005.4 104
2005.8 102
2006.1 99.6
2006.5 97.4
2006.7 96.4
2006.9 95.4
2007 94.4
2007.2 93.4
2007.4 92.4
2007.4 92.4
2007.8 180
2008.1 192
2008.5 186
2008.9 178
2009.2 170
2009.6 163
2010 157
2010.3 152
2010.7 147
2011 142
2011.4 138
2011.8 134
2012.1 131
2012.5 127
2012.9 124
2013.2 121
2013.6 118
2013.9 115
2014.3 112
2014.7 110
2015 107
2015.4 105
2015.8 102
2016.1 100
2016.5 98
2016.7 96.9
2016.8 95.9
2017 94.9
2017.2 93.9
2017.4 93
2017.4 92.9
2017.8 177
2018.1 190
2018.5 185
2018.9 177
2019.2 170
2019.6 163
2019.9 157
2020.3 152
2020.7 147
2021 142
2021.4 138
2021.8 134
2022.1 131
2022.5 127
2022.8 124
2023.2 121
2023.6 118
2023.9 115
2024.3 113
2024.7 110
2025 107
2025.4 105
2025.7 103
2026.1 100
2026.5 98.3
2026.7 97.2
2026.8 96.2
2027 95.2
2027.2 94.2
2027.4 93.3
2027.4 93.2
2027.8 174
2028.1 188
2028.5 184
2028.8 176
2029.2 169
2029.6 163
2029.9 157
2030.3 152
2030.7 147
2031 142
2031.4 138
2031.7 134
2032.1 131
2032.5 127
2032.8 124
2033.2 121
2033.6 118
2033.9 115
2034.3 113
2034.6 110
2035 108
2035.4 105
2035.7 103
2036.1 101
2036.5 98.5
2036.6 97.5
2036.8 96.5
2037 95.5
2037.2 94.5
2037.4 93.6
2037.4 93.5
2037.7 171
2038.1 187
2038.5 182
2038.8 175
2039.2 168
2039.6 162
2039.9 156
2040.3 151
2040.6 147
2041 142
2041.4 138
2041.7 134
2042.1 131
2042.5 127
2042.8 124
2043.2 121
2043.5 118
2043.9 116
2044.3 113
2044.6 110
2045 108
2045.4 105
2045.7 103
2046.1 101
2046.4 98.7
2046.6 97.7
2046.8 96.7
2047 95.7
2047.2 94.7
2047.4 93.8
2047.4 93.8
2047.7 168
2048.1 185
2048.5 181
2048.8 175
2049.2 168
2049.5 162
2049.9 156
2050.3 151
2050.6 146
2051 142
2051.4 138
2051.7 134
2052.1 131
2052.4 128
2052.8 124
2053.2 121
2053.5 118
2053.9 116
2054.3 113
2054.6 110
2055 108
2055.3 106
2055.7 103
2056.1 101
2056.4 99
2056.6 98
2056.8 97
2057 96
2057.2 95
2057.3 94.1
2057.4 94
2057.7 166
2058.1 183
2058.4 180
2058.8 174
2059.2 168
2059.5 161
2059.9 156
2060.3 151
2060.6 146
2061 142
2061.3 138
2061.7 134
2062.1 131
2062.4 128
2062.8 125
2063.2 121
2063.5 119
2063.9 116
2064.2 113
2064.6 111
2065 108
2065.3 106
2065.7 104
2066.1 101
2066.4 99.2
2066.6 98.2
2066.8 97.2
2067 96.2
2067.1 95.3
2067.3 94.3
2067.3 94.3
2067.7 163
2068.1 181
2068.4 179
2068.8 173
2069.2 167
2069.5 161
2069.9 156
2070.2 151
2070.6 146
2071 142
2071.3 138
2071.7 135
2072.1 131
2072.4 128
2072.8 125
2073.1 122
2073.5 119
2073.9 116
2074.2 113
2074.6 111
2075 108
2075.3 106
2075.7 104
2076 102
2076.4 99.5
2076.6 98.5
2076.8 97.5
2077 96.5
2077.1 95.6
2077.3 94.6
2077.3 94.6
2077.7 161
2078.1 180
2078.4 178
2078.8 173
2079.1 167
2079.5 161
2079.9 156
2080.2 151
2080.6 146
2081 142
2081.3 138
2081.7 135
2082 131
2082.4 128
2082.8 125
2083.1 122
2083.5 119
2083.9 116
2084.2 114
2084.6 111
2084.9 109
2085.3 106
2085.7 104
2086 102
2086.4 99.8
2086.6 98.8
2086.8 97.8
2086.9 96.8
2087.1 95.9
2087.3 94.9
2087.3 94.9
2087.7 158
2088 178
2088.4 177
2088.8 172
2089.1 166
2089.5 161
2089.9 155
2090.2 151
2090.6 146
2090.9 142
2091.3 138
2091.7 135
2092 131
2092.4 128
2092.8 125
2093.1 122
2093.5 119
2093.8 116
2094.2 114
2094.6 111
2094.9 109
2095.3 107
2095.7 104
2096 102
2096.4 100
2096.6 99.1
2096.7 98.1
2096.9 97.1
2097.1 96.2
2097.3 95.2
2097.3 95.2
2097.7 156
2098 177
2098.4 176
2098.8 172
2099.1 166
2099.5 160
2099.8 155
2100.2 151
2100.6 146
2100.9 142
2101.3 138
2101.7 135
2102 131
2102.4 128
2102.7 125
2103.1 122
2103.5 119
2103.8 117
2104.2 114
2104.6 112
2104.9 109
2105.3 107
2105.6 105
2106 103
2106.4 100
2106.6 99.4
2106.7 98.4
2106.9 97.4
2107.1 96.5
2107.3 95.6
2107.3 95.5
2107.7 154
2108 175
2108.4 175
2108.7 171
2109.1 166
2109.5 160
2109.8 155
2110.2 151
2110.6 146
2110.9 142
2111.3 139
2111.6 135
2112 132
2112.4 128
2112.7 125
2113.1 122
2113.5 120
2113.8 117
2114.2 114
2114.5 112
2114.9 110
2115.3 107
2115.6 105
2116 103
2116.4 101
2116.5 99.7
2116.7 98.7
2116.9 97.8
2117.1 96.8
2117.3 95.9
2117.3 95.8
2117.6 152
2118 174
2118.4 175
2118.7 170
2119.1 165
2119.5 160
2119.8 155
2120.2 151
2120.5 146
2120.9 142
2121.3 139
2121.6 135
2122 132
2122.4 129
2122.7 126
2123.1 123
2123.4 120
2123.8 117
2124.2 115
2124.5 112
2124.9 110
2125.3 108
2125.6 105
2126 103
2126.3 101
2126.5 100
2126.7 99.1
2126.9 98.1
2127.1 97.2
2127.3 96.2
2127.3 96.2
2127.6 150
2128 172
2128.4 174
2128.7 170
2129.1 165
2129.4 160
2129.8 155
2130.2 151
2130.5 146
2130.9 142
2131.3 139
2131.6 135
2132 132
2132.3 129
2132.7 126
2133.1 123
2133.4 120
2133.8 117
2134.2 115
2134.5 112
2134.9 110
2135.2 108
2135.6 106
2136 103
2136.3 101
2136.5 100
2136.7 99.4
2136.9 98.4
2137.1 97.5
2137.2 96.6
2137.2 96.5
2137.6 148
2138 171
2138.3 173
2138.7 169
2139.1 164
2139.4 160
2139.8 155
2140.2 150
2140.5 146
2140.9 142
2141.2 139
2141.6 135
2142 132
2142.3 129
2142.7 126
2143.1 123
2143.4 120
2143.8 118
2144.1 115
2144.5 113
2144.9 110
2145.2 108
2145.6 106
2146 104
2146.3 102
2146.5 101
2146.7 99.7
2146.9 98.7
2147 97.8
2147.2 96.9
2147.2 96.8
2147.6 146
2148 170
2148.3 172
2148.7 169
2149.1 164
2149.4 159
2149.8 155
2150.1 150
2150.5 146
2150.9 143
2151.2 139
2151.6 136
2152 132
2152.3 129
2152.7 126
2153 123
2153.4 121
2153.8 118
2154.1 115
2154.5 113
2154.9 111
2155.2 108
2155.6 106
2155.9 104
2156.3 102
2156.5 101
2156.7 100
2156.8 99.1
2157 98.1
2157.2 97.2
2157.2 97.2
2157.6 145
2157.9 168
2158.3 171
2158.7 168
2159 164
2159.4 159
2159.8 155
2160.1 150
2160.5 146
2160.9 143
2161.2 139
2161.6 136
2161.9 132
2162.3 129
2162.7 126
2163 124
2163.4 121
2163.8 118
2164.1 116
2164.5 113
2164.8 111
2165.2 109
2165.6 107
2165.9 104
2166.3 102
2166.5 101
2166.7 100
2166.8 99.4
2167 98.5
2167.2 97.6
2167.2 97.5
2167.6 143
2167.9 167
2168.3 170
2168.7 168
2169 163
2169.4 159
2169.7 155
2170.1 150
2170.5 146
2170.8 143
2171.2 139
2171.6 136
2171.9 133
2172.3 130
2172.7 127
2173 124
2173.4 121
2173.7 118
2174.1 116
2174.5 114
2174.8 111
2175.2 109
2175.6 107
2175.9 105
2176.3 103
2176.5 102
2176.6 101
2176.8 99.7
2177 98.8
2177.2 97.9
2177.2 97.8
2177.6 141
2177.9 165
2178.3 169
2178.6 167
2179 163
2179.4 159
2179.7 154
2180.1 150
2180.5 146
2180.8 143
2181.2 139
2181.6 136
2181.9 133
2182.3 130
2182.6 127
2183 124
2183.4 121
2183.7 119
2184.1 116
2184.5 114
2184.8 112
2185.2 109
2185.5 107
2185.9 105
2186.3 103
2186.4 102
2186.6 101
2186.8 100
2187 99.1
2187.2 98.2
2187.2 98.2
2187.5 140
2187.9 164
2188.3 168
2188.6 166
2189 163
2189.4 159
2189.7 154
2190.1 150
2190.4 146
2190.8 143
2191.2 139
2191.5 136
2191.9 133
2192.3 130
2192.6 127
2193 124
2193.4 122
2193.7 119
2194.1 116
2194.4 114
2194.8 112
2195.2 110
2195.5 107
2195.9 105
2196.3 103
2196.4 102
2196.6 101
2196.8 100
2197 99.4
2197.2 98.5
2197.2 98.5
2197.5 138
2197.9 163
2198.3 168
2198.6 166
2199 162
2199.3 158
2199.7 154
2200.1 150
2200.4 146
2200.8 143
2201.2 139
2201.5 136
2201.9 133
2202.2 130
2202.6 127
2203 124
2203.3 122
2203.7 119
2204.1 117
2204.4 114
2204.8 112
2205.2 110
2205.5 108
2205.9 106
2206.2 104
2206.4 103
2206.6 102
2206.8 101
2207 99.8
2207.1 98.8
2207.2 98.8
2207.5 137
2207.9 161
2208.2 167
2208.6 165
2209 162
2209.3 158
2209.7 154
2210.1 150
2210.4 146
2210.8 143
2211.1 139
2211.5 136
2211.9 133
2212.2 130
2212.6 127
2213 125
2213.3 122
2213.7 119
2214.1 117
2214.4 115
2214.8 112
2215.1 110
2215.5 108
2215.9 106
2216.2 104
2216.4 103
2216.6 102
2216.8 101
2217 100
2217.1 99.2
2217.1 99.1
2217.5 136
2217.9 160
2218.2 166
2218.6 165
2219 162
2219.3 158
2219.7 154
2220 150
2220.4 146
2220.8 143
2221.1 140
2221.5 136
2221.9 133
2222.2 130
2222.6 128
2222.9 125
2223.3 122
2223.7 120
2224 117
2224.4 115
2224.8 113
2225.1 110
2225.5 108
2225.9 106
2226.2 104
2226.4 103
2226.6 102
2226.8 101
2226.9 100
2227.1 99.5
2227.1 99.4
2227.5 134
2227.9 159
2228.2 165
2228.6 164
2228.9 161
2229.3 158
2229.7 154
2230 150
2230.4 146
2230.8 143
2231.1 140
2231.5 136
2231.8 133
2232.2 131
2232.6 128
2232.9 125
2233.3 122
2233.7 120
2234 117
2234.4 115
2234.8 113
2235.1 111
2235.5 109
2235.8 106
2236.2 104
2236.4 103
2236.6 103
2236.7 102
2236.9 101
2237.1 99.8
2237.1 99.7
2237.5 133
2237.8 158
2238.2 164
2238.6 164
2238.9 161
2239.3 157
2239.7 154
2240 150
2240.4 146
2240.7 143
2241.1 140
2241.5 137
2241.8 134
2242.2 131
2242.6 128
2242.9 125
2243.3 123
2243.6 120
2244 118
2244.4 115
2244.7 113
2245.1 111
2245.5 109
2245.8 107
2246.2 105
2246.4 104
2246.6 103
2246.7 102
2246.9 101
2247.1 100
2247.1 100
2247.5 132
2247.8 156
2248.2 163
2248.6 163
2248.9 160
2249.3 157
2249.6 153
2250 150
2250.4 146
2250.7 143
2251.1 140
2251.5 137
2251.8 134
2252.2 131
2252.5 128
2252.9 125
2253.3 123
2253.6 120
2254 118
2254.4 116
2254.7 113
2255.1 111
2255.4 109
2255.8 107
2256.2 105
2256.4 104
2256.5 103
2256.7 102
2256.9 101
2257.1 100
2257.1 100
2257.5 131
2257.8 155
2258.2 162
2258.5 162
2258.9 160
2259.3 157
2259.6 153
2260 150
2260.4 146
2260.7 143
2261.1 140
2261.4 137
2261.8 134
2262.2 131
2262.5 128
2262.9 126
2263.3 123
2263.6 121
2264 118
2264.3 116
2264.7 114
2265.1 111
2265.4 109
2265.8 107
2266.2 105
2266.3 104
2266.5 103
2266.7 102
2266.9 102
2267.1 101
2267.1 101
2267.4 130
2267.8 154
2268.2 161
2268.5 162
2268.9 160
2269.3 157
2269.6 153
2270 150
2270.3 146
2270.7 143
2271.1 140
2271.4 137
2271.8 134
2272.2 131
2272.5 128
2272.9 126
2273.2 123
2273.6 121
2274 118
2274.3 116
2274.7 114
2275.1 112
2275.4 110
2275.8 108
2276.1 106
2276.3 105
2276.5 104
2276.7 103
2276.9 102
2277.1 101
2277.1 101
2277.4 129
2277.8 153
2278.2 161
2278.5 161
2278.9 159
2279.2 156
2279.6 153
2280 150
2280.3 146
2280.7 143
2281.1 140
2281.4 137
2281.8 134
2282.1 131
2282.5 129
2282.9 126
2283.2 123
2283.6 121
2284 119
2284.3 116
2284.7 114
2285 112
2285.4 110
2285.8 108
2286.1 106
2286.3 105
2286.5 104
2286.7 103
2286.9 102
2287 101
2287.1 101
2287.4 128
2287.8 152
2288.1 160
2288.5 161
2288.9 159
2289.2 156
2289.6 153
2290 149
2290.3 146
2290.7 143
2291 140
2291.4 137
2291.8 134
2292.1 131
2292.5 129
2292.9 126
2293.2 124
2293.6 121
2293.9 119
2294.3 117
2294.7 114
2295 112
2295.4 110
2295.8 108
2296.1 106
2296.3 105
2296.5 104
2296.7 103
2296.9 102
2297 102
2297 102
2297.4 127
2297.8 151
2298.1 159
2298.5 160
2298.9 158
2299.2 156
2299.6 153
2299.9 149
2300.3 146
2300.7 143
2301 140
2301.4 137
2301.8 134
2302.1 131
2302.5 129
2302.8 126
2303.2 124
2303.6 121
2303.9 119
2304.3 117
2304.7 115
2305 112
2305.4 110
2305.7 108
2306.1 106
2306.3 105
2306.5 105
2306.7 104
2306.8 103
2307 102
2307 102
2307.4 126
2307.8 149
2308.1 158
2308.5 159
2308.8 158
2309.2 155
2309.6 152
2309.9 149
2310.3 146
2310.7 143
2311 140
2311.4 137
2311.7 134
2312.1 132
2312.5 129
2312.8 126
2313.2 124
2313.6 122
2313.9 119
2314.3 117
2314.6 115
2315 113
2315.4 111
2315.7 109
2316.1 107
2316.3 106
2316.5 105
2316.6 104
2316.8 103
2317 102
2317 102
2317.4 125
2317.7 148
2318.1 157
2318.5 159
2318.8 158
2319.2 155
2319.6 152
2319.9 149
2320.3 146
2320.6 143
2321 140
2321.4 137
2321.7 134
2322.1 132
2322.5 129
2322.8 127
2323.2 124
2323.5 122
2323.9 119
2324.3 117
2324.6 115
2325 113
2325.4 111
2325.7 109
2326.1 107
2326.3 106
2326.4 105
2326.6 104
2326.8 103
2327 102
2327 102
2327.4 124
2327.7 147
2328.1 156
2328.5 158
2328.8 157
2329.2 155
2329.5 152
2329.9 149
2330.3 146
2330.6 143
2331 140
2331.4 137
2331.7 135
2332.1 132
2332.4 129
2332.8 127
2333.2 124
2333.5 122
2333.9 120
2334.3 117
2334.6 115
2335 113
2335.3 111
2335.7 109
2336.1 107
2336.3 106
2336.4 105
2336.6 104
2336.8 104
2337 103
2337 103
2337.4 123
2337.7 146
2338.1 155
2338.4 158
2338.8 157
2339.2 155
2339.5 152
2339.9 149
2340.3 146
2340.6 143
2341 140
2341.3 137
2341.7 135
2342.1 132
2342.4 129
2342.8 127
2343.2 124
2343.5 122
2343.9 120
2344.2 118
2344.6 116
2345 113
2345.3 111
2345.7 109
2346.1 108
2346.2 107
2346.4 106
2346.6 105
2346.8 104
2347 103
2347 103
2347.3 123
2347.7 145
2348.1 155
2348.4 157
2348.8 156
2349.2 154
2349.5 152
2349.9 149
2350.2 146
2350.6 143
2351 140
2351.3 137
2351.7 135
2352.1 132
2352.4 130
2352.8 127
2353.1 125
2353.5 122
2353.9 120
2354.2 118
2354.6 116
2355 114
2355.3 112
2355.7 110
2356 108
2356.2 107
2356.4 106
2356.6 105
2356.8 104
2357 103
2357 103
2357.3 122
2357.7 144
2358.1 154
2358.4 156
2358.8 156
2359.1 154
2359.5 151
2359.9 149
2360.2 146
2360.6 143
2361 140
2361.3 137
2361.7 135
2362 132
2362.4 130
2362.8 127
2363.1 125
2363.5 123
2363.9 120
2364.2 118
2364.6 116
2364.9 114
2365.3 112
2365.7 110
2366 108
2366.2 107
2366.4 106
2366.6 105
2366.8 104
2366.9 104
2367 103
2367.3 121
2367.7 143
2368 153
2368.4 156
2368.8 155
2369.1 154
2369.5 151
2369.9 149
2370.2 146
2370.6 143
2370.9 140
2371.3 137
2371.7 135
2372 132
2372.4 130
2372.8 127
2373.1 125
2373.5 123
2373.8 120
2374.2 118
2374.6 116
2374.9 114
2375.3 112
2375.7 110
2376 108
2376.2 107
2376.4 106
2376.6 106
2376.7 105
2376.9 104
2376.9 104
2377.3 121
2377.7 142
2378 152
2378.4 155
2378.8 155
2379.1 153
2379.5 151
2379.8 148
2380.2 146
2380.6 143
2380.9 140
2381.3 138
2381.7 135
2382 132
2382.4 130
2382.7 127
2383.1 125
2383.5 123
2383.8 121
2384.2 118
2384.6 116
2384.9 114
2385.3 112
2385.6 110
2386 109
2386.2 108
2386.4 107
2386.6 106
2386.7 105
2386.9 104
2386.9 104
2387.3 120
2387.7 141
2388 151
2388.4 155
2388.7 155
2389.1 153
2389.5 151
2389.8 148
2390.2 146
2390.6 143
2390.9 140
2391.3 138
2391.6 135
2392 132
2392.4 130
2392.7 128
2393.1 125
2393.5 123
2393.8 121
2394.2 119
2394.5 117
2394.9 115
2395.3 113
2395.6 111
2396 109
2396.2 108
2396.4 107
2396.5 106
2396.7 105
2396.9 104
2396.9 104
2397.3 120
2397.6 140
2398 151
2398.4 154
2398.7 154
2399.1 153
2399.5 151
2399.8 148
2400.2 145
2400.5 143
2400.9 140
2401.3 138
2401.6 135
2402 133
2402.4 130
2402.7 128
2403.1 125
2403.4 123
2403.8 121
2404.2 119
2404.5 117
2404.9 115
2405.3 113
2405.6 111
2406 109
2406.2 108
2406.3 107
2406.5 106
2406.7 105
2406.9 105
2406.9 105
2407.3 119
2407.6 140
2408 150
2408.4 153
2408.7 154
2409.1 152
2409.4 150
2409.8 148
2410.2 145
2410.5 143
2410.9 140
2411.3 138
2411.6 135
2412 133
2412.3 130
2412.7 128
2413.1 126
2413.4 123
2413.8 121
2414.2 119
2414.5 117
2414.9 115
2415.2 113
2415.6 111
2416 109
2416.2 108
2416.3 107
2416.5 107
2416.7 106
2416.9 105
2416.9 105
2417.3 119
2417.6 139
2418 149
2418.3 153
2418.7 153
2419.1 152
2419.4 150
2419.8 148
2420.2 145
2420.5 143
2420.9 140
2421.2 138
2421.6 135
2422 133
2422.3 130
2422.7 128
2423.1 126
2423.4 124
2423.8 121
2424.1 119
2424.5 117
2424.9 115
2425.2 113
2425.6 111
2426 110
2426.1 109
2426.3 108
2426.5 107
2426.7 106
2426.9 105
2426.9 105
2427.2 118
2427.6 138
2428 148
2428.3 152
2428.7 153
2429.1 152
2429.4 150
2429.8 148
2430.1 145
2430.5 143
2430.9 140
2431.2 138
2431.6 135
2432 133
2432.3 130
2432.7 128
2433 126
2433.4 124
2433.8 122
2434.1 119
2434.5 117
2434.9 115
2435.2 113
2435.6 112
2435.9 110
2436.1 109
2436.3 108
2436.5 107
2436.7 106
2436.9 105
2436.9 105
2437.2 118
2437.6 137
2438 148
2438.3 152
2438.7 152
2439 151
2439.4 150
2439.8 147
2440.1 145
2440.5 143
2440.9 140
2441.2 138
2441.6 135
2441.9 133
2442.3 131
2442.7 128
2443 126
2443.4 124
2443.8 122
2444.1 120
2444.5 118
2444.8 116
2445.2 114
2445.6 112
2445.9 110
2446.1 109
2446.3 108
2446.5 107
2446.7 106
2446.8 106
2446.8 106
2447.2 117
2447.6 136
2447.9 147
2448.3 151
2448.7 152
2449 151
2449.4 149
2449.8 147
2450.1 145
2450.5 143
2450.8 140
2451.2 138
2451.6 135
2451.9 133
2452.3 131
2452.7 128
2453 126
2453.4 124
2453.7 122
2454.1 120
2454.5 118
2454.8 116
2455.2 114
2455.6 112
2455.9 110
2456.1 109
2456.3 108
2456.5 108
2456.6 107
2456.8 106
2456.8 106
2457.2 117
2457.6 135
2457.9 146
2458.3 150
2458.7 151
2459 151
2459.4 149
2459.7 147
2460.1 145
2460.5 143
2460.8 140
2461.2 138
2461.6 135
2461.9 133
2462.3 131
2462.6 128
2463 126
2463.4 124
2463.7 122
2464.1 120
2464.5 118
2464.8 116
2465.2 114
2465.5 112
2465.9 110
2466.1 110
2466.3 109
2466.5 108
2466.6 107
2466.8 106
2466.8 106
2467.2 117
2467.5 135
2467.9 145
2468.3 150
2468.6 151
2469 150
2469.4 149
2469.7 147
2470.1 145
2470.5 142
2470.8 140
2471.2 138
2471.5 135
2471.9 133
2472.3 131
2472.6 129
2473 126
2473.4 124
2473.7 122
2474.1 120
2474.4 118
2474.8 116
2475.2 114
2475.5 112
2475.9 111
2476.1 110
2476.3 109
2476.4 108
2476.6 107
2476.8 106
2476.8 106
2477.2 116
2477.5 134
2477.9 145
2478.3 149
2478.6 151
2479 150
2479.3 149
2479.7 147
2480.1 145
2480.4 142
2480.8 140
2481.2 138
2481.5 135
2481.9 133
2482.3 131
2482.6 129
2483 127
2483.3 124
2483.7 122
2484.1 120
2484.4 118
2484.8 116
2485.2 115
2485.5 113
2485.9 111
2486.1 110
2486.2 109
2486.4 108
2486.6 107
2486.8 107
2486.8 107
2487.2 116
2487.5 133
2487.9 144
2488.2 149
2488.6 150
2489 150
2489.3 148
2489.7 147
2490.1 145
2490.4 142
2490.8 140
2491.2 138
2491.5 135
2491.9 133
2492.2 131
2492.6 129
2493 127
2493.3 125
2493.7 123
2494.1 120
2494.4 119
2494.8 117
2495.1 115
2495.5 113
2495.9 111
2496 110
2496.2 109
2496.4 108
2496.6 108
2496.8 107
2496.8 107
2497.1 116
2497.5 133
2497.9 144
2498.2 149
2498.6 150
2499 150
2499.3 149
2499.7 147
2500 145
2500.4 143
2500.8 141
2501.1 138
2501.5 136
2501.9 134
2502.2 132
2502.6 130
2503 127
2503.3 125
2503.7 123
2504 121
2504.4 119
2504.8 117
2505.1 115
2505.5 114
2505.9 112
2506 111
2506.2 110
2506.4 109
2506.6 108
2506.8 107
2506.8 107
2507.1 116
2507.5 133
2507.9 144
2508.2 149
2508.6 150
2508.9 150
2509.3 149
2509.7 147
2510 145
2510.4 143
2510.8 141
2511.1 139
2511.5 136
2511.9 134
2512.2 132
2512.6 130
2512.9 128
2513.3 126
2513.7 124
2514 122
2514.4 120
2514.8 118
2515.1 116
2515.5 114
2515.8 112
2516 111
2516.2 110
2516.4 110
2516.6 109
2516.7 108
2516.8 108
2517.1 116
2517.5 132
2517.8 143
2518.2 148
2518.6 150
2518.9 150
2519.3 149
2519.7 147
2520 145
2520.4 143
2520.7 141
2521.1 139
2521.5 136
2521.8 134
2522.2 132
2522.6 130
2522.9 128
2523.3 126
2523.7 124
2524 122
2524.4 120
2524.7 118
2525.1 116
2525.5 114
2525.8 112
2526 111
2526.2 111
2526.4 110
2526.6 109
2526.7 108
2526.7 108
2527.1 116
2527.5 131
2527.8 142
2528.2 147
2528.6 149
2528.9 149
2529.3 148
2529.6 147
2530 145
2530.4 143
2530.7 141
2531.1 138
2531.5 136
2531.8 134
2532.2 132
2532.5 130
2532.9 128
2533.3 126
2533.6 124
2534 122
2534.4 120
2534.7 118
2535.1 116
2535.5 114
2535.8 112
2536 112
2536.2 111
2536.4 110
2536.5 109
2536.7 108
2536.7 108
2537.1 115
2537.5 131
2537.8 141
2538.2 147
2538.5 149
2538.9 149
2539.3 148
2539.6 146
2540 145
2540.4 143
2540.7 140
2541.1 138
2541.4 136
2541.8 134
2542.2 132
2542.5 130
2542.9 128
2543.3 126
2543.6 124
2544 122
2544.4 120
2544.7 118
2545.1 116
2545.4 114
2545.8 113
2546 112
2546.2 111
2546.3 110
2546.5 109
2546.7 108
2546.7 108
2547.1 115
2547.4 130
2547.8 141
2548.2 146
2548.5 148
2548.9 148
2549.3 147
2549.6 146
2550 144
2550.3 142
2550.7 140
2551.1 138
2551.4 136
2551.8 134
2552.2 132
2552.5 130
2552.9 128
2553.2 126
2553.6 124
2554 122
2554.3 120
2554.7 118
2555.1 116
2555.4 114
2555.8 113
2556 112
2556.2 111
2556.3 110
2556.5 109
2556.7 108
2556.7 108
2557.1 115
2557.4 129
2557.8 140
2558.2 145
2558.5 147
2558.9 148
2559.2 147
2559.6 146
2560 144
2560.3 142
2560.7 140
2561.1 138
2561.4 136
2561.8 134
2562.1 132
2562.5 130
2562.9 128
2563.2 126
2563.6 124
2564 122
2564.3 120
2564.7 118
2565.1 116
2565.4 115
2565.8 113
2566 112
2566.1 111
2566.3 110
2566.5 109
2566.7 109
2566.7 109
2567.1 115
2567.4 129
2567.8 139
2568.1 145
2568.5 147
2568.9 147
2569.2 147
2569.6 145
2570 144
2570.3 142
2570.7 140
2571 138
2571.4 136
2571.8 134
2572.1 132
2572.5 130
2572.9 128
2573.2 126
2573.6 124
2573.9 122
2574.3 120
2574.7 118
2575 116
2575.4 115
2575.8 113
2575.9 112
2576.1 111
2576.3 110
2576.5 110
2576.7 109
2576.7 109
2577 114
2577.4 128
2577.8 138
2578.1 144
2578.5 146
2578.9 147
2579.2 146
2579.6 145
2579.9 144
2580.3 142
2580.7 140
2581 138
2581.4 136
2581.8 134
2582.1 132
2582.5 130
2582.8 128
2583.2 126
2583.6 124
2583.9 122
2584.3 120
2584.7 118
2585 117
2585.4 115
2585.7 113
2585.9 112
2586.1 111
2586.3 111
2586.5 110
2586.7 109
2586.7 109
2587 114
2587.4 127
2587.8 138
2588.1 143
2588.5 146
2588.8 147
2589.2 146
2589.6 145
2589.9 143
2590.3 142
2590.7 140
2591 138
2591.4 136
2591.7 134
2592.1 132
2592.5 130
2592.8 128
2593.2 126
2593.6 124
2593.9 122
2594.3 120
2594.6 118
2595 117
2595.4 115
2595.7 113
2595.9 112
2596.1 112
2596.3 111
2596.5 110
2596.6 109
2596.7 109
2597 114
2597.4 127
2597.7 137
2598.1 143
2598.5 145
2598.8 146
2599.2 146
2599.6 145
2599.9 143
2600.3 141
2600.6 140
2601 138
2601.4 136
2601.7 134
2602.1 132
2602.5 130
2602.8 128
2603.2 126
2603.5 124
2603.9 122
2604.3 120
2604.6 119
2605 117
2605.4 115
2605.7 113
2605.9 113
2606.1 112
2606.3 111
2606.5 110
2606.6 109
2606.6 109
2607 114
2607.4 126
2607.7 137
2608.1 142
2608.5 145
2608.8 146
2609.2 145
2609.5 144
2609.9 143
2610.3 141
2610.6 140
2611 138
2611.4 136
2611.7 134
2612.1 132
2612.4 130
2612.8 128
2613.2 126
2613.5 124
2613.9 122
2614.3 121
2614.6 119
2615 117
2615.3 115
2615.7 114
2615.9 113
2616.1 112
2616.3 111
2616.4 110
2616.6 110
2616.6 109
2617 114
2617.4 126
2617.7 136
2618.1 142
2618.4 145
2618.8 145
2619.2 145
2619.5 144
2619.9 143
2620.3 141
2620.6 139
2621 138
2621.3 136
2621.7 134
2622.1 132
2622.4 130
2622.8 128
2623.2 126
2623.5 124
2623.9 122
2624.2 121
2624.6 119
2625 117
2625.3 115
2625.7 114
2625.9 113
2626.1 112
2626.2 111
2626.4 110
2626.6 110
2626.6 110
2627 114
2627.3 125
2627.7 135
2628.1 141
2628.4 144
2628.8 145
2629.2 145
2629.5 144
2629.9 143
2630.2 141
2630.6 139
2631 138
2631.3 136
2631.7 134
2632.1 132
2632.4 130
2632.8 128
2633.1 126
2633.5 124
2633.9 123
2634.2 121
2634.6 119
2635 117
2635.3 116
2635.7 114
2635.9 113
2636 112
2636.2 111
2636.4 111
2636.6 110
2636.6 110
2637 114
2637.3 125
2637.7 135
2638.1 141
2638.4 144
2638.8 145
2639.1 145
2639.5 144
2639.9 143
2640.2 141
2640.6 139
2641 138
2641.3 136
2641.7 134
2642 132
2642.4 130
2642.8 128
2643.1 126
2643.5 125
2643.9 123
2644.2 121
2644.6 119
2644.9 117
2645.3 116
2645.7 114
2645.9 113
2646 112
2646.2 112
2646.4 111
2646.6 110
2646.6 110
2647 114
2647.3 125
2647.7 134
2648 140
2648.4 143
2648.8 144
2649.1 144
2649.5 144
2649.9 142
2650.2 141
2650.6 139
2650.9 138
2651.3 136
2651.7 134
2652 132
2652.4 130
2652.8 128
2653.1 126
2653.5 125
2653.8 123
2654.2 121
2654.6 119
2654.9 118
2655.3 116
2655.7 114
2655.8 113
2656 113
2656.2 112
2656.4 111
2656.6 110
2656.6 110
2656.9 113
2657.3 124
2657.7 134
2658 140
2658.4 143
2658.8 144
2659.1 144
2659.5 143
2659.8 142
2660.2 141
2660.6 139
2660.9 137
2661.3 136
2661.7 134
2662 132
2662.4 130
2662.7 128
2663.1 127
2663.5 125
2663.8 123
2664.2 121
2664.6 119
2664.9 118
2665.3 116
2665.6 114
2665.8 114
2666 113
2666.2 112
2666.4 111
2666.6 110
2666.6 110
2666.9 113
2667.3 124
2667.7 133
2668 139
2668.4 142
2668.7 144
2669.1 144
2669.5 143
2669.8 142
2670.2 141
2670.6 139
2670.9 137
2671.3 136
2671.6 134
2672 132
2672.4 130
2672.7 128
2673.1 127
2673.5 125
2673.8 123
2674.2 121
2674.5 120
2674.9 118
2675.3 116
2675.6 115
2675.8 114
2676 113
2676.2 112
2676.4 111
2676.5 111
2676.6 111
2676.9 113
2677.3 123
2677.6 133
2678 139
2678.4 142
2678.7 143
2679.1 144
2679.5 143
2679.8 142
2680.2 141
2680.5 139
2680.9 137
2681.3 136
2681.6 134
2682 132
2682.4 130
2682.7 128
2683.1 127
2683.4 125
2683.8 123
2684.2 121
2684.5 120
2684.9 118
2685.3 116
2685.6 115
2685.8 114
2686 113
2686.2 112
2686.3 112
2686.5 111
2686.5 111
2686.9 113
2687.3 123
2687.6 132
2688 138
2688.4 142
2688.7 143
2689.1 143
2689.4 143
2689.8 142
2690.2 140
2690.5 139
2690.9 137
2691.3 136
2691.6 134
2692 132
2692.3 130
2692.7 129
2693.1 127
2693.4 125
2693.8 123
2694.2 122
2694.5 120
2694.9 118
2695.2 117
2695.6 115
2695.8 114
2696 113
2696.2 113
2696.3 112
2696.5 111
2696.5 111
2696.9 113
2697.3 123
2697.6 132
2698 138
2698.3 141
2698.7 143
2699.1 143
2699.4 142
2699.8 142
2700.2 140
2700.5 139
2700.9 137
2701.2 136
2701.6 134
2702 132
2702.3 130
2702.7 129
2703.1 127
2703.4 125
2703.8 123
2704.1 122
2704.5 120
2704.9 118
2705.2 117
2705.6 115
2705.8 114
2706 114
2706.1 113
2706.3 112
2706.5 111
2706.5 111
2706.9 113
2707.2 122
2707.6 132
2708 138
2708.3 141
2708.7 142
2709.1 143
2709.4 142
2709.8 141
2710.1 140
2710.5 139
2710.9 137
2711.2 136
2711.6 134
2712 132
2712.3 130
2712.7 129
2713 127
2713.4 125
2713.8 124
2714.1 122
2714.5 120
2714.9 118
2715.2 117
2715.6 115
2715.8 114
2715.9 114
2716.1 113
2716.3 112
2716.5 111
2716.5 111
2716.9 113
2717.2 122
2717.6 131
2718 137
2718.3 140
2718.7 142
2719 142
2719.4 142
2719.8 141
2720.1 140
2720.5 139
2720.9 137
2721.2 136
2721.6 134
2721.9 132
2722.3 130
2722.7 129
2723 127
2723.4 125
2723.8 124
2724.1 122
2724.5 120
2724.8 119
2725.2 117
2725.6 115
2725.8 115
2725.9 114
2726.1 113
2726.3 112
2726.5 112
2726.5 112
2726.9 113
2727.2 122
2727.6 131
2727.9 137
2728.3 140
2728.7 142
2729 142
2729.4 142
2729.8 141
2730.1 140
2730.5 139
2730.8 137
2731.2 136
2731.6 134
2731.9 132
2732.3 131
2732.7 129
2733 127
2733.4 125
2733.7 124
2734.1 122
2734.5 120
2734.8 119
2735.2 117
2735.6 116
2735.7 115
2735.9 114
2736.1 113
2736.3 113
2736.5 112
2736.5 112
2736.8 113
2737.2 122
2737.6 130
2737.9 136
2738.3 140
2738.7 141
2739 142
2739.4 142
2739.7 141
2740.1 140
2740.5 138
2740.8 137
2741.2 135
2741.6 134
2741.9 132
2742.3 131
2742.6 129
2743 127
2743.4 125
2743.7 124
2744.1 122
2744.5 121
2744.8 119
2745.2 117
2745.5 116
2745.7 115
2745.9 114
2746.1 113
2746.3 113
2746.5 112
2746.5 112
2746.8 113
2747.2 121
2747.6 130
2747.9 136
2748.3 139
2748.6 141
2749 142
2749.4 141
2749.7 141
2750.1 140
2750.5 138
2750.8 137
2751.2 135
2751.5 134
2751.9 132
2752.3 131
2752.6 129
2753 127
2753.4 126
2753.7 124
2754.1 122
2754.4 121
2754.8 119
2755.2 117
2755.5 116
2755.7 115
2755.9 114
2756.1 114
2756.3 113
2756.4 112
2756.4 112
2756.8 113
2757.2 121
2757.5 129
2757.9 135
2758.3 139
2758.6 141
2759 141
2759.4 141
2759.7 141
2760.1 140
2760.4 138
2760.8 137
2761.2 135
2761.5 134
2761.9 132
2762.3 131
2762.6 129
2763 127
2763.3 126
2763.7 124
2764.1 122
2764.4 121
2764.8 119
2765.2 118
2765.5 116
2765.7 115
2765.9 115
2766.1 114
2766.2 113
2766.4 112
2766.4 112
2766.8 114
2767.2 121
2767.5 129
2767.9 135
2768.3 139
2768.6 140
2769 141
2769.3 141
2769.7 140
2770.1 139
2770.4 138
2770.8 137
2771.2 135
2771.5 134
2771.9 132
2772.2 131
2772.6 129
2773 127
2773.3 126
2773.7 124
2774.1 122
2774.4 121
2774.8 119
2775.1 118
2775.5 116
2775.7 115
2775.9 115
2776.1 114
2776.2 113
2776.4 112
2776.4 112
2776.8 114
2777.1 121
2777.5 129
2777.9 135
2778.2 138
2778.6 140
2779 141
2779.3 141
2779.7 140
2780.1 139
2780.4 138
2780.8 137
2781.1 135
2781.5 134
2781.9 132
2782.2 131
2782.6 129
2783 127
2783.3 126
2783.7 124
2784 123
2784.4 121
2784.8 119
2785.1 118
2785.5 116
2785.7 116
2785.9 115
2786 114
2786.2 113
2786.4 113
2786.4 113
2786.8 114
2787.1 120
2787.5 128
2787.9 134
2788.2 138
2788.6 140
2788.9 141
2789.3 141
2789.7 140
2790 139
2790.4 138
2790.8 137
2791.1 135
2791.5 134
2791.9 132
2792.2 131
2792.6 129
2792.9 127
2793.3 126
2793.7 124
2794 123
2794.4 121
2794.8 120
2795.1 118
2795.5 116
2795.7 116
2795.8 115
2796 114
2796.2 114
2796.4 113
2796.4 113
2796.8 114
2797.1 120
2797.5 128
2797.8 134
2798.2 137
2798.6 139
2798.9 140
2799.3 140
2799.7 140
2800 139
2800.4 138
2800.8 137
2801.1 135
2801.5 134
2801.8 132
2802.2 131
2802.6 129
2802.9 128
2803.3 126
2803.7 124
2804 123
2804.4 121
2804.7 120
2805.1 118
2805.5 117
2805.6 116
2805.8 115
2806 114
2806.2 114
2806.4 113
2806.4 113
2806.7 114
2807.1 120
2807.5 128
2807.8 133
2808.2 137
2808.6 139
2808.9 140
2809.3 140
2809.6 140
2810 139
2810.4 138
2810.7 137
2811.1 135
2811.5 134
2811.8 132
2812.2 131
2812.6 129
2812.9 128
2813.3 126
2813.6 124
2814 123
2814.4 121
2814.7 120
2815.1 118
2815.5 117
2815.6 116
2815.8 115
2816 115
2816.2 114
2816.4 113
2816.4 113
2816.7 114
2817.1 120
2817.5 127
2817.8 133
2818.2 137
2818.5 139
2818.9 140
2819.3 140
2819.6 139
2820 139
2820.4 138
2820.7 136
2821.1 135
2821.5 134
2821.8 132
2822.2 131
2822.5 129
2822.9 128
2823.3 126
2823.6 125
2824 123
2824.4 121
2824.7 120
2825.1 118
2825.4 117
2825.6 116
2825.8 115
2826 115
2826.2 114
2826.3 113
2826.4 113
2826.7 114
2827.1 120
2827.4 127
2827.8 133
2828.2 136
2828.5 139
2828.9 139
2829.3 140
2829.6 139
2830 139
2830.3 138
2830.7 136
2831.1 135
2831.4 134
2831.8 132
2832.2 131
2832.5 129
2832.9 128
2833.3 126
2833.6 125
2834 123
2834.3 122
2834.7 120
2835.1 119
2835.4 117
2835.6 116
2835.8 116
2836 115
2836.2 114
2836.3 113
2836.3 113
2836.7 114
2837.1 119
2837.4 127
2837.8 132
2838.2 136
2838.5 138
2838.9 139
2839.2 139
2839.6 139
2840 138
2840.3 137
2840.7 136
2841.1 135
2841.4 134
2841.8 132
2842.1 131
2842.5 129
2842.9 128
2843.2 126
2843.6 125
2844 123
2844.3 122
2844.7 120
2845.1 119
2845.4 117
2845.6 116
2845.8 116
2846 115
2846.1 114
2846.3 114
2846.3 114
2846.7 114
2847.1 119
2847.4 126
2847.8 132
2848.1 136
2848.5 138
2848.9 139
2849.2 139
2849.6 139
2850 138
2850.3 137
2850.7 136
2851 135
2851.4 134
2851.8 132
2852.1 131
2852.5 129
2852.9 128
2853.2 126
2853.6 125
2854 123
2854.3 122
2854.7 120
2855 119
2855.4 117
2855.6 117
2855.8 116
2855.9 115
2856.1 114
2856.3 114
2856.3 114
2856.7 114
2857 119
2857.4 126
2857.8 132
2858.1 135
2858.5 138
2858.9 139
2859.2 139
2859.6 139
2859.9 138
2860.3 137
2860.7 136
2861 135
2861.4 134
2861.8 132
2862.1 131
2862.5 129
2862.8 128
2863.2 126
2863.6 125
2863.9 123
2864.3 122
2864.7 120
2865 119
2865.4 117
2865.6 117
2865.8 116
2865.9 115
2866.1 115
2866.3 114
2866.3 114
2866.7 114
2867 119
2867.4 126
2867.8 131
2868.1 135
2868.5 137
2868.8 138
2869.2 139
2869.6 139
2869.9 138
2870.3 137
2870.7 136
2871 135
2871.4 134
2871.7 132
2872.1 131
2872.5 129
2872.8 128
2873.2 126
2873.6 125
2873.9 123
2874.3 122
2874.7 120
2875 119
2875.4 118
2875.6 117
2875.7 116
2875.9 115
2876.1 115
2876.3 114
2876.3 114
2876.7 114
2877 119
2877.4 125
2877.7 131
2878.1 135
2878.5 137
2878.8 138
2879.2 139
2879.6 138
2879.9 138
2880.3 137
2880.6 136
2881 135
2881.4 134
2881.7 132
2882.1 131
2882.5 129
2882.8 128
2883.2 126
2883.5 125
2883.9 124
2884.3 122
2884.6 121
2885 119
2885.4 118
2885.5 117
2885.7 116
2885.9 116
2886.1 115
2886.3 114
2886.3 114
2886.6 114
2887 119
2887.4 125
2887.7 131
2888.1 134
2888.5 137
2888.8 138
2889.2 138
2889.5 138
2889.9 138
2890.3 137
2890.6 136
2891 135
2891.4 134
2891.7 132
2892.1 131
2892.4 129
2892.8 128
2893.2 127
2893.5 125
2893.9 124
2894.3 122
2894.6 121
2895 119
2895.3 118
2895.5 117
2895.7 116
2895.9 116
2896.1 115
2896.3 114
2896.3 114
2896.6 114
2897 119
2897.4 125
2897.7 130
2898.1 134
2898.4 136
2898.8 138
2899.2 138
2899.5 138
2899.9 138
2900.3 137
2900.6 136
2901 135
2901.3 134
2901.7 132
2902.1 131
2902.4 129
2902.8 128
2903.2 127
2903.5 125
2903.9 124
2904.2 122
2904.6 121
2905 119
2905.3 118
2905.5 117
2905.7 117
2905.9 116
2906.1 115
2906.2 114
2906.3 114
2906.6 114
2907 118
2907.3 125
2907.7 130
2908.1 134
2908.4 136
2908.8 137
2909.2 138
2909.5 138
2909.9 137
2910.2 137
2910.6 136
2911 135
2911.3 133
2911.7 132
2912.1 131
2912.4 129
2912.8 128
2913.1 127
2913.5 125
2913.9 124
2914.2 122
2914.6 121
2915 119
2915.3 118
2915.5 117
2915.7 117
2915.9 116
2916.1 115
2916.2 115
2916.2 115
2916.6 114
2917 118
2917.3 124
2917.7 130
2918.1 133
2918.4 136
2918.8 137
2919.1 138
2919.5 138
2919.9 137
2920.2 137
2920.6 136
2921 135
2921.3 133
2921.7 132
2922 131
2922.4 129
2922.8 128
2923.1 127
2923.5 125
2923.9 124
2924.2 122
2924.6 121
2924.9 120
2925.3 118
2925.5 117
2925.7 117
2925.9 116
2926 115
2926.2 115
2926.2 115
2926.6 115
2927 118
2927.3 124
2927.7 129
2928 133
2928.4 136
2928.8 137
2929.1 137
2929.5 138
2929.9 137
2930.2 136
2930.6 136
2930.9 135
2931.3 133
2931.7 132
2932 131
2932.4 129
2932.8 128
2933.1 127
2933.5 125
2933.8 124
2934.2 122
2934.6 121
2934.9 120
2935.3 118
2935.5 118
2935.7 117
2935.8 116
2936 116
2936.2 115
2936.2 115
2936.6 115
2936.9 118
2937.3 124
2937.7 129
2938 133
2938.4 135
2938.8 137
2939.1 137
2939.5 137
2939.8 137
2940.2 136
2940.6 135
2940.9 134
2941.3 133
2941.7 132
2942 131
2942.4 130
2942.7 128
2943.1 127
2943.5 125
2943.8 124
2944.2 123
2944.6 121
2944.9 120
2945.3 118
2945.5 118
2945.6 117
2945.8 116
2946 116
2946.2 115
2946.2 115
2946.6 115
2946.9 118
2947.3 124
2947.7 129
2948 133
2948.4 135
2948.7 136
2949.1 137
2949.5 137
2949.8 137
2950.2 136
2950.6 135
2950.9 134
2951.3 133
2951.6 132
2952 131
2952.4 130
2952.7 128
2953.1 127
2953.5 125
2953.8 124
2954.2 123
2954.5 121
2954.9 120
2955.3 119
2955.5 118
2955.6 117
2955.8 116
2956 116
2956.2 115
2956.2 115
2956.6 115
2956.9 118
2957.3 123
2957.6 128
2958 132
2958.4 135
2958.7 136
2959.1 137
2959.5 137
2959.8 137
2960.2 136
2960.5 135
2960.9 134
2961.3 133
2961.6 132
2962 131
2962.4 130
2962.7 128
2963.1 127
2963.4 125
2963.8 124
2964.2 123
2964.5 121
2964.9 120
2965.3 119
2965.4 118
2965.6 117
2965.8 117
2966 116
2966.2 115
2966.2 115
2966.5 115
2966.9 118
2967.3 123
2967.6 128
2968 132
2968.4 134
2968.7 136
2969.1 137
2969.4 137
2969.8 137
2970.2 136
2970.5 135
2970.9 134
2971.3 133
2971.6 132
2972 131
2972.3 130
2972.7 128
2973.1 127
2973.4 126
2973.8 124
2974.2 123
2974.5 121
2974.9 120
2975.2 119
2975.4 118
2975.6 117
2975.8 117
2976 116
2976.2 115
2976.2 115
2976.5 115
2976.9 118
2977.3 123
2977.6 128
2978 132
2978.3 134
2978.7 136
2979.1 136
2979.4 137
2979.8 136
2980.2 136
2980.5 135
2980.9 134
2981.2 133
2981.6 132
2982 131
2982.3 130
2982.7 128
2983.1 127
2983.4 126
2983.8 124
2984.1 123
2984.5 122
2984.9 120
2985.2 119
2985.4 118
2985.6 117
2985.8 117
2986 116
2986.1 116
2986.2 115
2986.5 115
2986.9 118
2987.2 123
2987.6 128
2988 131
2988.3 134
2988.7 135
2989.1 136
2989.4 136
2989.8 136
2990.1 136
2990.5 135
2990.9 134
2991.2 133
2991.6 132
2992 131
2992.3 130
2992.7 128
2993 127
2993.4 126
2993.8 124
2994.1 123
2994.5 122
2994.9 120
2995.2 119
2995.4 118
2995.6 118
2995.8 117
2995.9 116
2996.1 116
2996.1 116
2996.5 115
2996.9 118
2997.2 123
2997.6 128
2998 131
2998.3 134
2998.7 136
2999 137
2999.4 137
2999.8 137
3000.1 136
3000.5 135
3000.9 135
3001.2 134
3001.6 133
3001.9 131
3002.3 130
3002.7 129
3003 128
3003.4 126
3003.8 125
3004.1 124
3004.5 122
3004.8 121
3005.2 120
3005.4 119
3005.6 118
3005.8 118
3005.9 117
3006.1 116
3006.1 116
3006.5 116
3006.9 118
3007.2 123
3007.6 128
3007.9 132
3008.3 134
3008.7 136
3009 137
3009.4 137
3009.8 137
3010.1 136
3010.5 136
3010.8 135
3011.2 134
3011.6 133
3011.9 132
3012.3 130
3012.7 129
3013 128
3013.4 127
3013.7 125
3014.1 124
3014.5 123
3014.8 121
3015.2 120
3015.4 119
3015.6 119
3015.7 118
3015.9 117
3016.1 117
3016.1 117
3016.5 116
3016.8 119
3017.2 123
3017.6 128
3017.9 132
3018.3 134
3018.7 136
3019 137
3019.4 137
3019.7 137
3020.1 136
3020.5 136
3020.8 135
3021.2 134
3021.6 133
3021.9 132
3022.3 130
3022.6 129
3023 128
3023.4 127
3023.7 125
3024.1 124
3024.5 123
3024.8 121
3025.2 120
3025.4 119
3025.5 119
3025.7 118
3025.9 117
3026.1 117
3026.1 117
3026.5 116
3026.8 119
3027.2 123
3027.6 128
3027.9 131
3028.3 134
3028.6 135
3029 136
3029.4 137
3029.7 137
3030.1 136
3030.5 136
3030.8 135
3031.2 134
3031.5 133
3031.9 132
3032.3 130
3032.6 129
3033 128
3033.4 127
3033.7 125
3034.1 124
3034.4 123
3034.8 121
3035.2 120
3035.4 119
3035.5 119
3035.7 118
3035.9 118
3036.1 117
3036.1 117
3036.5 116
3036.8 118
3037.2 123
3037.5 127
3037.9 131
3038.3 133
3038.6 135
3039 136
3039.4 136
3039.7 136
3040.1 136
3040.4 135
3040.8 135
3041.2 134
3041.5 133
3041.9 131
3042.3 130
3042.6 129
3043 128
3043.3 127
3043.7 125
3044.1 124
3044.4 123
3044.8 121
3045.2 120
3045.3 119
3045.5 119
3045.7 118
3045.9 118
3046.1 117
3046.1 117
3046.4 116
3046.8 118
3047.2 122
3047.5 127
3047.9 130
3048.3 133
3048.6 135
3049 136
3049.3 136
3049.7 136
3050.1 136
3050.4 135
3050.8 134
3051.2 133
3051.5 132
3051.9 131
3052.2 130
3052.6 129
3053 128
3053.3 126
3053.7 125
3054.1 124
3054.4 123
3054.8 121
3055.1 120
3055.3 119
3055.5 119
3055.7 118
3055.9 118
3056.1 117
3056.1 117
3056.4 116
3056.8 118
3057.2 122
3057.5 126
3057.9 130
3058.2 133
3058.6 134
3059 135
3059.3 136
3059.7 136
3060.1 135
3060.4 135
3060.8 134
3061.1 133
3061.5 132
3061.9 131
3062.2 130
3062.6 129
3063 128
3063.3 126
3063.7 125
3064 124
3064.4 123
3064.8 121
3065.1 120
3065.3 119
3065.5 119
3065.7 118
3065.9 118
3066 117
3066 117
3066.4 116
3066.8 118
3067.1 122
3067.5 126
3067.9 130
3068.2 132
3068.6 134
3069 135
3069.3 135
3069.7 135
3070 135
3070.4 135
3070.8 134
3071.1 133
3071.5 132
3071.9 131
3072.2 130
3072.6 129
3072.9 128
3073.3 126
3073.7 125
3074 124
3074.4 123
3074.8 121
3075.1 120
3075.3 119
3075.5 119
3075.7 118
3075.8 118
3076 117
3076 117
3076.4 116
3076.8 118
3077.1 122
3077.5 126
3077.9 129
3078.2 132
3078.6 134
3078.9 135
3079.3 135
3079.7 135
3080 135
3080.4 134
3080.8 134
3081.1 133
3081.5 132
3081.8 131
3082.2 130
3082.6 129
3082.9 127
3083.3 126
3083.7 125
3084 124
3084.4 123
3084.7 121
3085.1 120
3085.3 119
3085.5 119
3085.7 118
3085.8 118
3086 117
3086 117
3086.4 116
3086.7 118
3087.1 121
3087.5 126
3087.8 129
3088.2 132
3088.6 133
3088.9 134
3089.3 135
3089.7 135
3090 135
3090.4 134
3090.7 134
3091.1 133
3091.5 132
3091.8 131
3092.2 130
3092.6 129
3092.9 127
3093.3 126
3093.6 125
3094 124
3094.4 123
3094.7 121
3095.1 120
3095.3 119
3095.5 119
3095.6 118
3095.8 118
3096 117
3096 117
3096.4 116
3096.7 118
3097.1 121
3097.5 125
3097.8 129
3098.2 131
3098.5 133
3098.9 134
3099.3 135
3099.6 135
3100 134
3100.4 134
3100.7 133
3101.1 133
3101.5 132
3101.8 131
3102.2 130
3102.5 129
3102.9 127
3103.3 126
3103.6 125
3104 124
3104.4 123
3104.7 121
3105.1 120
3105.3 119
3105.4 119
3105.6 118
3105.8 118
3106 117
3106 117
3106.4 116
3106.7 118
3107.1 121
3107.4 125
3107.8 128
3108.2 131
3108.5 133
3108.9 134
3109.3 134
3109.6 134
3110 134
3110.4 134
3110.7 133
3111.1 132
3111.4 132
3111.8 131
3112.2 130
3112.5 128
3112.9 127
3113.3 126
3113.6 125
3114 124
3114.3 123
3114.7 121
3115.1 120
3115.2 120
3115.4 119
3115.6 118
3115.8 118
3116 117
3116 117
3116.3 116
3116.7 118
3117.1 121
3117.4 125
3117.8 128
3118.2 131
3118.5 132
3118.9 134
3119.2 134
3119.6 134
3120 134
3120.3 134
3120.7 133
3121.1 132
3121.4 132
3121.8 131
3122.2 130
3122.5 128
3122.9 127
3123.2 126
3123.6 125
3124 124
3124.3 123
3124.7 121
3125.1 120
3125.2 120
3125.4 119
3125.6 118
3125.8 118
3126 117
3126 117
3126.3 116
3126.7 118
3127.1 121
3127.4 125
3127.8 128
3128.1 130
3128.5 132
3128.9 133
3129.2 134
3129.6 134
3130 134
3130.3 134
3130.7 133
3131.1 132
3131.4 131
3131.8 130
3132.1 129
3132.5 128
3132.9 127
3133.2 126
3133.6 125
3134 124
3134.3 123
3134.7 121
3135 120
3135.2 120
3135.4 119
3135.6 118
3135.8 118
3135.9 117
3136 117
3136.3 116
3136.7 118
3137 121
3137.4 124
3137.8 128
3138.1 130
3138.5 132
3138.9 133
3139.2 134
3139.6 134
3139.9 134
3140.3 133
3140.7 133
3141 132
3141.4 131
3141.8 130
3142.1 129
3142.5 128
3142.9 127
3143.2 126
3143.6 125
3143.9 124
3144.3 123
3144.7 122
3145 120
3145.2 120
3145.4 119
3145.6 119
3145.8 118
3145.9 117
3145.9 117
3146.3 116
3146.7 118
3147 121
3147.4 124
3147.8 127
3148.1 130
3148.5 132
3148.8 133
3149.2 134
3149.6 134
3149.9 134
3150.3 133
3150.7 133
3151 132
3151.4 131
3151.7 130
3152.1 129
3152.5 128
3152.8 127
3153.2 126
3153.6 125
3153.9 124
3154.3 123
3154.7 122
3155 120
3155.2 120
3155.4 119
3155.6 119
3155.7 118
3155.9 117
3155.9 117
3156.3 117
3156.7 118
3157 120
3157.4 124
3157.7 127
3158.1 130
3158.5 132
3158.8 133
3159.2 133
3159.6 134
3159.9 134
3160.3 133
3160.6 133
3161 132
3161.4 131
3161.7 130
3162.1 129
3162.5 128
3162.8 127
3163.2 126
3163.6 125
3163.9 124
3164.3 123
3164.6 122
3165 120
3165.2 120
3165.4 119
3165.5 119
3165.7 118
3165.9 118
3165.9 117
3166.3 117
3166.6 118
3167 120
3167.4 124
3167.7 127
3168.1 130
3168.5 131
3168.8 133
3169.2 133
3169.5 133
3169.9 133
3170.3 133
3170.6 133
3171 132
3171.4 131
3171.7 130
3172.1 129
3172.4 128
3172.8 127
3173.2 126
3173.5 125
3173.9 124
3174.3 123
3174.6 122
3175 121
3175.2 120
3175.4 119
3175.5 119
3175.7 118
3175.9 118
3175.9 118
3176.3 117
3176.6 118
3177 120
3177.4 124
3177.7 127
3178.1 129
3178.4 131
3178.8 132
3179.2 133
3179.5 133
3179.9 133
3180.3 133
3180.6 133
3181 132
3181.3 131
3181.7 130
3182.1 129
3182.4 128
3182.8 127
3183.2 126
3183.5 125
3183.9 124
3184.3 123
3184.6 122
3185 121
3185.2 120
3185.3 119
3185.5 119
3185.7 118
3185.9 118
3185.9 118
3186.3 117
3186.6 118
3187 120
3187.3 123
3187.7 127
3188.1 129
3188.4 131
3188.8 132
3189.2 133
3189.5 133
3189.9 133
3190.2 133
3190.6 132
3191 132
3191.3 131
3191.7 130
3192.1 129
3192.4 128
3192.8 127
3193.1 126
3193.5 125
3193.9 124
3194.2 123
3194.6 122
3195 121
3195.1 120
3195.3 119
3195.5 119
3195.7 118
3195.9 118
3195.9 118
3196.2 117
3196.6 118
3197 120
3197.3 123
3197.7 126
3198.1 129
3198.4 131
3198.8 132
3199.1 133
3199.5 133
3199.9 133
3200.2 133
3200.6 132
3201 132
3201.3 131
3201.7 130
3202 129
3202.4 128
3202.8 127
3203.1 126
3203.5 125
3203.9 124
3204.2 123
3204.6 122
3204.9 121
3205.1 120
3205.3 120
3205.5 119
3205.7 118
3205.9 118
3205.9 118
3206.2 117
3206.6 118
3207 120
3207.3 123
3207.7 126
3208 129
3208.4 131
3208.8 132
3209.1 132
3209.5 133
3209.9 133
3210.2 133
3210.6 132
3210.9 132
3211.3 131
3211.7 130
3212 129
3212.4 128
3212.8 127
3213.1 126
3213.5 125
3213.8 124
3214.2 123
3214.6 122
3214.9 121
3215.1 120
3215.3 120
3215.5 119
3215.7 119
3215.8 118
3215.9 118
3216.2 117
3216.6 118
3216.9 120
3217.3 123
3217.7 126
3218 128
3218.4 130
3218.8 132
3219.1 132
3219.5 133
3219.8 133
3220.2 133
3220.6 132
3220.9 132
3221.3 131
3221.7 130
3222 129
3222.4 128
3222.7 127
3223.1 126
3223.5 125
3223.8 124
3224.2 123
3224.6 122
3224.9 121
3225.1 120
3225.3 120
3225.5 119
3225.7 119
3225.8 118
3225.8 118
3226.2 117
3226.6 118
3226.9 120
3227.3 123
3227.7 126
3228 128
3228.4 130
3228.7 131
3229.1 132
3229.5 133
3229.8 133
3230.2 132
3230.6 132
3230.9 131
3231.3 131
3231.6 130
3232 129
3232.4 128
3232.7 127
3233.1 126
3233.5 125
3233.8 124
3234.2 123
3234.5 122
3234.9 121
3235.1 120
3235.3 120
3235.5 119
3235.6 119
3235.8 118
3235.8 118
3236.2 117
3236.6 118
3236.9 120
3237.3 123
3237.6 126
3238 128
3238.4 130
3238.7 131
3239.1 132
3239.5 132
3239.8 132
3240.2 132
3240.5 132
3240.9 131
3241.3 131
3241.6 130
3242 129
3242.4 128
3242.7 127
3243.1 126
3243.4 125
3243.8 124
3244.2 123
3244.5 122
3244.9 121
3245.1 120
3245.3 120
3245.4 119
3245.6 119
3245.8 118
3245.8 118
3246.2 117
3246.5 118
3246.9 120
3247.3 123
3247.6 125
3248 128
3248.4 130
3248.7 131
3249.1 132
3249.4 132
3249.8 132
3250.2 132
3250.5 132
3250.9 131
3251.3 131
3251.6 130
3252 129
3252.3 128
3252.7 127
3253.1 126
3253.4 125
3253.8 124
3254.2 123
3254.5 122
3254.9 121
3255.1 120
3255.2 120
3255.4 119
3255.6 119
3255.8 118
3255.8 118
3256.2 117
3256.5 118
3256.9 120
3257.3 122
3257.6 125
3258 128
3258.3 130
3258.7 131
3259.1 132
3259.4 132
3259.8 132
3260.2 132
3260.5 132
3260.9 131
3261.2 131
3261.6 130
3262 129
3262.3 128
3262.7 127
3263.1 126
3263.4 125
3263.8 124
3264.1 123
3264.5 122
3264.9 121
3265.1 121
3265.2 120
3265.4 119
3265.6 119
3265.8 118
3265.8 118
3266.2 117
3266.5 118
3266.9 120
3267.2 122
3267.6 125
3268 128
3268.3 129
3268.7 131
3269.1 131
3269.4 132
3269.8 132
3270.1 132
3270.5 132
3270.9 131
3271.2 131
3271.6 130
3272 129
3272.3 128
3272.7 127
3273 126
3273.4 125
3273.8 124
3274.1 123
3274.5 122
3274.9 121
3275 121
3275.2 120
3275.4 120
3275.6 119
3275.8 118
3275.8 118
3276.1 117
3276.5 118
3276.9 120
3277.2 122
3277.6 125
3278 127
3278.3 129
3278.7 130
3279 131
3279.4 132
3279.8 132
3280.1 132
3280.5 132
3280.9 131
3281.2 130
3281.6 130
3281.9 129
3282.3 128
3282.7 127
3283 126
3283.4 125
3283.8 124
3284.1 123
3284.5 122
3284.8 121
3285 121
3285.2 120
3285.4 120
3285.6 119
3285.8 118
3285.8 118
3286.1 118
3286.5 118
3286.9 120
3287.2 122
3287.6 125
3287.9 127
3288.3 129
3288.7 130
3289 131
3289.4 132
3289.8 132
3290.1 132
3290.5 131
3290.8 131
3291.2 130
3291.6 130
3291.9 129
3292.3 128
3292.7 127
3293 126
3293.4 125
3293.7 124
3294.1 123
3294.5 122
3294.8 121
3295 121
3295.2 120
3295.4 120
3295.6 119
3295.7 119
3295.8 119
3296.1 118
3296.5 118
3296.8 119
3297.2 122
3297.6 125
3297.9 127
3298.3 129
3298.7 130
3299 131
3299.4 131
3299.7 132
3300.1 132
3300.5 131
3300.8 131
3301.2 130
3301.6 130
3301.9 129
3302.3 128
3302.6 127
3303 126
3303.4 125
3303.7 124
3304.1 123
3304.5 122
3304.8 121
3305 121
3305.2 120
3305.4 120
3305.5 119
3305.7 119
3305.7 119
3306.1 118
3306.5 118
3306.8 119
3307.2 122
3307.6 125
3307.9 127
3308.3 129
3308.6 130
3309 131
3309.4 131
3309.7 132
3310.1 131
3310.5 131
3310.8 131
3311.2 130
3311.5 130
3311.9 129
3312.3 128
3312.6 127
3313 126
3313.4 125
3313.7 124
3314.1 123
3314.4 122
3314.8 121
3315 121
3315.2 120
3315.4 120
3315.5 119
3315.7 119
3315.7 119
3316.1 118
3316.5 118
3316.8 119
3317.2 122
3317.5 124
3317.9 127
3318.3 128
3318.6 130
3319 131
3319.4 131
3319.7 131
3320.1 131
3320.4 131
3320.8 131
3321.2 130
3321.5 130
3321.9 129
3322.3 128
3322.6 127
3323 126
3323.3 125
3323.7 124
3324.1 123
3324.4 122
3324.8 121
3325 121
3325.2 120
3325.3 120
3325.5 119
3325.7 119
3325.7 119
3326.1 118
3326.4 118
3326.8 119
3327.2 122
3327.5 124
3327.9 126
3328.3 128
3328.6 130
3329 130
3329.3 131
3329.7 131
3330.1 131
3330.4 131
3330.8 131
3331.2 130
3331.5 130
3331.9 129
3332.2 128
3332.6 127
3333 126
3333.3 125
3333.7 124
3334.1 123
3334.4 122
3334.8 121
3335 121
3335.1 120
3335.3 120
3335.5 119
3335.7 119
3335.7 119
3336.1 118
3336.4 118
3336.8 119
3337.2 122
3337.5 124
3337.9 126
3338.2 128
3338.6 129
3339 130
3339.3 131
3339.7 131
3340.1 131
3340.4 131
3340.8 131
3341.1 130
3341.5 129
3341.9 129
3342.2 128
3342.6 127
3343 126
3343.3 125
3343.7 124
3344 123
3344.4 122
3344.8 121
3345 121
3345.1 120
3345.3 120
3345.5 119
3345.7 119
3345.7 119
3346.1 118
3346.4 118
3346.8 119
3347.1 121
3347.5 124
3347.9 126
3348.2 128
3348.6 129
3349 130
3349.3 131
3349.7 131
3350 131
3350.4 131
3350.8 130
3351.1 130
3351.5 129
3351.9 129
3352.2 128
3352.6 127
3352.9 126
3353.3 125
3353.7 124
3354 124
3354.4 123
3354.8 122
3354.9 121
3355.1 121
3355.3 120
3355.5 119
3355.7 119
3355.7 119
3356 118
3356.4 118
3356.8 119
3357.1 121
3357.5 124
3357.9 126
3358.2 128
3358.6 129
3358.9 130
3359.3 131
3359.7 131
3360 131
3360.4 131
3360.8 130
3361.1 130
3361.5 129
3361.8 129
3362.2 128
3362.6 127
3362.9 126
3363.3 125
3363.7 124
3364 124
3364.4 123
3364.7 122
3364.9 121
3365.1 121
3365.3 120
3365.5 120
3365.7 119
3365.7 119
3366 118
3366.4 118
3366.8 119
3367.1 121
3367.5 124
3367.8 126
3368.2 128
3368.6 129
3368.9 130
3369.3 130
3369.7 131
3370 131
3370.4 131
3370.7 130
3371.1 130
3371.5 129
3371.8 129
3372.2 128
3372.6 127
3372.9 126
3373.3 125
3373.6 124
3374 124
3374.4 123
3374.7 122
3374.9 121
3375.1 121
3375.3 120
3375.5 120
3375.6 119
3375.6 119
3376 118
3376.4 118
3376.7 119
3377.1 121
3377.5 124
3377.8 126
3378.2 127
3378.6 129
3378.9 130
3379.3 130
3379.6 131
3380 131
3380.4 131
3380.7 130
3381.1 130
3381.5 129
3381.8 129
3382.2 128
3382.5 127
3382.9 126
3383.3 125
3383.6 125
3384 124
3384.4 123
3384.7 122
3384.9 121
3385.1 121
3385.3 120
3385.4 120
3385.6 119
3385.6 119
3386 118
3386.4 118
3386.7 119
3387.1 121
3387.5 123
3387.8 125
3388.2 127
3388.5 129
3388.9 130
3389.3 130
3389.6 130
3390 131
3390.4 130
3390.7 130
3391.1 130
3391.4 129
3391.8 129
3392.2 128
3392.5 127
3392.9 126
3393.3 125
3393.6 125
3394 124
3394.3 123
3394.7 122
3394.9 121
3395.1 121
3395.3 120
3395.4 120
3395.6 119
3395.6 119
3396 118
3396.3 118
3396.7 119
3397.1 121
3397.4 123
3397.8 125
3398.2 127
3398.5 128
3398.9 129
3399.3 130
3399.6 130
3400 130
3400.3 130
3400.7 130
3401.1 130
3401.4 129
3401.8 129
3402.2 128
3402.5 127
3402.9 126
3403.2 125
3403.6 125
3404 124
3404.3 123
3404.7 122
3404.9 121
3405.1 121
3405.2 120
3405.4 120
3405.6 119
3405.6 119
3406 118
3406.3 118
3406.7 119
3407.1 121
3407.4 123
3407.8 125
3408.2 127
3408.5 128
3408.9 129
3409.2 130
3409.6 130
3410 130
3410.3 130
3410.7 130
3411.1 130
3411.4 129
3411.8 128
3412.1 128
3412.5 127
3412.9 126
3413.2 125
3413.6 125
3414 124
3414.3 123
3414.7 122
3414.9 121
3415 121
3415.2 120
3415.4 120
3415.6 119
3415.6 119
3416 118
3416.3 118
3416.7 119
3417 121
3417.4 123
3417.8 125
3418.1 127
3418.5 128
3418.9 129
3419.2 130
3419.6 130
3420 130
3420.3 130
3420.7 130
3421 129
3421.4 129
3421.8 128
3422.1 128
3422.5 127
3422.9 126
3423.2 125
3423.6 125
3423.9 124
3424.3 123
3424.7 122
3424.8 121
3425 121
3425.2 120
3425.4 120
3425.6 119
3425.6 119
3425.9 118
3426.3 118
3426.7 119
3427 121
3427.4 123
3427.8 125
3428.1 127
3428.5 128
3428.8 129
3429.2 130
3429.6 130
3429.9 130
3430.3 130
3430.7 130
3431 129
3431.4 129
3431.8 128
3432.1 128
3432.5 127
3432.8 126
3433.2 125
3433.6 125
3433.9 124
3434.3 123
3434.7 122
3434.8 121
3435 121
3435.2 120
3435.4 120
3435.6 119
3435.6 119
3435.9 119
3436.3 118
3436.7 119
3437 121
3437.4 123
3437.7 125
3438.1 126
3438.5 128
3438.8 129
3439.2 129
3439.6 130
3439.9 130
3440.3 130
3440.7 130
3441 129
3441.4 129
3441.7 128
3442.1 128
3442.5 127
3442.8 126
3443.2 125
3443.6 125
3443.9 124
3444.3 123
3444.6 122
3444.8 121
3445 121
3445.2 120
3445.4 120
3445.5 119
3445.6 119
3445.9 119
3446.3 118
3446.6 119
3447 121
3447.4 123
3447.7 125
3448.1 126
3448.5 128
3448.8 129
3449.2 129
3449.5 130
3449.9 130
3450.3 130
3450.6 130
3451 129
3451.4 129
3451.7 128
3452.1 128
3452.5 127
3452.8 126
3453.2 125
3453.5 125
3453.9 124
3454.3 123
3454.6 122
3454.8 121
3455 121
3455.2 120
3455.4 120
3455.5 120
3455.5 120
3455.9 119
3456.3 118
3456.6 119
3457 121
3457.4 123
3457.7 124
3458.1 126
3458.4 127
3458.8 128
3459.2 129
3459.5 130
3459.9 130
3460.3 130
3460.6 129
3461 129
3461.4 129
3461.7 128
3462.1 128
3462.4 127
3462.8 126
3463.2 125
3463.5 125
3463.9 124
3464.3 123
3464.6 122
3464.8 121
3465 121
3465.2 121
3465.3 120
3465.5 120
3465.5 120
3465.9 119
3466.3 118
3466.6 119
3467 121
3467.3 122
3467.7 124
3468.1 126
3468.4 127
3468.8 128
3469.2 129
3469.5 129
3469.9 130
3470.2 130
3470.6 129
3471 129
3471.3 129
3471.7 128
3472.1 128
3472.4 127
3472.8 126
3473.2 125
3473.5 125
3473.9 124
3474.2 123
3474.6 122
3474.8 121
3475 121
3475.1 121
3475.3 120
3475.5 120
3475.5 120
3475.9 119
3476.2 118
3476.6 119
3477 120
3477.3 122
3477.7 124
3478.1 126
3478.4 127
3478.8 128
3479.1 129
3479.5 129
3479.9 129
3480.2 129
3480.6 129
3481 129
3481.3 129
3481.7 128
3482 127
3482.4 127
3482.8 126
3483.1 125
3483.5 125
3483.9 124
3484.2 123
3484.6 122
3484.8 122
3485 121
3485.1 121
3485.3 120
3485.5 120
3485.5 120
3485.9 119
3486.2 118
3486.6 119
3487 120
3487.3 122
3487.7 124
3488 126
3488.4 127
3488.8 128
3489.1 129
3489.5 129
3489.9 129
3490.2 129
3490.6 129
3490.9 129
3491.3 129
3491.7 128
3492 127
3492.4 127
3492.8 126
3493.1 125
3493.5 125
3493.9 124
3494.2 123
3494.6 122
3494.8 122
3494.9 121
3495.1 121
3495.3 120
3495.5 120
3495.5 120
3495.9 119
3496.2 118
3496.6 119
3496.9 120
3497.3 122
3497.7 124
3498 126
3498.4 127
3498.8 128
3499.1 129
3499.5 129
3499.8 130
3500.2 130
3500.6 129
3500.9 129
3501.3 129
3501.7 128
3502 128
3502.4 127
3502.7 126
3503.1 126
3503.5 125
3503.8 124
3504.2 123
3504.6 122
3504.7 122
3504.9 121
3505.1 121
3505.3 121
3505.5 120
3505.5 120
3505.8 119
3506.2 119
3506.6 119
3506.9 121
3507.3 122
3507.7 124
3508 126
3508.4 127
3508.7 128
3509.1 129
3509.5 129
3509.8 130
3510.2 130
3510.6 130
3510.9 129
3511.3 129
3511.6 128
3512 128
3512.4 127
3512.7 127
3513.1 126
3513.5 125
3513.8 124
3514.2 123
3514.5 123
3514.7 122
3514.9 122
3515.1 121
3515.3 121
3515.5 120
3515.5 120
3515.8 119
3516.2 119
3516.6 119
3516.9 121
3517.3 122
3517.6 124
3518 126
3518.4 127
3518.7 128
3519.1 129
3519.5 129
3519.8 130
3520.2 130
3520.5 130
3520.9 129
3521.3 129
3521.6 128
3522 128
3522.4 127
3522.7 127
3523.1 126
3523.4 125
3523.8 124
3524.2 123
3524.5 123
3524.7 122
3524.9 122
3525.1 121
3525.3 121
3525.4 120
3525.5 120
3525.8 120
3526.2 119
3526.5 119
3526.9 121
3527.3 122
3527.6 124
3528 126
3528.4 127
3528.7 128
3529.1 129
3529.4 129
3529.8 129
3530.2 130
3530.5 129
3530.9 129
3531.3 129
3531.6 128
3532 128
3532.3 127
3532.7 127
3533.1 126
3533.4 125
3533.8 124
3534.2 123
3534.5 123
3534.7 122
3534.9 122
3535.1 121
3535.3 121
3535.4 120
3535.4 120
3535.8 120
3536.2 119
3536.5 119
3536.9 121
3537.3 122
3537.6 124
3538 126
3538.3 127
3538.7 128
3539.1 129
3539.4 129
3539.8 129
3540.2 129
3540.5 129
3540.9 129
3541.2 129
3541.6 128
3542 128
3542.3 127
3542.7 126
3543.1 126
3543.4 125
3543.8 124
3544.1 123
3544.5 123
3544.7 122
3544.9 122
3545.1 121
3545.2 121
3545.4 120
3545.4 120
3545.8 120
3546.2 119
3546.5 119
3546.9 121
3547.2 122
3547.6 124
3548 125
3548.3 127
3548.7 128
3549.1 128
3549.4 129
3549.8 129
3550.1 129
3550.5 129
3550.9 129
3551.2 129
3551.6 128
3552 128
3552.3 127
3552.7 126
3553 126
3553.4 125
3553.8 124
3554.1 123
3554.5 123
3554.7 122
3554.9 122
3555 121
3555.2 121
3555.4 120
3555.4 120
3555.8 120
3556.1 119
3556.5 119
3556.9 120
3557.2 122
3557.6 124
3558 125
3558.3 126
3558.7 127
3559 128
3559.4 129
3559.8 129
3560.1 129
3560.5 129
3560.9 129
3561.2 128
3561.6 128
3561.9 127
3562.3 127
3562.7 126
3563 126
3563.4 125
3563.8 124
3564.1 123
3564.5 122
3564.7 122
3564.8 122
3565 121
3565.2 121
3565.4 120
3565.4 120
3565.8 119
3566.1 119
3566.5 119
3566.9 120
3567.2 122
3567.6 123
3567.9 125
3568.3 126
3568.7 127
3569 128
3569.4 128
3569.8 129
3570.1 129
3570.5 129
3570.8 129
3571.2 128
3571.6 128
3571.9 127
3572.3 127
3572.7 126
3573 126
3573.4 125
3573.7 124
3574.1 123
3574.5 122
3574.7 122
3574.8 122
3575 121
3575.2 121
3575.4 120
3575.4 120
3575.8 119
3576.1 119
3576.5 119
3576.8 120
3577.2 122
3577.6 123
3577.9 125
3578.3 126
3578.7 127
3579 128
3579.4 128
3579.7 129
3580.1 129
3580.5 129
3580.8 128
3581.2 128
3581.6 128
3581.9 127
3582.3 127
3582.6 126
3583 125
3583.4 125
3583.7 124
3584.1 123
3584.5 122
3584.6 122
3584.8 122
3585 121
3585.2 121
3585.4 120
3585.4 120
3585.7 119
3586.1 119
3586.5 119
3586.8 120
3587.2 122
3587.6 123
3587.9 125
3588.3 126
3588.6 127
3589 128
3589.4 128
3589.7 128
3590.1 128
3590.5 128
3590.8 128
3591.2 128
3591.5 128
3591.9 127
3592.3 127
3592.6 126
3593 125
3593.4 125
3593.7 124
3594.1 123
3594.4 122
3594.6 122
3594.8 122
3595 121
3595.2 121
3595.4 120
3595.4 120
3595.7 119
3596.1 119
3596.5 119
3596.8 120
3597.2 121
3597.5 123
3597.9 124
3598.3 126
3598.6 127
3599 127
3599.4 128
3599.7 128
3600.1 128
3600.4 128
3600.8 128
3601.2 128
3601.5 128
3601.9 127
3602.3 127
3602.6 126
3603 125
3603.3 125
3603.7 124
3604.1 123
3604.4 122
3604.6 122
3604.8 122
3605 121
3605.2 121
3605.3 120
3605.4 120
3605.7 119
3606.1 119
3606.4 119
3606.8 120
3607.2 121
3607.5 123
3607.9 124
3608.3 125
3608.6 126
3609 127
3609.3 128
3609.7 128
3610.1 128
3610.4 128
3610.8 128
3611.2 128
3611.5 127
3611.9 127
3612.2 126
3612.6 126
3613 125
3613.3 125
3613.7 124
3614.1 123
3614.4 122
3614.6 122
3614.8 122
3615 121
3615.1 121
3615.3 120
3615.3 120
3615.7 119
3616.1 119
3616.4 119
3616.8 120
3617.2 121
3617.5 123
3617.9 124
3618.2 125
3618.6 126
3619 127
3619.3 128
3619.7 128
3620.1 128
3620.4 128
3620.8 128
3621.1 128
3621.5 127
3621.9 127
3622.2 126
3622.6 126
3623 125
3623.3 125
3623.7 124
3624 123
3624.4 122
3624.6 122
3624.8 122
3625 121
3625.1 121
3625.3 120
3625.3 120
3625.7 119
3626.1 119
3626.4 119
3626.8 120
3627.1 121
3627.5 123
3627.9 124
3628.2 125
3628.6 126
3629 127
3629.3 127
3629.7 128
3630 128
3630.4 128
3630.8 128
3631.1 128
3631.5 127
3631.9 127
3632.2 126
3632.6 126
3632.9 125
3633.3 124
3633.7 124
3634 123
3634.4 122
3634.6 122
3634.8 122
3634.9 121
3635.1 121
3635.3 120
3635.3 120
3635.7 119
3636 119
3636.4 119
3636.8 120
3637.1 121
3637.5 122
3637.9 124
3638.2 125
3638.6 126
3638.9 127
3639.3 127
3639.7 128
3640 128
3640.4 128
3640.8 128
3641.1 127
3641.5 127
3641.8 127
3642.2 126
3642.6 126
3642.9 125
3643.3 124
3643.7 124
3644 123
3644.4 122
3644.6 122
3644.7 122
3644.9 121
3645.1 121
3645.3 120
3645.3 120
3645.7 119
3646 119
3646.4 119
3646.8 120
3647.1 121
3647.5 122
3647.8 124
3648.2 125
3648.6 126
3648.9 127
3649.3 127
3649.7 128
3650 128
3650.4 128
3650.7 128
3651.1 127
3651.5 127
3651.8 127
3652.2 126
3652.6 126
3652.9 125
3653.3 124
3653.6 124
3654 123
3654.4 122
3654.6 122
3654.7 122
3654.9 121
3655.1 121
3655.3 120
3655.3 120
3655.7 120
3656 119
3656.4 119
3656.7 120
3657.1 121
3657.5 122
3657.8 124
3658.2 125
3658.6 126
3658.9 126
3659.3 127
3659.6 127
3660 128
3660.4 128
3660.7 128
3661.1 127
3661.5 127
3661.8 127
3662.2 126
3662.5 126
3662.9 125
3663.3 124
3663.6 124
3664 123
3664.4 122
3664.5 122
3664.7 122
3664.9 121
3665.1 121
3665.3 120
3665.3 120
3665.6 120
3666 119
3666.4 119
3666.7 120
3667.1 121
3667.5 122
3667.8 123
3668.2 125
3668.5 126
3668.9 126
3669.3 127
3669.6 127
3670 127
3670.4 128
3670.7 127
3671.1 127
3671.4 127
3671.8 127
3672.2 126
3672.5 126
3672.9 125
3673.3 124
3673.6 124
3674 123
3674.3 122
3674.5 122
3674.7 122
3674.9 121
3675.1 121
3675.3 120
3675.3 120
3675.6 120
3676 119
3676.4 119
3676.7 120
3677.1 121
3677.4 122
3677.8 123
3678.2 124
3678.5 125
3678.9 126
3679.3 127
3679.6 127
3680 127
3680.3 127
3680.7 127
3681.1 127
3681.4 127
3681.8 126
3682.2 126
3682.5 126
3682.9 125
3683.2 124
3683.6 124
3684 123
3684.3 122
3684.5 122
3684.7 122
3684.9 121
3685.1 121
3685.2 120
3685.2 120
3685.6 120
3686 119
3686.3 119
3686.7 120
3687.1 121
3687.4 122
3687.8 123
3688.2 124
3688.5 125
3688.9 126
3689.2 127
3689.6 127
3690 127
3690.3 127
3690.7 127
3691.1 127
3691.4 127
3691.8 126
3692.1 126
3692.5 125
3692.9 125
3693.2 124
3693.6 124
3694 123
3694.3 122
3694.5 122
3694.7 122
3694.9 121
3695 121
3695.2 120
3695.2 120
3695.6 120
3696 119
3696.3 119
3696.7 120
3697.1 121
3697.4 122
3697.8 123
3698.1 124
3698.5 125
3698.9 126
3699.2 127
3699.6 127
3700 127
3700.3 127
3700.7 127
3701 127
3701.4 127
3701.8 126
3702.1 126
3702.5 125
3702.9 125
3703.2 124
3703.6 124
3703.9 123
3704.3 122
3704.5 122
3704.7 122
3704.9 121
3705 121
3705.2 120
3705.2 120
3705.6 120
3705.9 119
3706.3 119
3706.7 120
3707 121
3707.4 122
3707.8 123
3708.1 124
3708.5 125
3708.9 126
3709.2 126
3709.6 127
3709.9 127
3710.3 127
3710.7 127
3711 127
3711.4 127
3711.8 126
3712.1 126
3712.5 125
3712.8 125
3713.2 124
3713.6 124
3713.9 123
3714.3 122
3714.5 122
3714.7 122
3714.8 121
3715 121
3715.2 120
3715.2 120
3715.6 120
3715.9 119
3716.3 119
3716.7 120
3717 120
3717.4 122
3717.8 123
3718.1 124
3718.5 125
3718.8 126
3719.2 126
3719.6 127
3719.9 127
3720.3 127
3720.7 127
3721 127
3721.4 127
3721.7 126
3722.1 126
3722.5 125
3722.8 125
3723.2 124
3723.6 124
3723.9 123
3724.3 122
3724.5 122
3724.6 122
3724.8 121
3725 121
3725.2 120
3725.2 120
3725.6 120
3725.9 119
3726.3 119
3726.6 119
3727 120
3727.4 122
3727.7 123
3728.1 124
3728.5 125
3728.8 126
3729.2 126
3729.6 127
3729.9 127
3730.3 127
3730.6 127
3731 127
3731.4 127
3731.7 126
3732.1 126
3732.5 125
3732.8 125
3733.2 124
3733.5 124
3733.9 123
3734.3 122
3734.4 122
3734.6 122
3734.8 121
3735 121
3735.2 120
3735.2 120
3735.5 120
3735.9 119
3736.3 119
3736.6 119
3737 120
3737.4 122
3737.7 123
3738.1 124
3738.4 125
3738.8 126
3739.2 126
3739.5 127
3739.9 127
3740.3 127
3740.6 127
3741 127
3741.4 126
3741.7 126
3742.1 126
3742.4 125
3742.8 125
3743.2 124
3743.5 124
3743.9 123
3744.3 122
3744.4 122
3744.6 122
3744.8 121
3745 121
3745.2 121
3745.2 120
3745.5 120
3745.9 119
3746.3 119
3746.6 119
3747 120
3747.3 121
3747.7 123
3748.1 124
3748.4 125
3748.8 125
3749.2 126
3749.5 126
3749.9 127
3750.3 127
3750.6 127
3751 127
3751.3 126
3751.7 126
3752.1 126
3752.4 125
3752.8 125
3753.2 124
3753.5 124
3753.9 123
3754.2 122
3754.4 122
3754.6 122
3754.8 121
3755 121
3755.1 121
3755.2 120
3755.5 120
3755.9 119
3756.2 119
3756.6 119
3757 120
3757.3 121
3757.7 123
3758.1 124
3758.4 125
3758.8 125
3759.1 126
3759.5 126
3759.9 127
3760.2 127
3760.6 127
3761 127
3761.3 126
3761.7 126
3762.1 126
3762.4 125
3762.8 125
3763.1 124
3763.5 124
3763.9 123
3764.2 122
3764.4 122
3764.6 122
3764.8 121
3765 121
3765.1 121
3765.1 121
3765.5 120
3765.9 119
3766.2 119
3766.6 119
3767 120
3767.3 121
3767.7 122
3768 123
3768.4 124
3768.8 125
3769.1 126
3769.5 126
3769.9 126
3770.2 127
3770.6 127
3771 126
3771.3 126
3771.7 126
3772 126
3772.4 125
3772.8 125
3773.1 124
3773.5 124
3773.9 123
3774.2 122
3774.4 122
3774.6 122
3774.8 121
3774.9 121
3775.1 121
3775.1 121
3775.5 120
3775.9 119
3776.2 119
3776.6 119
3776.9 120
3777.3 121
3777.7 122
3778 123
3778.4 124
3778.8 125
3779.1 126
3779.5 126
3779.8 126
3780.2 126
3780.6 126
3780.9 126
3781.3 126
3781.7 126
3782 126
3782.4 125
3782.8 125
3783.1 124
3783.5 124
3783.8 123
3784.2 122
3784.4 122
3784.6 122
3784.7 121
3784.9 121
3785.1 121
3785.1 121
3785.5 120
3785.8 119
3786.2 119
3786.6 119
3786.9 120
3787.3 121
3787.7 122
3788 123
3788.4 124
3788.7 125
3789.1 126
3789.5 126
3789.8 126
3790.2 126
3790.6 126
3790.9 126
3791.3 126
3791.6 126
3792 125
3792.4 125
3792.7 125
3793.1 124
3793.5 124
3793.8 123
3794.2 122
3794.4 122
3794.6 122
3794.7 121
3794.9 121
3795.1 121
3795.1 121
3795.5 120
3795.8 119
3796.2 119
3796.6 119
3796.9 120
3797.3 121
3797.6 122
3798 123
3798.4 124
3798.7 125
3799.1 125
3799.5 126
3799.8 126
3800.2 126
3800.5 126
3800.9 126
3801.3 126
3801.6 126
3802 125
3802.4 125
3802.7 125
3803.1 124
3803.5 123
3803.8 123
3804.2 122
3804.4 122
3804.5 122
3804.7 121
3804.9 121
3805.1 121
3805.1 121
3805.5 120
3805.8 119
3806.2 119
3806.5 119
3806.9 120
3807.3 121
3807.6 122
3808 123
3808.4 124
3808.7 125
3809.1 125
3809.4 126
3809.8 126
3810.2 126
3810.5 126
3810.9 126
3811.3 126
3811.6 126
3812 125
3812.3 125
3812.7 125
3813.1 124
3813.4 123
3813.8 123
3814.2 122
3814.3 122
3814.5 122
3814.7 121
3814.9 121
3815.1 121
3815.1 121
3815.4 120
3815.8 119
3816.2 119
3816.5 119
3816.9 120
3817.3 121
3817.6 122
3818 123
3818.3 124
3818.7 125
3819.1 125
3819.4 126
3819.8 126
3820.2 126
3820.5 126
3820.9 126
3821.2 126
3821.6 126
3822 125
3822.3 125
3822.7 124
3823.1 124
3823.4 123
3823.8 123
3824.2 122
3824.3 122
3824.5 122
3824.7 121
3824.9 121
3825.1 121
3825.1 121
3825.4 120
3825.8 119
3826.2 119
3826.5 119
3826.9 120
3827.2 121
3827.6 122
3828 123
3828.3 124
3828.7 124
3829.1 125
3829.4 126
3829.8 126
3830.1 126
3830.5 126
3830.9 126
3831.2 126
3831.6 126
3832 125
3832.3 125
3832.7 124
3833 124
3833.4 123
3833.8 123
3834.1 122
3834.3 122
3834.5 122
3834.7 121
3834.9 121
3835 121
3835.1 121
3835.4 120
3835.8 119
3836.1 119
3836.5 119
3836.9 120
3837.2 121
3837.6 122
3838 123
3838.3 124
3838.7 124
3839 125
3839.4 125
3839.8 126
3840.1 126
3840.5 126
3840.9 126
3841.2 126
3841.6 126
3841.9 125
3842.3 125
3842.7 124
3843 124
3843.4 123
3843.8 123
3844.1 122
3844.3 122
3844.5 122
3844.7 121
3844.9 121
3845 121
3845 121
3845.4 120
3845.8 119
3846.1 119
3846.5 119
3846.9 120
3847.2 121
3847.6 122
3847.9 123
3848.3 124
3848.7 124
3849 125
3849.4 125
3849.8 126
3850.1 126
3850.5 126
3850.8 126
3851.2 126
3851.6 125
3851.9 125
3852.3 125
3852.7 124
3853 124
3853.4 123
3853.7 123
3854.1 122
3854.3 122
3854.5 122
3854.7 121
3854.8 121
3855 121
3855 121
3855.4 120
3855.8 119
3856.1 119
3856.5 119
3856.8 120
3857.2 121
3857.6 122
3857.9 123
3858.3 123
3858.7 124
3859 125
3859.4 125
3859.7 126
3860.1 126
3860.5 126
3860.8 126
3861.2 126
3861.6 125
3861.9 125
3862.3 125
3862.6 124
3863 124
3863.4 123
3863.7 123
3864.1 122
3864.3 122
3864.5 122
3864.6 121
3864.8 121
3865 121
3865 121
3865.4 120
3865.7 119
3866.1 119
3866.5 119
3866.8 120
3867.2 121
3867.6 122
3867.9 122
3868.3 123
3868.6 124
3869 125
3869.4 125
3869.7 125
3870.1 126
3870.5 126
3870.8 126
3871.2 126
3871.5 125
3871.9 125
3872.3 125
3872.6 124
3873 124
3873.4 123
3873.7 123
3874.1 122
3874.3 122
3874.4 122
3874.6 121
3874.8 121
3875 121
3875 121
3875.4 120
3875.7 119
3876.1 119
3876.5 119
3876.8 120
3877.2 121
3877.5 121
3877.9 122
3878.3 123
3878.6 124
3879 125
3879.4 125
3879.7 125
3880.1 126
3880.4 126
3880.8 126
3881.2 125
3881.5 125
3881.9 125
3882.3 125
3882.6 124
3883 124
3883.3 123
3883.7 123
3884.1 122
3884.3 122
3884.4 122
3884.6 121
3884.8 121
3885 121
3885 121
3885.4 120
3885.7 119
3886.1 119
3886.4 119
3886.8 120
3887.2 120
3887.5 121
3887.9 122
3888.3 123
3888.6 124
3889 124
3889.3 125
3889.7 125
3890.1 125
3890.4 126
3890.8 125
3891.2 125
3891.5 125
3891.9 125
3892.2 125
3892.6 124
3893 124
3893.3 123
3893.7 123
3894.1 122
3894.2 122
3894.4 122
3894.6 121
3894.8 121
3895 121
3895 121
3895.3 120
3895.7 119
3896.1 119
3896.4 119
3896.8 120
3897.2 120
3897.5 121
3897.9 122
3898.2 123
3898.6 124
3899 124
3899.3 125
3899.7 125
3900.1 125
3900.4 125
3900.8 125
3901.1 125
3901.5 125
3901.9 125
3902.2 125
3902.6 124
3903 124
3903.3 123
3903.7 123
3904 122
3904.2 122
3904.4 122
3904.6 121
3904.8 121
3905 121
3905 121
3905.3 120
3905.7 119
3906.1 119
3906.4 119
3906.8 120
3907.1 120
3907.5 121
3907.9 122
3908.2 123
3908.6 124
3909 124
3909.3 125
3909.7 125
3910 125
3910.4 125
3910.8 125
3911.1 125
3911.5 125
3911.9 125
3912.2 124
3912.6 124
3912.9 124
3913.3 123
3913.7 123
3914 122
3914.2 122
3914.4 122
3914.6 121
3914.8 121
3914.9 121
3915 121
3915.3 120
3915.7 119
3916 119
3916.4 119
3916.8 120
3917.1 120
3917.5 121
3917.9 122
3918.2 123
3918.6 124
3918.9 124
3919.3 125
3919.7 125
3920 125
3920.4 125
3920.8 125
3921.1 125
3921.5 125
3921.8 125
3922.2 124
3922.6 124
3922.9 124
3923.3 123
3923.7 123
3924 122
3924.2 122
3924.4 122
3924.6 121
3924.7 121
3924.9 121
3924.9 121
3925.3 120
3925.7 119
3926 119
3926.4 119
3926.8 120
3927.1 120
3927.5 121
3927.8 122
3928.2 123
3928.6 123
3928.9 124
3929.3 125
3929.7 125
3930 125
3930.4 125
3930.7 125
3931.1 125
3931.5 125
3931.8 125
3932.2 124
3932.6 124
3932.9 124
3933.3 123
3933.6 123
3934 122
3934.2 122
3934.4 122
3934.6 121
3934.7 121
3934.9 121
3934.9 121
3935.3 120
3935.7 119
3936 119
3936.4 119
3936.7 120
3937.1 120
3937.5 121
3937.8 122
3938.2 123
3938.6 123
3938.9 124
3939.3 124
3939.6 125
3940 125
3940.4 125
3940.7 125
3941.1 125
3941.5 125
3941.8 125
3942.2 124
3942.5 124
3942.9 124
3943.3 123
3943.6 123
3944 122
3944.2 122
3944.4 122
3944.5 121
3944.7 121
3944.9 121
3944.9 121
3945.3 120
3945.6 119
3946 119
3946.4 119
3946.7 119
3947.1 120
3947.5 121
3947.8 122
3948.2 123
3948.5 123
3948.9 124
3949.3 124
3949.6 125
3950 125
3950.4 125
3950.7 125
3951.1 125
3951.4 125
3951.8 125
3952.2 124
3952.5 124
3952.9 124
3953.3 123
3953.6 123
3954 122
3954.2 122
3954.3 122
3954.5 121
3954.7 121
3954.9 121
3954.9 121
3955.3 120
3955.6 119
3956 119
3956.4 119
3956.7 119
3957.1 120
3957.4 121
3957.8 122
3958.2 122
3958.5 123
3958.9 124
3959.3 124
3959.6 125
3960 125
3960.3 125
3960.7 125
3961.1 125
3961.4 125
3961.8 124
3962.2 124
3962.5 124
3962.9 123
3963.2 123
3963.6 123
3964 122
3964.2 122
3964.3 122
3964.5 121
3964.7 121
3964.9 121
3964.9 121
3965.3 120
3965.6 119
3966 119
3966.3 119
3966.7 119
3967.1 120
3967.4 121
3967.8 122
3968.2 122
3968.5 123
3968.9 124
3969.2 124
3969.6 124
3970 125
3970.3 125
3970.7 125
3971.1 125
3971.4 125
3971.8 124
3972.1 124
3972.5 124
3972.9 123
3973.2 123
3973.6 123
3974 122
3974.1 122
3974.3 121
3974.5 121
3974.7 121
3974.9 121
3974.9 121
3975.2 120
3975.6 119
3976 119
3976.3 119
3976.7 119
3977.1 120
3977.4 121
3977.8 122
3978.1 122
3978.5 123
3978.9 124
3979.2 124
3979.6 124
3980 125
3980.3 125
3980.7 125
3981 125
3981.4 125
3981.8 124
3982.1 124
3982.5 124
3982.9 123
3983.2 123
3983.6 123
3983.9 122
3984.1 122
3984.3 121
3984.5 121
3984.7 121
3984.9 121
3984.9 121
3985.2 120
3985.6 119
3986 119
3986.3 119
3986.7 119
3987 120
3987.4 121
3987.8 121
3988.1 122
3988.5 123
3988.9 123
3989.2 124
3989.6 124
3989.9 125
3990.3 125
3990.7 125
3991 125
3991.4 125
3991.8 124
3992.1 124
3992.5 124
3992.8 123
3993.2 123
3993.6 122
3993.9 122
3994.1 122
3994.3 121
3994.5 121
3994.7 121
3994.8 121
3994.8 121
3995.2 120
3995.6 119
3995.9 119
3996.3 119
3996.7 119
3997 120
3997.4 121
3997.8 121
3998.1 122
3998.5 123
3998.8 124
3999.2 124
3999.6 124
3999.9 125
4000.3 125
4000.7 125
4001 125
4001.4 125
4001.7 125
4002.1 124
4002.5 124
4002.8 124
4003.2 123
4003.6 123
4003.9 122
4004.1 122
4004.3 122
4004.5 121
4004.6 121
4004.8 121
4004.8 121
4005.2 120
4005.6 120
4005.9 119
4006.3 119
4006.7 120
4007 120
4007.4 121
4007.7 122
4008.1 122
4008.5 123
4008.8 124
4009.2 124
4009.6 125
4009.9 125
4010.3 125
4010.6 125
4011 125
4011.4 125
4011.7 125
4012.1 124
4012.5 124
4012.8 124
4013.2 123
4013.5 123
4013.9 123
4014.1 122
4014.3 122
4014.5 122
4014.6 121
4014.8 121
4014.8 121
4015.2 121
4015.5 120
4015.9 120
4016.3 120
4016.6 120
4017 120
4017.4 121
4017.7 122
4018.1 123
4018.5 123
4018.8 124
4019.2 124
4019.5 125
4019.9 125
4020.3 125
4020.6 125
4021 125
4021.4 125
4021.7 125
4022.1 125
4022.4 124
4022.8 124
4023.2 124
4023.5 123
4023.9 123
4024.1 122
4024.3 122
4024.4 122
4024.6 122
4024.8 121
4024.8 121
4025.2 121
4025.5 120
4025.9 120
4026.3 120
4026.6 120
4027 120
4027.4 121
4027.7 122
4028.1 123
4028.4 123
4028.8 124
4029.2 124
4029.5 125
4029.9 125
4030.3 125
4030.6 125
4031 125
4031.3 125
4031.7 125
4032.1 125
4032.4 124
4032.8 124
4033.2 123
4033.5 123
4033.9 123
4034.1 122
4034.2 122
4034.4 122
4034.6 122
4034.8 121
4034.8 121
4035.2 121
4035.5 120
4035.9 120
4036.2 120
4036.6 120
4037 120
4037.3 121
4037.7 122
4038.1 122
4038.4 123
4038.8 124
4039.2 124
4039.5 124
4039.9 125
4040.2 125
4040.6 125
4041 125
4041.3 125
4041.7 125
4042.1 124
4042.4 124
4042.8 124
4043.1 123
4043.5 123
4043.9 123
4044 122
4044.2 122
4044.4 122
4044.6 122
4044.8 121
4044.8 121
4045.1 121
4045.5 120
4045.9 120
4046.2 120
4046.6 120
4047 120
4047.3 121
4047.7 122
4048 122
4048.4 123
4048.8 124
4049.1 124
4049.5 124
4049.9 125
4050.2 125
4050.6 125
4051 125
4051.3 125
4051.7 125
4052 124
4052.4 124
4052.8 124
4053.1 123
4053.5 123
4053.9 122
4054 122
4054.2 122
4054.4 122
4054.6 121
4054.8 121
4054.8 121
4055.1 121
4055.5 120
4055.9 120
4056.2 120
4056.6 120
4056.9 120
4057.3 121
4057.7 121
4058 122
4058.4 123
4058.8 123
4059.1 124
4059.5 124
4059.9 124
4060.2 125
4060.6 125
4060.9 125
4061.3 125
4061.7 124
4062 124
4062.4 124
4062.8 124
4063.1 123
4063.5 123
4063.8 122
4064 122
4064.2 122
4064.4 122
4064.6 121
4064.7 121
4064.8 121
4065.1 120
4065.5 120
4065.8 120
4066.2 119
4066.6 120
4066.9 120
4067.3 121
4067.7 121
4068 122
4068.4 123
4068.7 123
4069.1 124
4069.5 124
4069.8 124
4070.2 124
4070.6 124
4070.9 124
4071.3 124
4071.7 124
4072 124
4072.4 124
4072.7 123
4073.1 123
4073.5 123
4073.8 122
4074 122
4074.2 122
4074.4 121
4074.6 121
4074.7 121
4074.7 121
4075.1 120
4075.5 120
4075.8 119
4076.2 119
4076.6 119
4076.9 120
4077.3 120
4077.6 121
4078 122
4078.4 122
4078.7 123
4079.1 123
4079.5 124
4079.8 124
4080.2 124
4080.6 124
4080.9 124
4081.3 124
4081.6 124
4082 124
4082.4 124
4082.7 123
4083.1 123
4083.5 123
4083.8 122
4084 122
4084.2 122
4084.4 121
4084.5 121
4084.7 121
4084.7 121
4085.1 120
4085.5 120
4085.8 119
4086.2 119
4086.5 119
4086.9 120
4087.3 120
4087.6 121
4088 122
4088.4 122
4088.7 123
4089.1 123
4089.4 124
4089.8 124
4090.2 124
4090.5 124
4090.9 124
4091.3 124
4091.6 124
4092 124
4092.4 123
4092.7 123
4093.1 123
4093.4 122
4093.8 122
4094 122
4094.2 122
4094.3 121
4094.5 121
4094.7 121
4094.7 121
4095.1 120
4095.4 120
4095.8 119
4096.2 119
4096.5 119
4096.9 120
4097.3 120
4097.6 121
4098 122
4098.3 122
4098.7 123
4099.1 123
4099.4 123
4099.8 124
4100.2 124
4100.5 124
4100.9 124
4101.2 124
4101.6 124
4102 124
4102.3 123
4102.7 123
4103.1 123
4103.4 122
4103.8 122
4104 122
4104.2 121
4104.3 121
4104.5 121
4104.7 121
4104.7 121
4105.1 120
4105.4 120
4105.8 119
4106.2 119
4106.5 119
4106.9 120
4107.2 120
4107.6 121
4108 121
4108.3 122
4108.7 123
4109.1 123
4109.4 123
4109.8 124
4110.1 124
4110.5 124
4110.9 124
4111.2 124
4111.6 124
4112 124
4112.3 123
4112.7 123
4113.1 123
4113.4 122
4113.8 122
4114 122
4114.1 121
4114.3 121
4114.5 121
4114.7 121
4114.7 121
4115.1 120
4115.4 120
4115.8 119
4116.1 119
4116.5 119
4116.9 119
4117.2 120
4117.6 121
4118 121
4118.3 122
4118.7 122
4119 123
4119.4 123
4119.8 123
4120.1 124
4120.5 124
4120.9 124
4121.2 124
4121.6 124
4121.9 123
4122.3 123
4122.7 123
4123 123
4123.4 122
4123.8 122
4123.9 122
4124.1 121
4124.3 121
4124.5 121
4124.7 121
4124.7 121
4125 120
4125.4 120
4125.8 119
4126.1 119
4126.5 119
4126.9 119
4127.2 120
4127.6 121
4127.9 121
4128.3 122
4128.7 122
4129 123
4129.4 123
4129.8 123
4130.1 124
4130.5 124
4130.8 124
4131.2 124
4131.6 124
4131.9 123
4132.3 123
4132.7 123
4133 122
4133.4 122
4133.8 122
4133.9 121
4134.1 121
4134.3 121
4134.5 121
4134.7 121
4134.7 121
4135 120
4135.4 120
4135.8 119
4136.1 119
4136.5 119
4136.8 119
4137.2 120
4137.6 120
4137.9 121
4138.3 122
4138.7 122
4139 123
4139.4 123
4139.7 123
4140.1 123
4140.5 124
4140.8 124
4141.2 124
4141.6 123
4141.9 123
4142.3 123
4142.6 123
4143 122
4143.4 122
4143.7 122
4143.9 121
4144.1 121
4144.3 121
4144.5 121
4144.6 121
4144.7 121
4145 120
4145.4 120
4145.7 119
4146.1 119
4146.5 119
4146.8 119
4147.2 120
4147.6 120
4147.9 121
4148.3 122
4148.6 122
4149 123
4149.4 123
4149.7 123
4150.1 123
4150.5 123
4150.8 123
4151.2 123
4151.5 123
4151.9 123
4152.3 123
4152.6 123
4153 122
4153.4 122
4153.7 122
4153.9 121
4154.1 121
4154.3 121
4154.5 121
4154.6 120
4154.6 120
4155 120
4155.4 119
4155.7 119
4156.1 119
4156.5 119
4156.8 119
4157.2 120
4157.5 120
4157.9 121
4158.3 121
4158.6 122
4159 122
4159.4 123
4159.7 123
4160.1 123
4160.4 123
4160.8 123
4161.2 123
4161.5 123
4161.9 123
4162.3 123
4162.6 123
4163 122
4163.3 122
4163.7 122
4163.9 121
4164.1 121
4164.3 121
4164.4 121
4164.6 120
4164.6 120
4165 120
4165.4 119
4165.7 119
4166.1 119
4166.4 119
4166.8 119
4167.2 120
4167.5 120
4167.9 121
4168.3 121
4168.6 122
4169 122
4169.3 123
4169.7 123
4170.1 123
4170.4 123
4170.8 123
4171.2 123
4171.5 123
4171.9 123
4172.2 123
4172.6 123
4173 122
4173.3 122
4173.7 122
4173.9 121
4174.1 121
4174.2 121
4174.4 121
4174.6 120
4174.6 120
4175 120
4175.3 119
4175.7 119
4176.1 119
4176.4 119
4176.8 119
4177.2 120
4177.5 120
4177.9 121
4178.2 121
4178.6 122
4179 122
4179.3 123
4179.7 123
4180.1 123
4180.4 123
4180.8 123
4181.1 123
4181.5 123
4181.9 123
4182.2 123
4182.6 123
4183 122
4183.3 122
4183.7 121
4183.9 121
4184 121
4184.2 121
4184.4 121
4184.6 120
4184.6 120
4185 120
4185.3 119
4185.7 119
4186.1 119
4186.4 119
4186.8 119
4187.1 120
4187.5 120
4187.9 121
4188.2 121
4188.6 122
4189 122
4189.3 122
4189.7 123
4190 123
4190.4 123
4190.8 123
4191.1 123
4191.5 123
4191.9 123
4192.2 123
4192.6 122
4192.9 122
4193.3 122
4193.7 121
4193.9 121
4194 121
4194.2 121
4194.4 121
4194.6 120
4194.6 120
4195 120
4195.3 119
4195.7 119
4196 119
4196.4 119
4196.8 119
4197.1 119
4197.5 120
4197.9 121
4198.2 121
4198.6 122
4198.9 122
4199.3 122
4199.7 123
4200 123
4200.4 123
4200.8 123
4201.1 123
4201.5 123
4201.8 123
4202.2 123
4202.6 122
4202.9 122
4203.3 122
4203.7 121
4203.8 121
4204 121
4204.2 121
4204.4 121
4204.6 120
4204.6 120
4204.9 120
4205.3 119
4205.7 119
4206 119
4206.4 119
4206.8 119
4207.1 119
4207.5 120
4207.8 120
4208.2 121
4208.6 122
4208.9 122
4209.3 122
4209.7 123
4210 123
4210.4 123
4210.7 123
4211.1 123
4211.5 123
4211.8 123
4212.2 123
4212.6 122
4212.9 122
4213.3 122
4213.6 121
4213.8 121
4214 121
4214.2 121
4214.4 121
4214.6 120
4214.6 120
4214.9 120
4215.3 119
4215.7 119
4216 119
4216.4 119
4216.7 119
4217.1 119
4217.5 120
4217.8 120
4218.2 121
4218.6 121
4218.9 122
4219.3 122
4219.6 123
4220 123
4220.4 123
4220.7 123
4221.1 123
4221.5 123
4221.8 123
4222.2 123
4222.5 122
4222.9 122
4223.3 122
4223.6 121
4223.8 121
4224 121
4224.2 121
4224.4 121
4224.5 120
4224.6 120
4224.9 120
4225.3 119
4225.6 119
4226 119
4226.4 119
4226.7 119
4227.1 119
4227.5 120
4227.8 120
4228.2 121
4228.5 121
4228.9 122
4229.3 122
4229.6 122
4230 123
4230.4 123
4230.7 123
4231.1 123
4231.4 123
4231.8 123
4232.2 122
4232.5 122
4232.9 122
4233.3 122
4233.6 121
4233.8 121
4234 121
4234.2 121
4234.3 121
4234.5 120
4234.5 120
4234.9 120
4235.3 119
4235.6 119
4236 119
4236.4 119
4236.7 119
4237.1 119
4237.4 120
4237.8 120
4238.2 121
4238.5 121
4238.9 122
4239.3 122
4239.6 122
4240 123
4240.3 123
4240.7 123
4241.1 123
4241.4 123
4241.8 123
4242.2 122
4242.5 122
4242.9 122
4243.2 122
4243.6 121
4243.8 121
4244 121
4244.2 121
4244.3 120
4244.5 120
4244.5 120
4244.9 120
4245.3 119
4245.6 119
4246 119
4246.3 119
4246.7 119
4247.1 119
4247.4 120
4247.8 120
4248.2 121
4248.5 121
4248.9 122
4249.2 122
4249.6 122
4250 122
4250.3 123
4250.7 123
4251.1 123
4251.4 123
4251.8 123
4252.1 122
4252.5 122
4252.9 122
4253.2 122
4253.6 121
4253.8 121
4254 121
4254.1 121
4254.3 120
4254.5 120
4254.5 120
4254.9 120
4255.2 119
4255.6 119
4256 119
4256.3 119
4256.7 119
4257.1 119
4257.4 120
4257.8 120
4258.1 121
4258.5 121
4258.9 122
4259.2 122
4259.6 122
4260 122
4260.3 123
4260.7 123
4261 123
4261.4 123
4261.8 122
4262.1 122
4262.5 122
4262.9 122
4263.2 122
4263.6 121
4263.8 121
4263.9 121
4264.1 121
4264.3 120
4264.5 120
4264.5 120
4264.9 120
4265.2 119
4265.6 119
4266 119
4266.3 119
4266.7 119
4267 119
4267.4 120
4267.8 120
4268.1 121
4268.5 121
4268.9 121
4269.2 122
4269.6 122
4269.9 122
4270.3 122
4270.7 123
4271 123
4271.4 122
4271.8 122
4272.1 122
4272.5 122
4272.8 122
4273.2 121
4273.6 121
4273.8 121
4273.9 121
4274.1 121
4274.3 120
4274.5 120
4274.5 120
4274.9 120
4275.2 119
4275.6 119
4275.9 119
4276.3 119
4276.7 119
4277 119
4277.4 119
4277.8 120
4278.1 120
4278.5 121
4278.8 121
4279.2 122
4279.6 122
4279.9 122
4280.3 122
4280.7 122
4281 122
4281.4 122
4281.7 122
4282.1 122
4282.5 122
4282.8 122
4283.2 121
4283.6 121
4283.7 121
4283.9 121
4284.1 121
4284.3 120
4284.5 120
4284.5 120
4284.8 120
4285.2 119
4285.6 119
4285.9 119
4286.3 119
4286.7 119
4287 119
4287.4 119
4287.7 120
4288.1 120
4288.5 121
4288.8 121
4289.2 122
4289.6 122
4289.9 122
4290.3 122
4290.6 122
4291 122
4291.4 122
4291.7 122
4292.1 122
4292.5 122
4292.8 122
4293.2 121
4293.5 121
4293.7 121
4293.9 121
4294.1 121
4294.3 120
4294.5 120
4294.5 120
4294.8 120
4295.2 119
4295.6 119
4295.9 119
4296.3 119
4296.6 119
4297 119
4297.4 119
4297.7 120
4298.1 120
4298.5 121
4298.8 121
4299.2 122
4299.5 122
4299.9 122
4300.3 122
4300.6 122
4301 122
4301.4 122
4301.7 122
4302.1 122
4302.4 122
4302.8 122
4303.2 121
4303.5 121
4303.7 121
4303.9 121
4304.1 121
4304.3 120
4304.4 120
4304.4 120
4304.8 120
4305.2 119
4305.5 119
4305.9 119
4306.3 119
4306.6 119
4307 119
4307.4 119
4307.7 120
4308.1 120
4308.4 121
4308.8 121
4309.2 121
4309.5 122
4309.9 122
4310.3 122
4310.6 122
4311 122
4311.3 122
4311.7 122
4312.1 122
4312.4 122
4312.8 122
4313.2 121
4313.5 121
4313.7 121
4313.9 121
4314.1 120
4314.2 120
4314.4 120
4314.4 120
4314.8 120
4315.2 119
4315.5 119
4315.9 119
4316.3 118
4316.6 119
4317 119
4317.3 119
4317.7 120
4318.1 120
4318.4 121
4318.8 121
4319.2 121
4319.5 122
4319.9 122
4320.2 122
4320.6 122
4321 122
4321.3 122
4321.7 122
4322.1 122
4322.4 122
4322.8 122
4323.1 121
4323.5 121
4323.7 121
4323.9 121
4324.1 120
4324.2 120
4324.4 120
4324.4 120
4324.8 120
4325.1 119
4325.5 119
4325.9 119
4326.2 118
4326.6 119
4327 119
4327.3 119
4327.7 120
4328.1 120
4328.4 121
4328.8 121
4329.1 121
4329.5 122
4329.9 122
4330.2 122
4330.6 122
4331 122
4331.3 122
4331.7 122
4332 122
4332.4 122
4332.8 121
4333.1 121
4333.5 121
4333.7 121
4333.9 121
4334 120
4334.2 120
4334.4 120
4334.4 120
4334.8 120
4335.1 119
4335.5 119
4335.9 119
4336.2 118
4336.6 119
4337 119
4337.3 119
4337.7 120
4338 120
4338.4 120
4338.8 121
4339.1 121
4339.5 121
4339.9 122
4340.2 122
4340.6 122
4340.9 122
4341.3 122
4341.7 122
4342 122
4342.4 122
4342.8 121
4343.1 121
4343.5 121
4343.7 121
4343.8 121
4344 120
4344.2 120
4344.4 120
4344.4 120
4344.8 120
4345.1 119
4345.5 119
4345.8 119
4346.2 118
4346.6 119
4346.9 119
4347.3 119
4347.7 120
4348 120
4348.4 120
4348.8 121
4349.1 121
4349.5 121
4349.8 122
4350.2 122
4350.6 122
4350.9 122
4351.3 122
4351.7 122
4352 122
4352.4 122
4352.7 121
4353.1 121
4353.5 121
4353.6 121
4353.8 121
4354 120
4354.2 120
4354.4 120
4354.4 120
4354.7 120
4355.1 119
4355.5 119
4355.8 119
4356.2 118
4356.6 118
4356.9 119
4357.3 119
4357.6 119
4358 120
4358.4 120
4358.7 121
4359.1 121
4359.5 121
4359.8 122
4360.2 122
4360.6 122
4360.9 122
4361.3 122
4361.6 122
4362 122
4362.4 122
4362.7 121
4363.1 121
4363.5 121
4363.6 121
4363.8 120
4364 120
4364.2 120
4364.4 120
4364.4 120
4364.7 120
4365.1 119
4365.5 119
4365.8 118
4366.2 118
4366.5 118
4366.9 119
4367.3 119
4367.6 119
4368 120
4368.4 120
4368.7 121
4369.1 121
4369.5 121
4369.8 121
4370.2 122
4370.5 122
4370.9 122
4371.3 122
4371.6 122
4372 122
4372.4 121
4372.7 121
4373.1 121
4373.4 121
4373.6 121
4373.8 120
4374 120
4374.2 120
4374.3 120
4374.4 120
4374.7 120
4375.1 119
4375.4 119
4375.8 118
4376.2 118
4376.5 118
4376.9 119
4377.3 119
4377.6 119
4378 120
4378.3 120
4378.7 121
4379.1 121
4379.4 121
4379.8 121
4380.2 122
4380.5 122
4380.9 122
4381.3 122
4381.6 122
4382 122
4382.3 121
4382.7 121
4383.1 121
4383.4 121
4383.6 121
4383.8 120
4384 120
4384.2 120
4384.3 120
4384.3 120
4384.7 119
4385.1 119
4385.4 119
4385.8 118
4386.2 118
4386.5 118
4386.9 119
4387.2 119
4387.6 119
4388 120
4388.3 120
4388.7 120
4389.1 121
4389.4 121
4389.8 121
4390.2 122
4390.5 122
4390.9 122
4391.2 122
4391.6 122
4392 122
4392.3 121
4392.7 121
4393.1 121
4393.4 121
4393.6 121
4393.8 120
4394 120
4394.1 120
4394.3 120
4394.3 120
4394.7 119
4395.1 119
4395.4 119
4395.8 118
4396.1 118
4396.5 118
4396.9 119
4397.2 119
4397.6 119
4398 120
4398.3 120
4398.7 120
4399 121
4399.4 121
4399.8 121
4400.1 121
4400.5 122
4400.9 122
4401.2 122
4401.6 122
4402 121
4402.3 121
4402.7 121
4403 121
4403.4 121
4403.6 120
4403.8 120
4403.9 120
4404.1 120
4404.3 120
4404.3 120
4404.7 119
4405 119
4405.4 119
4405.8 118
4406.1 118
4406.5 118
4406.9 118
4407.2 119
4407.6 119
4407.9 120
4408.3 120
4408.7 120
4409 121
4409.4 121
4409.8 121
4410.1 121
4410.5 121
4410.8 122
4411.2 122
4411.6 121
4411.9 121
4412.3 121
4412.7 121
4413 121
4413.4 121
4413.6 120
4413.8 120
4413.9 120
4414.1 120
4414.3 120
4414.3 120
4414.7 119
4415 119
4415.4 119
4415.8 118
4416.1 118
4416.5 118
4416.8 118
4417.2 119
4417.6 119
4417.9 119
4418.3 120
4418.7 120
4419 121
4419.4 121
4419.7 121
4420.1 121
4420.5 121
4420.8 121
4421.2 121
4421.6 121
4421.9 121
4422.3 121
4422.7 121
4423 121
4423.4 121
4423.6 120
4423.7 120
4423.9 120
4424.1 120
4424.3 120
4424.3 120
4424.7 119
4425 119
4425.4 119
4425.7 118
4426.1 118
4426.5 118
4426.8 118
4427.2 119
4427.6 119
4427.9 119
4428.3 120
4428.6 120
4429 121
4429.4 121
4429.7 121
4430.1 121
4430.5 121
4430.8 121
4431.2 121
4431.5 121
4431.9 121
4432.3 121
4432.6 121
4433 121
4433.4 120
4433.5 120
4433.7 120
4433.9 120
4434.1 120
4434.3 120
4434.3 120
4434.6 119
4435 119
4435.4 119
4435.7 118
4436.1 118
4436.5 118
4436.8 118
4437.2 119
4437.5 119
4437.9 119
4438.3 120
4438.6 120
4439 120
4439.4 121
4439.7 121
4440.1 121
4440.4 121
4440.8 121
4441.2 121
4441.5 121
4441.9 121
4442.3 121
4442.6 121
4443 121
4443.4 120
4443.5 120
4443.7 120
4443.9 120
4444.1 120
4444.3 120
4444.3 120
4444.6 119
4445 119
4445.4 119
4445.7 118
4446.1 118
4446.4 118
4446.8 118
4447.2 119
4447.5 119
4447.9 119
4448.3 120
4448.6 120
4449 120
4449.3 121
4449.7 121
4450.1 121
4450.4 121
4450.8 121
4451.2 121
4451.5 121
4451.9 121
4452.2 121
4452.6 121
4453 121
4453.3 120
4453.5 120
4453.7 120
4453.9 120
4454.1 120
4454.2 120
4454.3 120
4454.6 119
4455 119
4455.3 119
4455.7 118
4456.1 118
4456.4 118
4456.8 118
4457.2 119
4457.5 119
4457.9 119
4458.2 120
4458.6 120
4459 120
4459.3 121
4459.7 121
4460.1 121
4460.4 121
4460.8 121
4461.1 121
4461.5 121
4461.9 121
4462.2 121
4462.6 121
4463 121
4463.3 120
4463.5 120
4463.7 120
4463.9 120
4464.1 120
4464.2 120
4464.2 120
4464.6 119
4465 119
4465.3 119
4465.7 118
4466.1 118
4466.4 118
4466.8 118
4467.1 118
4467.5 119
4467.9 119
4468.2 120
4468.6 120
4469 120
4469.3 120
4469.7 121
4470 121
4470.4 121
4470.8 121
4471.1 121
4471.5 121
4471.9 121
4472.2 121
4472.6 121
4472.9 121
4473.3 120
4473.5 120
4473.7 120
4473.9 120
4474 120
4474.2 120
4474.2 120
4474.6 119
4475 119
4475.3 119
4475.7 118
4476 118
4476.4 118
4476.8 118
4477.1 118
4477.5 119
4477.9 119
4478.2 119
4478.6 120
4478.9 120
4479.3 120
4479.7 121
4480 121
4480.4 121
4480.8 121
4481.1 121
4481.5 121
4481.8 121
4482.2 121
4482.6 121
4482.9 121
4483.3 120
4483.5 120
4483.7 120
4483.8 120
4484 120
4484.2 120
4484.2 120
4484.6 119
4484.9 119
4485.3 119
4485.7 118
4486 118
4486.4 118
4486.8 118
4487.1 118
4487.5 119
4487.8 119
4488.2 119
4488.6 120
4488.9 120
4489.3 120
4489.7 121
4490 121
4490.4 121
4490.7 121
4491.1 121
4491.5 121
4491.8 121
4492.2 121
4492.6 121
4492.9 120
4493.3 120
4493.5 120
4493.6 120
4493.8 120
4494 120
4494.2 120
4494.2 120
4494.6 119
4494.9 119
4495.3 118
4495.7 118
4496 118
4496.4 118
4496.7 118
4497.1 118
4497.5 119
4497.8 119
4498.2 119
4498.6 120
4498.9 120
4499.3 120
4499.6 121
4500 121
4500.4 121
4500.7 121
4501.1 121
4501.5 121
4501.8 121
4502.2 121
4502.5 121
4502.9 121
4503.3 120
4503.5 120
4503.6 120
4503.8 120
4504 120
4504.2 120
4504.2 120
4504.6 119
4504.9 119
4505.3 119
4505.6 118
4506 118
4506.4 118
4506.7 118
4507.1 119
4507.5 119
4507.8 119
4508.2 119
4508.5 120
4508.9 120
4509.3 120
4509.6 121
4510 121
4510.4 121
4510.7 121
4511.1 121
4511.4 121
4511.8 121
4512.2 121
4512.5 121
4512.9 121
4513.3 120
4513.4 120
4513.6 120
4513.8 120
4514 120
4514.2 120
4514.2 120
4514.5 119
4514.9 119
4515.3 119
4515.6 118
4516 118
4516.4 118
4516.7 118
4517.1 119
4517.4 119
4517.8 119
4518.2 120
4518.5 120
4518.9 120
4519.3 120
4519.6 121
4520 121
4520.3 121
4520.7 121
4521.1 121
4521.4 121
4521.8 121
4522.2 121
4522.5 121
4522.9 121
4523.2 120
4523.4 120
4523.6 120
4523.8 120
4524 120
4524.2 120
4524.2 120
4524.5 119
4524.9 119
4525.3 119
4525.6 119
4526 118
4526.3 118
4526.7 118
4527.1 119
4527.4 119
4527.8 119
4528.2 120
4528.5 120
4528.9 120
4529.2 120
4529.6 121
4530 121
4530.3 121
4530.7 121
4531.1 121
4531.4 121
4531.8 121
4532.1 121
4532.5 121
4532.9 121
4533.2 120
4533.4 120
4533.6 120
4533.8 120
4534 120
4534.1 120
4534.2 120
4534.5 119
4534.9 119
4535.2 119
4535.6 119
4536 118
4536.3 118
4536.7 118
4537.1 119
4537.4 119
4537.8 119
4538.1 119
4538.5 120
4538.9 120
4539.2 120
4539.6 121
4540 121
4540.3 121
4540.7 121
4541 121
4541.4 121
4541.8 121
4542.1 121
4542.5 121
4542.9 121
4543.2 120
4543.4 120
4543.6 120
4543.8 120
4543.9 120
4544.1 120
4544.1 120
4544.5 119
4544.9 119
4545.2 119
4545.6 118
4546 118
4546.3 118
4546.7 118
4547 119
4547.4 119
4547.8 119
4548.1 119
4548.5 120
4548.9 120
4549.2 120
4549.6 121
4549.9 121
4550.3 121
4550.7 121
4551 121
4551.4 121
4551.8 121
4552.1 121
4552.5 121
4552.8 121
4553.2 120
4553.4 120
4553.6 120
4553.8 120
4553.9 120
4554.1 120
4554.1 120
4554.5 119
4554.9 119
4555.2 119
4555.6 118
4555.9 118
4556.3 118
4556.7 118
4557 118
4557.4 119
4557.8 119
4558.1 119
4558.5 120
4558.8 120
4559.2 120
4559.6 120
4559.9 121
4560.3 121
4560.7 121
4561 121
4561.4 121
4561.7 121
4562.1 121
4562.5 121
4562.8 120
4563.2 120
4563.4 120
4563.6 120
4563.7 120
4563.9 120
4564.1 120
4564.1 120
4564.5 119
4564.8 119
4565.2 119
4565.6 118
4565.9 118
4566.3 118
4566.7 118
4567 118
4567.4 119
4567.7 119
4568.1 119
4568.5 119
4568.8 120
4569.2 120
4569.6 120
4569.9 120
4570.3 121
4570.6 121
4571 121
4571.4 121
4571.7 121
4572.1 121
4572.5 121
4572.8 120
4573.2 120
4573.4 120
4573.5 120
4573.7 120
4573.9 120
4574.1 120
4574.1 120
4574.5 119
4574.8 119
4575.2 119
4575.6 118
4575.9 118
4576.3 118
4576.6 118
4577 118
4577.4 118
4577.7 119
4578.1 119
4578.5 119
4578.8 120
4579.2 120
4579.5 120
4579.9 120
4580.3 120
4580.6 121
4581 121
4581.4 121
4581.7 121
4582.1 121
4582.4 120
4582.8 120
4583.2 120
4583.4 120
4583.5 120
4583.7 120
4583.9 120
4584.1 119
4584.1 119
4584.5 119
4584.8 119
4585.2 119
4585.5 118
4585.9 118
4586.3 118
4586.6 118
4587 118
4587.4 118
4587.7 119
4588.1 119
4588.4 119
4588.8 120
4589.2 120
4589.5 120
4589.9 120
4590.3 120
4590.6 120
4591 121
4591.3 121
4591.7 120
4592.1 120
4592.4 120
4592.8 120
4593.2 120
4593.3 120
4593.5 120
4593.7 120
4593.9 119
4594.1 119
4594.1 119
4594.4 119
4594.8 119
4595.2 118
4595.5 118
4595.9 118
4596.3 118
4596.6 118
4597 118
4597.3 118
4597.7 119
4598.1 119
4598.4 119
4598.8 119
4599.2 120
4599.5 120
4599.9 120
4600.2 120
4600.6 120
4601 120
4601.3 120
4601.7 120
4602.1 120
4602.4 120
4602.8 120
4603.1 120
4603.3 120
4603.5 120
4603.7 120
4603.9 119
4604.1 119
4604.1 119
4604.4 119
4604.8 119
4605.2 118
4605.5 118
4605.9 118
4606.2 118
4606.6 118
4607 118
4607.3 118
4607.7 118
4608.1 119
4608.4 119
4608.8 119
4609.1 120
4609.5 120
4609.9 120
4610.2 120
4610.6 120
4611 120
4611.3 120
4611.7 120
4612 120
4612.4 120
4612.8 120
4613.1 120
4613.3 120
4613.5 120
4613.7 119
4613.9 119
4614 119
4614.1 119
4614.4 119
4614.8 119
4615.1 118
4615.5 118
4615.9 118
4616.2 118
4616.6 118
4617 118
4617.3 118
4617.7 118
4618 119
4618.4 119
4618.8 119
4619.1 120
4619.5 120
4619.9 120
4620.2 120
4620.6 120
4620.9 120
4621.3 120
4621.7 120
4622 120
4622.4 120
4622.8 120
4623.1 120
4623.3 120
4623.5 120
4623.7 119
4623.8 119
4624 119
4624 119
4624.4 119
4624.8 119
4625.1 118
4625.5 118
4625.9 118
4626.2 118
4626.6 118
4626.9 118
4627.3 118
4627.7 118
4628 119
4628.4 119
4628.8 119
4629.1 119
4629.5 120
4629.8 120
4630.2 120
4630.6 120
4630.9 120
4631.3 120
4631.7 120
4632 120
4632.4 120
4632.7 120
4633.1 120
4633.3 120
4633.5 119
4633.7 119
4633.8 119
4634 119
4634 119
4634.4 119
4634.7 119
4635.1 118
4635.5 118
4635.8 118
4636.2 118
4636.6 118
4636.9 118
4637.3 118
4637.7 118
4638 119
4638.4 119
4638.7 119
4639.1 119
4639.5 120
4639.8 120
4640.2 120
4640.6 120
4640.9 120
4641.3 120
4641.6 120
4642 120
4642.4 120
4642.7 120
4643.1 120
4643.3 119
4643.5 119
4643.6 119
4643.8 119
4644 119
4644 119
4644.4 119
4644.7 118
4645.1 118
4645.5 118
4645.8 118
4646.2 118
4646.6 118
4646.9 118
4647.3 118
4647.6 118
4648 118
4648.4 119
4648.7 119
4649.1 119
4649.5 119
4649.8 120
4650.2 120
4650.5 120
4650.9 120
4651.3 120
4651.6 120
4652 120
4652.4 120
4652.7 120
4653.1 120
4653.3 119
4653.4 119
4653.6 119
4653.8 119
4654 119
4654 119
4654.4 119
4654.7 118
4655.1 118
4655.4 118
4655.8 118
4656.2 118
4656.5 118
4656.9 118
4657.3 118
4657.6 118
4658 118
4658.4 119
4658.7 119
4659.1 119
4659.4 119
4659.8 120
4660.2 120
4660.5 120
4660.9 120
4661.3 120
4661.6 120
4662 120
4662.3 120
4662.7 120
4663.1 119
4663.2 119
4663.4 119
4663.6 119
4663.8 119
4664 119
4664 119
4664.3 119
4664.7 118
4665.1 118
4665.4 118
4665.8 118
4666.2 118
4666.5 118
4666.9 118
4667.3 118
4667.6 118
4668 118
4668.3 119
4668.7 119
4669.1 119
4669.4 119
4669.8 119
4670.2 120
4670.5 120
4670.9 120
4671.2 120
4671.6 120
4672 120
4672.3 120
4672.7 120
4673.1 119
4673.2 119
4673.4 119
4673.6 119
4673.8 119
4674 119
4674 119
4674.3 119
4674.7 118
4675.1 118
4675.4 118
4675.8 118
4676.1 117
4676.5 117
4676.9 118
4677.2 118
4677.6 118
4678 118
4678.3 118
4678.7 119
4679.1 119
4679.4 119
4679.8 119
4680.1 120
4680.5 120
4680.9 120
4681.2 120
4681.6 120
4682 120
4682.3 120
4682.7 119
4683 119
4683.2 119
4683.4 119
4683.6 119
4683.8 119
4683.9 119
4684 119
4684.3 119
4684.7 118
4685 118
4685.4 118
4685.8 118
4686.1 117
4686.5 117
4686.9 118
4687.2 118
4687.6 118
4687.9 118
4688.3 118
4688.7 119
4689 119
4689.4 119
4689.8 119
4690.1 119
4690.5 120
4690.9 120
4691.2 120
4691.6 120
4691.9 120
4692.3 120
4692.7 119
4693 119
4693.2 119
4693.4 119
4693.6 119
4693.8 119
4693.9 119
4693.9 119
4694.3 119
4694.7 118
4695 118
4695.4 118
4695.8 118
4696.1 117
4696.5 117
4696.8 117
4697.2 118
4697.6 118
4697.9 118
4698.3 118
4698.7 119
4699 119
4699.4 119
4699.8 119
4700.1 119
4700.5 120
4700.8 120
4701.2 120
4701.6 120
4701.9 120
4702.3 119
4702.7 119
4703 119
4703.2 119
4703.4 119
4703.6 119
4703.7 119
4703.9 119
4703.9 119
4704.3 118
4704.7 118
4705 118
4705.4 118
4705.7 117
4706.1 117
4706.5 117
4706.8 117
4707.2 118
4707.6 118
4707.9 118
4708.3 118
4708.6 119
4709 119
4709.4 119
4709.7 119
4710.1 119
4710.5 119
4710.8 120
4711.2 120
4711.6 120
4711.9 120
4712.3 119
4712.6 119
4713 119
4713.2 119
4713.4 119
4713.5 119
4713.7 119
4713.9 119
4713.9 119
4714.3 118
4714.6 118
4715 118
4715.4 118
4715.7 117
4716.1 117
4716.5 117
4716.8 117
4717.2 118
4717.5 118
4717.9 118
4718.3 118
4718.6 118
4719 119
4719.4 119
4719.7 119
4720.1 119
4720.5 119
4720.8 119
4721.2 119
4721.5 119
4721.9 119
4722.3 119
4722.6 119
4723 119
4723.2 119
4723.4 119
4723.5 119
4723.7 119
4723.9 119
4723.9 119
4724.3 118
4724.6 118
4725 118
4725.4 118
4725.7 117
4726.1 117
4726.4 117
4726.8 117
4727.2 117
4727.5 118
4727.9 118
4728.3 118
4728.6 118
4729 119
4729.3 119
4729.7 119
4730.1 119
4730.4 119
4730.8 119
4731.2 119
4731.5 119
4731.9 119
4732.3 119
4732.6 119
4733 119
4733.2 119
4733.3 119
4733.5 119
4733.7 119
4733.9 119
4733.9 119
4734.3 118
4734.6 118
4735 118
4735.3 118
4735.7 117
4736.1 117
4736.4 117
4736.8 117
4737.2 117
4737.5 118
4737.9 118
4738.2 118
4738.6 118
4739 119
4739.3 119
4739.7 119
4740.1 119
4740.4 119
4740.8 119
4741.1 119
4741.5 119
4741.9 119
4742.2 119
4742.6 119
4743 119
4743.1 119
4743.3 119
4743.5 119
4743.7 119
4743.9 119
4743.9 119
4744.2 118
4744.6 118
4745 118
4745.3 118
4745.7 117
4746.1 117
4746.4 117
4746.8 117
4747.1 117
4747.5 118
4747.9 118
4748.2 118
4748.6 118
4749 119
4749.3 119
4749.7 119
4750 119
4750.4 119
4750.8 119
4751.1 119
4751.5 119
4751.9 119
4752.2 119
4752.6 119
4753 119
4753.1 119
4753.3 119
4753.5 119
4753.7 119
4753.9 119
4753.9 119
4754.2 118
4754.6 118
4755 118
4755.3 118
4755.7 117
4756 117
4756.4 117
4756.8 117
4757.1 117
4757.5 118
4757.9 118
4758.2 118
4758.6 118
4758.9 118
4759.3 119
4759.7 119
4760 119
4760.4 119
4760.8 119
4761.1 119
4761.5 119
4761.8 119
4762.2 119
4762.6 119
4762.9 119
4763.1 119
4763.3 119
4763.5 119
4763.7 119
4763.8 118
4763.9 118
4764.2 118
4764.6 118
4764.9 118
4765.3 117
4765.7 117
4766 117
4766.4 117
4766.8 117
4767.1 117
4767.5 117
4767.8 118
4768.2 118
4768.6 118
4768.9 118
4769.3 119
4769.7 119
4770 119
4770.4 119
4770.7 119
4771.1 119
4771.5 119
4771.8 119
4772.2 119
4772.6 119
4772.9 119
4773.1 119
4773.3 119
4773.5 119
4773.7 119
4773.8 118
4773.8 118
4774.2 118
4774.6 118
4774.9 118
4775.3 117
4775.7 117
4776 117
4776.4 117
4776.7 117
4777.1 117
4777.5 117
4777.8 118
4778.2 118
4778.6 118
4778.9 118
4779.3 119
4779.6 119
4780 119
4780.4 119
4780.7 119
4781.1 119
4781.5 119
4781.8 119
4782.2 119
4782.5 119
4782.9 119
4783.1 119
4783.3 119
4783.5 119
4783.6 118
4783.8 118
4783.8 118
4784.2 118
4784.6 118
4784.9 118
4785.3 117
4785.6 117
4786 117
4786.4 117
4786.7 117
4787.1 117
4787.5 117
4787.8 118
4788.2 118
4788.5 118
4788.9 118
4789.3 118
4789.6 119
4790 119
4790.4 119
4790.7 119
4791.1 119
4791.4 119
4791.8 119
4792.2 119
4792.5 119
4792.9 119
4793.1 119
4793.3 119
4793.4 119
4793.6 118
4793.8 118
4793.8 118
4794.2 118
4794.5 118
4794.9 118
4795.3 117
4795.6 117
4796 117
4796.4 117
4796.7 117
4797.1 117
4797.4 117
4797.8 117
4798.2 118
4798.5 118
4798.9 118
4799.3 118
4799.6 119
4800 119
4800.3 119
4800.7 119
4801.1 119
4801.4 119
4801.8 119
4802.2 119
4802.5 119
4802.9 119
4803.1 119
4803.2 119
4803.4 118
4803.6 118
4803.8 118
4803.8 118
4804.2 118
4804.5 118
4804.9 118
4805.3 117
4805.6 117
4806 117
4806.3 117
4806.7 117
4807.1 117
4807.4 117
4807.8 117
4808.2 118
4808.5 118
4808.9 118
4809.2 118
4809.6 118
4810 119
4810.3 119
4810.7 119
4811.1 119
4811.4 119
4811.8 119
4812.1 119
4812.5 119
4812.9 119
4813.1 119
4813.2 118
4813.4 118
4813.6 118
4813.8 118
4813.8 118
4814.2 118
4814.5 118
4814.9 118
4815.2 117
4815.6 117
4816 117
4816.3 117
4816.7 117
4817.1 117
4817.4 117
4817.8 117
4818.1 118
4818.5 118
4818.9 118
4819.2 118
4819.6 118
4820 119
4820.3 119
4820.7 119
4821 119
4821.4 119
4821.8 119
4822.1 119
4822.5 119
4822.9 119
4823 119
4823.2 118
4823.4 118
4823.6 118
4823.8 118
4823.8 118
4824.1 118
4824.5 118
4824.9 117
4825.2 117
4825.6 117
4826 117
4826.3 117
4826.7 117
4827 117
4827.4 117
4827.8 117
4828.1 118
4828.5 118
4828.9 118
4829.2 118
4829.6 118
4829.9 118
4830.3 119
4830.7 119
4831 119
4831.4 119
4831.8 119
4832.1 119
4832.5 119
4832.8 119
4833 118
4833.2 118
4833.4 118
4833.6 118
4833.8 118
4833.8 118
4834.1 118
4834.5 118
4834.9 117
4835.2 117
4835.6 117
4835.9 117
4836.3 117
4836.7 117
4837 117
4837.4 117
4837.8 117
4838.1 117
4838.5 118
4838.8 118
4839.2 118
4839.6 118
4839.9 118
4840.3 119
4840.7 119
4841 119
4841.4 119
4841.7 119
4842.1 119
4842.5 119
4842.8 118
4843 118
4843.2 118
4843.4 118
4843.6 118
4843.7 118
4843.8 118
4844.1 118
4844.5 118
4844.8 117
4845.2 117
4845.6 117
4845.9 117
4846.3 117
4846.7 117
4847 117
4847.4 117
4847.7 117
4848.1 117
4848.5 118
4848.8 118
4849.2 118
4849.6 118
4849.9 118
4850.3 118
4850.6 119
4851 119
4851.4 119
4851.7 119
4852.1 119
4852.5 119
4852.8 118
4853 118
4853.2 118
4853.4 118
4853.5 118
4853.7 118
4853.7 118
4854.1 118
4854.5 118
4854.8 117
4855.2 117
4855.6 117
4855.9 117
4856.3 117
4856.6 117
4857 117
4857.4 117
4857.7 117
4858.1 117
4858.5 118
4858.8 118
4859.2 118
4859.5 118
4859.9 118
4860.3 118
4860.6 118
4861 119
4861.4 119
4861.7 119
4862.1 119
4862.4 118
4862.8 118
4863 118
4863.2 118
4863.4 118
4863.5 118
4863.7 118
4863.7 118
4864.1 118
4864.5 118
4864.8 117
4865.2 117
4865.5 117
4865.9 117
4866.3 117
4866.6 117
4867 117
4867.4 117
4867.7 117
4868.1 117
4868.4 117
4868.8 118
4869.2 118
4869.5 118
4869.9 118
4870.3 118
4870.6 118
4871 118
4871.3 119
4871.7 118
4872.1 118
4872.4 118
4872.8 118
4873 118
4873.2 118
4873.3 118
4873.5 118
4873.7 118
4873.7 118
4874.1 118
4874.4 118
4874.8 117
4875.2 117
4875.5 117
4875.9 117
4876.3 117
4876.6 117
4877 117
4877.3 117
4877.7 117
4878.1 117
4878.4 117
4878.8 118
4879.2 118
4879.5 118
4879.9 118
4880.2 118
4880.6 118
4881 118
4881.3 118
4881.7 118
4882.1 118
4882.4 118
4882.8 118
4883 118
4883.1 118
4883.3 118
4883.5 118
4883.7 118
4883.7 118
4884.1 118
4884.4 117
4884.8 117
4885.2 117
4885.5 117
4885.9 117
4886.2 117
4886.6 117
4887 117
4887.3 117
4887.7 117
4888.1 117
4888.4 117
4888.8 118
4889.1 118
4889.5 118
4889.9 118
4890.2 118
4890.6 118
4891 118
4891.3 118
4891.7 118
4892 118
4892.4 118
4892.8 118
4893 118
4893.1 118
4893.3 118
4893.5 118
4893.7 118
4893.7 118
4894.1 118
4894.4 117
4894.8 117
4895.1 117
4895.5 117
4895.9 117
4896.2 117
4896.6 117
4897 117
4897.3 117
4897.7 117
4898 117
4898.4 117
4898.8 118
4899.1 118
4899.5 118
4899.9 118
4900.2 118
4900.6 118
4900.9 118
4901.3 118
4901.7 118
4902 118
4902.4 118
4902.8 118
4902.9 118
4903.1 118
4903.3 118
4903.5 118
4903.7 118
4903.7 118
4904 118
4904.4 117
4904.8 117
4905.1 117
4905.5 117
4905.9 117
4906.2 117
4906.6 117
4906.9 117
4907.3 117
4907.7 117
4908 117
4908.4 117
4908.8 117
4909.1 118
4909.5 118
4909.8 118
4910.2 118
4910.6 118
4910.9 118
4911.3 118
4911.7 118
4912 118
4912.4 118
4912.7 118
4912.9 118
4913.1 118
4913.3 118
4913.5 118
4913.7 118
4913.7 118
4914 118
4914.4 117
4914.8 117
4915.1 117
4915.5 117
4915.8 117
4916.2 117
4916.6 117
4916.9 117
4917.3 117
4917.7 117
4918 117
4918.4 117
4918.7 117
4919.1 118
4919.5 118
4919.8 118
4920.2 118
4920.6 118
4920.9 118
4921.3 118
4921.6 118
4922 118
4922.4 118
4922.7 118
4922.9 118
4923.1 118
4923.3 118
4923.5 118
4923.6 118
4923.7 118
4924 118
4924.4 117
4924.7 117
4925.1 117
4925.5 117
4925.8 117
4926.2 116
4926.6 116
4926.9 117
4927.3 117
4927.6 117
4928 117
4928.4 117
4928.7 117
4929.1 117
4929.5 118
4929.8 118
4930.2 118
4930.5 118
4930.9 118
4931.3 118
4931.6 118
4932 118
4932.4 118
4932.7 118
4932.9 118
4933.1 118
4933.3 118
4933.4 118
4933.6 118
4933.6 118
4934 117
4934.4 117
4934.7 117
4935.1 117
4935.5 117
4935.8 117
4936.2 116
4936.5 116
4936.9 116
4937.3 117
4937.6 117
4938 117
4938.4 117
4938.7 117
4939.1 117
4939.4 118
4939.8 118
4940.2 118
4940.5 118
4940.9 118
4941.3 118
4941.6 118
4942 118
4942.3 118
4942.7 118
4942.9 118
4943.1 118
4943.3 118
4943.4 118
4943.6 118
4943.6 118
4944 117
4944.3 117
4944.7 117
4945.1 117
4945.4 117
4945.8 116
4946.2 116
4946.5 116
4946.9 116
4947.3 117
4947.6 117
4948 117
4948.3 117
4948.7 117
4949.1 117
4949.4 118
4949.8 118
4950.2 118
4950.5 118
4950.9 118
4951.2 118
4951.6 118
4952 118
4952.3 118
4952.7 118
4952.9 118
4953.1 118
4953.2 118
4953.4 118
4953.6 118
4953.6 118
4954 117
4954.3 117
4954.7 117
4955.1 117
4955.4 117
4955.8 116
4956.2 116
4956.5 116
4956.9 116
4957.2 116
4957.6 117
4958 117
4958.3 117
4958.7 117
4959.1 117
4959.4 117
4959.8 118
4960.1 118
4960.5 118
4960.9 118
4961.2 118
4961.6 118
4962 118
4962.3 118
4962.7 118
4962.9 118
4963 118
4963.2 118
4963.4 118
4963.6 118
4963.6 118
4964 117
4964.3 117
4964.7 117
4965 117
4965.4 117
4965.8 116
4966.1 116
4966.5 116
4966.9 116
4967.2 116
4967.6 117
4968 117
4968.3 117
4968.7 117
4969 117
4969.4 117
4969.8 118
4970.1 118
4970.5 118
4970.9 118
4971.2 118
4971.6 118
4971.9 118
4972.3 118
4972.7 118
4972.8 118
4973 118
4973.2 118
4973.4 118
4973.6 117
4973.6 117
4973.9 117
4974.3 117
4974.7 117
4975 117
4975.4 117
4975.8 116
4976.1 116
4976.5 116
4976.9 116
4977.2 116
4977.6 117
4977.9 117
4978.3 117
4978.7 117
4979 117
4979.4 117
4979.8 117
4980.1 118
4980.5 118
4980.8 118
4981.2 118
4981.6 118
4981.9 118
4982.3 118
4982.7 118
4982.8 118
4983 118
4983.2 118
4983.4 117
4983.6 117
4983.6 117
4983.9 117
4984.3 117
4984.7 117
4985 117
4985.4 116
4985.7 116
4986.1 116
4986.5 116
4986.8 116
4987.2 116
4987.6 116
4987.9 117
4988.3 117
4988.7 117
4989 117
4989.4 117
4989.7 117
4990.1 118
4990.5 118
4990.8 118
4991.2 118
4991.6 118
4991.9 118
4992.3 118
4992.6 118
4992.8 118
4993 118
4993.2 117
4993.4 117
4993.6 117
4993.6 117
4993.9 117
4994.3 117
4994.6 117
4995 117
4995.4 116
4995.7 116
4996.1 116
4996.5 116
4996.8 116
4997.2 116
4997.5 116
4997.9 117
4998.3 117
4998.6 117
4999 117
4999.4 117
4999.7 117
5000.1 118
5000.5 118
5000.8 118
5001.2 118
5001.5 118
5001.9 118
5002.3 118
5002.6 118
5002.8 118
5003 118
5003.2 118
5003.4 118
5003.5 117
5003.5 117
5003.9 117
5004.3 117
5004.6 117
5005 117
5005.4 117
5005.7 116
5006.1 116
5006.4 116
5006.8 116
5007.2 116
5007.5 117
5007.9 117
5008.3 117
5008.6 117
5009 117
5009.4 117
5009.7 118
5010.1 118
5010.4 118
5010.8 118
5011.2 118
5011.5 118
5011.9 118
5012.3 118
5012.6 118
5012.8 118
5013 118
5013.2 118
5013.3 118
5013.5 118
5013.5 118
5013.9 117
5014.3 117
5014.6 117
5015 117
5015.3 117
5015.7 117
5016.1 116
5016.4 116
5016.8 116
5017.2 117
5017.5 117
5017.9 117
5018.2 117
5018.6 117
5019 117
5019.3 117
5019.7 118
5020.1 118
5020.4 118
5020.8 118
5021.2 118
5021.5 118
5021.9 118
5022.2 118
5022.6 118
5022.8 118
5023 118
5023.1 118
5023.3 118
5023.5 118
5023.5 118
5023.9 118
5024.2 117
5024.6 117
5025 117
5025.3 117
5025.7 117
5026.1 117
5026.4 117
5026.8 117
5027.1 117
5027.5 117
5027.9 117
5028.2 117
5028.6 117
5029 117
5029.3 118
5029.7 118
5030.1 118
5030.4 118
5030.8 118
5031.1 118
5031.5 118
5031.9 118
5032.2 118
5032.6 118
5032.8 118
5033 118
5033.1 118
5033.3 118
5033.5 118
5033.5 118
5033.9 118
5034.2 117
5034.6 117
5035 117
5035.3 117
5035.7 117
5036 117
5036.4 117
5036.8 117
5037.1 117
5037.5 117
5037.9 117
5038.2 117
5038.6 117
5038.9 117
5039.3 117
5039.7 118
5040 118
5040.4 118
5040.8 118
5041.1 118
5041.5 118
5041.9 118
5042.2 118
5042.6 118
5042.8 118
5042.9 118
5043.1 118
5043.3 118
5043.5 118
5043.5 118
5043.9 117
5044.2 117
5044.6 117
5044.9 117
5045.3 117
5045.7 117
5046 117
5046.4 116
5046.8 116
5047.1 117
5047.5 117
5047.8 117
5048.2 117
5048.6 117
5048.9 117
5049.3 117
5049.7 118
5050 118
5050.4 118
5050.7 118
5051.1 118
5051.5 118
5051.8 118
5052.2 118
5052.6 118
5052.7 118
5052.9 118
5053.1 118
5053.3 118
5053.5 118
5053.5 118
5053.8 117
5054.2 117
5054.6 117
5054.9 117
5055.3 117
5055.7 117
5056 116
5056.4 116
5056.7 116
5057.1 116
5057.5 117
5057.8 117
5058.2 117
5058.6 117
5058.9 117
5059.3 117
5059.6 117
5060 118
5060.4 118
5060.7 118
5061.1 118
5061.5 118
5061.8 118
5062.2 118
5062.6 118
5062.7 118
5062.9 118
5063.1 118
5063.3 118
5063.5 117
5063.5 117
5063.8 117
5064.2 117
5064.6 117
5064.9 117
5065.3 117
5065.6 116
5066 116
5066.4 116
5066.7 116
5067.1 116
5067.5 116
5067.8 117
5068.2 117
5068.5 117
5068.9 117
5069.3 117
5069.6 117
5070 117
5070.4 118
5070.7 118
5071.1 118
5071.4 118
5071.8 118
5072.2 118
5072.5 118
5072.7 118
5072.9 118
5073.1 117
5073.3 117
5073.4 117
5073.5 117
5073.8 117
5074.2 117
5074.5 117
5074.9 117
5075.3 117
5075.6 116
5076 116
5076.4 116
5076.7 116
5077.1 116
5077.4 116
5077.8 116
5078.2 117
5078.5 117
5078.9 117
5079.3 117
5079.6 117
5080 117
5080.3 117
5080.7 117
5081.1 118
5081.4 118
5081.8 118
5082.2 118
5082.5 117
5082.7 117
5082.9 117
5083.1 117
5083.3 117
5083.4 117
5083.4 117
5083.8 117
5084.2 117
5084.5 117
5084.9 117
5085.3 116
5085.6 116
5086 116
5086.3 116
5086.7 116
5087.1 116
5087.4 116
5087.8 116
5088.2 117
5088.5 117
5088.9 117
5089.2 117
5089.6 117
5090 117
5090.3 117
5090.7 117
5091.1 117
5091.4 117
5091.8 117
5092.1 117
5092.5 117
5092.7 117
5092.9 117
5093.1 117
5093.2 117
5093.4 117
5093.4 117
5093.8 117
5094.2 117
5094.5 117
5094.9 117
5095.2 116
5095.6 116
5096 116
5096.3 116
5096.7 116
5097.1 116
5097.4 116
5097.8 116
5098.1 116
5098.5 117
5098.9 117
5099.2 117
5099.6 117
5100 117
5100.3 117
5100.7 117
5101 117
5101.4 117
5101.8 117
5102.1 117
5102.5 117
5102.7 117
5102.9 117
5103 117
5103.2 117
5103.4 117
5103.4 117
5103.8 117
5104.1 117
5104.5 117
5104.9 116
5105.2 116
5105.6 116
5106 116
5106.3 116
5106.7 116
5107 116
5107.4 116
5107.8 116
5108.1 116
5108.5 116
5108.9 117
5109.2 117
5109.6 117
5109.9 117
5110.3 117
5110.7 117
5111 117
5111.4 117
5111.8 117
5112.1 117
5112.5 117
5112.7 117
5112.8 117
5113 117
5113.2 117
5113.4 117
5113.4 117
5113.8 117
5114.1 117
5114.5 116
5114.9 116
5115.2 116
5115.6 116
5115.9 116
5116.3 116
5116.7 116
5117 116
5117.4 116
5117.8 116
5118.1 116
5118.5 116
5118.8 116
5119.2 117
5119.6 117
5119.9 117
5120.3 117
5120.7 117
5121 117
5121.4 117
5121.7 117
5122.1 117
5122.5 117
5122.7 117
5122.8 117
5123 117
5123.2 117
5123.4 117
5123.4 117
5123.8 117
5124.1 117
5124.5 116
5124.8 116
5125.2 116
5125.6 116
5125.9 116
5126.3 116
5126.7 116
5127 116
5127.4 116
5127.7 116
5128.1 116
5128.5 116
5128.8 116
5129.2 117
5129.6 117
5129.9 117
5130.3 117
5130.6 117
5131 117
5131.4 117
5131.7 117
5132.1 117
5132.5 117
5132.6 117
5132.8 117
5133 117
5133.2 117
5133.4 117
5133.4 117
5133.7 117
5134.1 117
5134.5 116
5134.8 116
5135.2 116
5135.6 116
5135.9 116
5136.3 116
5136.6 116
5137 116
5137.4 116
5137.7 116
5138.1 116
5138.5 116
5138.8 116
5139.2 116
5139.5 117
5139.9 117
5140.3 117
5140.6 117
5141 117
5141.4 117
5141.7 117
5142.1 117
5142.4 117
5142.6 117
5142.8 117
5143 117
5143.2 117
5143.4 117
5143.4 117
5143.7 117
5144.1 116
5144.5 116
5144.8 116
5145.2 116
5145.5 116
5145.9 116
5146.3 116
5146.6 116
5147 116
5147.4 116
5147.7 116
5148.1 116
5148.4 116
5148.8 116
5149.2 116
5149.5 116
5149.9 117
5150.3 117
5150.6 117
5151 117
5151.3 117
5151.7 117
5152.1 117
5152.4 117
5152.6 117
5152.8 117
5153 117
5153.2 117
5153.3 117
5153.4 117
5153.7 117
5154.1 116
5154.4 116
5154.8 116
5155.2 116
5155.5 116
5155.9 116
5156.3 116
5156.6 116
5157 116
5157.3 116
5157.7 116
5158.1 116
5158.4 116
5158.8 116
5159.2 116
5159.5 116
5159.9 117
5160.2 117
5160.6 117
5161 117
5161.3 117
5161.7 117
5162.1 117
5162.4 117
5162.6 117
5162.8 117
5163 117
5163.1 117
5163.3 117
5163.3 117
5163.7 116
5164.1 116
5164.4 116
5164.8 116
5165.2 116
5165.5 116
5165.9 116
5166.2 116
5166.6 115
5167 116
5167.3 116
5167.7 116
5168.1 116
5168.4 116
5168.8 116
5169.1 116
5169.5 116
5169.9 116
5170.2 117
5170.6 117
5171 117
5171.3 117
5171.7 117
5172 117
5172.4 117
5172.6 117
5172.8 117
5173 117
5173.1 117
5173.3 116
5173.3 116
5173.7 116
5174.1 116
5174.4 116
5174.8 116
5175.1 116
5175.5 116
5175.9 116
5176.2 115
5176.6 115
5177 115
5177.3 116
5177.7 116
5178 116
5178.4 116
5178.8 116
5179.1 116
5179.5 116
5179.9 116
5180.2 116
5180.6 117
5180.9 117
5181.3 117
5181.7 117
5182 117
5182.4 117
5182.6 117
5182.8 117
5182.9 117
5183.1 116
5183.3 116
5183.3 116
5183.7 116
5184 116
5184.4 116
5184.8 116
5185.1 116
5185.5 116
5185.9 115
5186.2 115
5186.6 115
5186.9 115
5187.3 115
5187.7 116
5188 116
5188.4 116
5188.8 116
5189.1 116
5189.5 116
5189.8 116
5190.2 116
5190.6 116
5190.9 117
5191.3 117
5191.7 117
5192 117
5192.4 117
5192.6 117
5192.7 116
5192.9 116
5193.1 116
5193.3 116
5193.3 116
5193.7 116
5194 116
5194.4 116
5194.8 116
5195.1 116
5195.5 116
5195.8 115
5196.2 115
5196.6 115
5196.9 115
5197.3 115
5197.7 115
5198 116
5198.4 116
5198.7 116
5199.1 116
5199.5 116
5199.8 116
5200.2 116
5200.6 116
5200.9 116
5201.3 116
5201.6 117
5202 116
5202.4 116
5202.6 116
5202.7 116
5202.9 116
5203.1 116
5203.3 116
5203.3 116
5203.7 116
5204 116
5204.4 116
5204.7 116
5205.1 116
5205.5 115
5205.8 115
5206.2 115
5206.6 115
5206.9 115
5207.3 115
5207.6 115
5208 116
5208.4 116
5208.7 116
5209.1 116
5209.5 116
5209.8 116
5210.2 116
5210.5 116
5210.9 116
5211.3 116
5211.6 116
5212 116
5212.4 116
5212.5 116
5212.7 116
5212.9 116
5213.1 116
5213.3 116
5213.3 116
5213.6 116
5214 116
5214.4 116
5214.7 116
5215.1 116
5215.5 115
5215.8 115
5216.2 115
5216.5 115
5216.9 115
5217.3 115
5217.6 115
5218 115
5218.4 116
5218.7 116
5219.1 116
5219.4 116
5219.8 116
5220.2 116
5220.5 116
5220.9 116
5221.3 116
5221.6 116
5222 116
5222.3 116
5222.5 116
5222.7 116
5222.9 116
5223.1 116
5223.3 116
5223.3 116
5223.6 116
5224 116
5224.4 116
5224.7 116
5225.1 116
5225.4 115
5225.8 115
5226.2 115
5226.5 115
5226.9 115
5227.3 115
5227.6 115
5228 115
5228.3 116
5228.7 116
5229.1 116
5229.4 116
5229.8 116
5230.2 116
5230.5 116
5230.9 116
5231.2 116
5231.6 116
5232 116
5232.3 116
5232.5 116
5232.7 116
5232.9 116
5233.1 116
5233.2 116
5233.3 116
5233.6 116
5234 116
5234.3 116
5234.7 116
5235.1 115
5235.4 115
5235.8 115
5236.2 115
5236.5 115
5236.9 115
5237.2 115
5237.6 115
5238 115
5238.3 115
5238.7 116
5239.1 116
5239.4 116
5239.8 116
5240.1 116
5240.5 116
5240.9 116
5241.2 116
5241.6 116
5242 116
5242.3 116
5242.5 116
5242.7 116
5242.9 116
5243 116
5243.2 116
5243.2 116
5243.6 116
5244 116
5244.3 116
5244.7 116
5245.1 115
5245.4 115
5245.8 115
5246.1 115
5246.5 115
5246.9 115
5247.2 115
5247.6 115
5248 115
5248.3 115
5248.7 116
5249 116
5249.4 116
5249.8 116
5250.1 116
5250.5 116
5250.9 116
5251.2 116
5251.6 116
5251.9 116
5252.3 116
5252.5 116
5252.7 116
5252.9 116
5253 116
5253.2 116
5253.2 116
5253.6 116
5253.9 116
5254.3 116
5254.7 116
5255 115
5255.4 115
5255.8 115
5256.1 115
5256.5 115
5256.9 115
5257.2 115
5257.6 115
5257.9 115
5258.3 115
5258.7 115
5259 116
5259.4 116
5259.8 116
5260.1 116
5260.5 116
5260.8 116
5261.2 116
5261.6 116
5261.9 116
5262.3 116
5262.5 116
5262.7 116
5262.8 116
5263 116
5263.2 116
5263.2 116
5263.6 116
5263.9 116
5264.3 116
5264.7 115
5265 115
5265.4 115
5265.8 115
5266.1 115
5266.5 115
5266.8 115
5267.2 115
5267.6 115
5267.9 115
5268.3 115
5268.7 115
5269 116
5269.4 116
5269.7 116
5270.1 116
5270.5 116
5270.8 116
5271.2 116
5271.6 116
5271.9 116
5272.3 116
5272.5 116
5272.6 116
5272.8 116
5273 116
5273.2 116
5273.2 116
5273.6 116
5273.9 116
5274.3 116
5274.6 115
5275 115
5275.4 115
5275.7 115
5276.1 115
5276.5 115
5276.8 115
5277.2 115
5277.6 115
5277.9 115
5278.3 115
5278.6 115
5279 115
5279.4 116
5279.7 116
5280.1 116
5280.5 116
5280.8 116
5281.2 116
5281.5 116
5281.9 116
5282.3 116
5282.4 116
5282.6 116
5282.8 116
5283 116
5283.2 116
5283.2 116
5283.5 116
5283.9 116
5284.3 116
5284.6 115
5285 115
5285.4 115
5285.7 115
5286.1 115
5286.5 115
5286.8 115
5287.2 115
5287.5 115
5287.9 115
5288.3 115
5288.6 115
5289 115
5289.4 116
5289.7 116
5290.1 116
5290.4 116
5290.8 116
5291.2 116
5291.5 116
5291.9 116
5292.3 116
5292.4 116
5292.6 116
5292.8 116
5293 116
5293.2 116
5293.2 116
5293.5 116
5293.9 116
5294.3 115
5294.6 115
5295 115
5295.3 115
5295.7 115
5296.1 115
5296.4 115
5296.8 115
5297.2 115
5297.5 115
5297.9 115
5298.3 115
5298.6 115
5299 115
5299.3 115
5299.7 116
5300.1 116
5300.4 116
5300.8 116
5301.2 116
5301.5 116
5301.9 116
5302.2 116
5302.4 116
5302.6 116
5302.8 116
5303 116
5303.2 116
5303.2 116
5303.5 116
5303.9 116
5304.2 115
5304.6 115
5305 115
5305.3 115
5305.7 115
5306.1 115
5306.4 115
5306.8 115
5307.1 115
5307.5 115
5307.9 115
5308.2 115
5308.6 115
5309 115
5309.3 115
5309.7 115
5310.1 116
5310.4 116
5310.8 116
5311.1 116
5311.5 116
5311.9 116
5312.2 116
5312.4 116
5312.6 116
5312.8 116
5313 116
5313.1 116
5313.1 116
5313.5 116
5313.9 115
5314.2 115
5314.6 115
5315 115
5315.3 115
5315.7 115
5316 115
5316.4 115
5316.8 115
5317.1 115
5317.5 115
5317.9 115
5318.2 115
5318.6 115
5319 115
5319.3 115
5319.7 115
5320 116
5320.4 116
5320.8 116
5321.1 116
5321.5 116
5321.9 116
5322.2 116
5322.4 116
5322.6 116
5322.8 116
5322.9 116
5323.1 116
5323.1 116
5323.5 116
5323.9 115
5324.2 115
5324.6 115
5324.9 115
5325.3 115
5325.7 115
5326 115
5326.4 115
5326.8 115
5327.1 115
5327.5 115
5327.8 115
5328.2 115
5328.6 115
5328.9 115
5329.3 115
5329.7 115
5330 115
5330.4 116
5330.8 116
5331.1 116
5331.5 116
5331.8 116
5332.2 116
5332.4 116
5332.6 116
5332.7 116
5332.9 116
5333.1 116
5333.1 116
5333.5 115
5333.8 115
5334.2 115
5334.6 115
5334.9 115
5335.3 115
5335.7 115
5336 115
5336.4 115
5336.7 115
5337.1 115
5337.5 115
5337.8 115
5338.2 115
5338.6 115
5338.9 115
5339.3 115
5339.7 115
5340 115
5340.4 115
5340.7 116
5341.1 116
5341.5 116
5341.8 116
5342.2 116
5342.4 116
5342.6 116
5342.7 116
5342.9 116
5343.1 116
5343.1 116
5343.5 115
5343.8 115
5344.2 115
5344.6 115
5344.9 115
5345.3 115
5345.6 115
5346 115
5346.4 115
5346.7 115
5347.1 115
5347.5 115
5347.8 115
5348.2 115
5348.5 115
5348.9 115
5349.3 115
5349.6 115
5350 115
5350.4 115
5350.7 115
5351.1 116
5351.5 116
5351.8 116
5352.2 116
5352.4 116
5352.5 116
5352.7 116
5352.9 115
5353.1 115
5353.1 115
5353.5 115
5353.8 115
5354.2 115
5354.5 115
5354.9 115
5355.3 115
5355.6 115
5356 115
5356.4 115
5356.7 115
5357.1 115
5357.4 115
5357.8 115
5358.2 115
5358.5 115
5358.9 115
5359.3 115
5359.6 115
5360 115
5360.3 115
5360.7 115
5361.1 115
5361.4 115
5361.8 115
5362.2 115
5362.3 115
5362.5 115
5362.7 115
5362.9 115
5363.1 115
5363.1 115
5363.4 115
5363.8 115
5364.2 115
5364.5 115
5364.9 115
5365.3 115
5365.6 115
5366 115
5366.3 115
5366.7 114
5367.1 115
5367.4 115
5367.8 115
5368.2 115
5368.5 115
5368.9 115
5369.2 115
5369.6 115
5370 115
5370.3 115
5370.7 115
5371.1 115
5371.4 115
5371.8 115
5372.2 115
5372.3 115
5372.5 115
5372.7 115
5372.9 115
5373.1 115
5373.1 115
5373.4 115
5373.8 115
5374.2 115
5374.5 115
5374.9 115
5375.2 115
5375.6 115
5376 115
5376.3 114
5376.7 114
5377.1 114
5377.4 115
5377.8 115
5378.1 115
5378.5 115
5378.9 115
5379.2 115
5379.6 115
5380 115
5380.3 115
5380.7 115
5381 115
5381.4 115
5381.8 115
5382.1 115
5382.3 115
5382.5 115
5382.7 115
5382.9 115
5383 115
5383.1 115
5383.4 115
5383.8 115
5384.1 115
5384.5 115
5384.9 115
5385.2 115
5385.6 115
5386 114
5386.3 114
5386.7 114
5387 114
5387.4 114
5387.8 115
5388.1 115
5388.5 115
5388.9 115
5389.2 115
5389.6 115
5389.9 115
5390.3 115
5390.7 115
5391 115
5391.4 115
5391.8 115
5392.1 115
5392.3 115
5392.5 115
5392.7 115
5392.9 115
5393 115
5393 115
5393.4 115
5393.8 115
5394.1 115
5394.5 115
5394.9 115
5395.2 115
5395.6 114
5395.9 114
5396.3 114
5396.7 114
5397 114
5397.4 114
5397.8 114
5398.1 115
5398.5 115
5398.8 115
5399.2 115
5399.6 115
5399.9 115
5400.3 115
5400.7 115
5401 115
5401.4 115
5401.7 115
5402.1 115
5402.3 115
5402.5 115
5402.7 115
5402.8 115
5403 115
5403 115
5403.4 115
5403.8 115
5404.1 115
5404.5 115
5404.8 115
5405.2 115
5405.6 114
5405.9 114
5406.3 114
5406.7 114
5407 114
5407.4 114
5407.7 114
5408.1 114
5408.5 115
5408.8 115
5409.2 115
5409.6 115
5409.9 115
5410.3 115
5410.6 115
5411 115
5411.4 115
5411.7 115
5412.1 115
5412.3 115
5412.5 115
5412.6 115
5412.8 115
5413 115
5413 115
5413.4 115
5413.7 115
5414.1 115
5414.5 115
5414.8 115
5415.2 115
5415.6 114
5415.9 114
5416.3 114
5416.6 114
5417 114
5417.4 114
5417.7 114
5418.1 114
5418.5 115
5418.8 115
5419.2 115
5419.5 115
5419.9 115
5420.3 115
5420.6 115
5421 115
5421.4 115
5421.7 115
5422.1 115
5422.3 115
5422.4 115
5422.6 115
5422.8 115
5423 115
5423 115
5423.4 115
5423.7 115
5424.1 115
5424.5 115
5424.8 115
5425.2 114
5425.5 114
5425.9 114
5426.3 114
5426.6 114
5427 114
5427.4 114
5427.7 114
5428.1 114
5428.4 114
5428.8 115
5429.2 115
5429.5 115
5429.9 115
5430.3 115
5430.6 115
5431 115
5431.3 115
5431.7 115
5432.1 115
5432.3 115
5432.4 115
5432.6 115
5432.8 115
5433 115
5433 115
5433.4 115
5433.7 115
5434.1 115
5434.4 115
5434.8 115
5435.2 114
5435.5 114
5435.9 114
5436.3 114
5436.6 114
5437 114
5437.3 114
5437.7 114
5438.1 114
5438.4 114
5438.8 115
5439.2 115
5439.5 115
5439.9 115
5440.2 115
5440.6 115
5441 115
5441.3 115
5441.7 115
5442.1 115
5442.2 115
5442.4 115
5442.6 115
5442.8 115
5443 115
5443 115
5443.3 115
5443.7 115
5444.1 115
5444.4 115
5444.8 114
5445.2 114
5445.5 114
5445.9 114
5446.2 114
5446.6 114
5447 114
5447.3 114
5447.7 114
5448.1 114
5448.4 114
5448.8 114
5449.1 115
5449.5 115
5449.9 115
5450.2 115
5450.6 115
5451 115
5451.3 115
5451.7 115
5452 115
5452.2 115
5452.4 115
5452.6 115
5452.8 115
5453 115
5453 115
5453.3 115
5453.7 115
5454.1 115
5454.4 115
5454.8 114
5455.1 114
5455.5 114
5455.9 114
5456.2 114
5456.6 114
5457 114
5457.3 114
5457.7 114
5458 114
5458.4 114
5458.8 114
5459.1 114
5459.5 115
5459.9 115
5460.2 115
5460.6 115
5460.9 115
5461.3 115
5461.7 115
5462 115
5462.2 115
5462.4 115
5462.6 115
5462.8 115
5462.9 115
5463 115
5463.3 115
5463.7 115
5464 115
5464.4 115
5464.8 114
5465.1 114
5465.5 114
5465.9 114
5466.2 114
5466.6 114
5466.9 114
5467.3 114
5467.7 114
5468 114
5468.4 114
5468.8 114
5469.1 114
5469.5 115
5469.8 115
5470.2 115
5470.6 115
5470.9 115
5471.3 115
5471.7 115
5472 115
5472.2 115
5472.4 115
5472.6 115
5472.7 115
5472.9 115
5472.9 115
5473.3 115
5473.7 115
5474 115
5474.4 114
5474.8 114
5475.1 114
5475.5 114
5475.8 114
5476.2 114
5476.6 114
5476.9 114
5477.3 114
5477.7 114
5478 114
5478.4 114
5478.7 114
5479.1 114
5479.5 114
5479.8 115
5480.2 115
5480.6 115
5480.9 115
5481.3 115
5481.6 115
5482 115
5482.2 115
5482.4 115
5482.6 115
5482.7 115
5482.9 115
5482.9 115
5483.3 115
5483.7 115
5484 115
5484.4 114
5484.7 114
5485.1 114
5485.5 114
5485.8 114
5486.2 114
5486.6 114
5486.9 114
5487.3 114
5487.6 114
5488 114
5488.4 114
5488.7 114
5489.1 114
5489.5 114
5489.8 114
5490.2 115
5490.5 115
5490.9 115
5491.3 115
5491.6 115
5492 115
5492.2 115
5492.4 115
5492.5 115
5492.7 115
5492.9 115
5492.9 115
5493.3 115
5493.6 115
5494 114
5494.4 114
5494.7 114
5495.1 114
5495.5 114
5495.8 114
5496.2 114
5496.5 114
5496.9 114
5497.3 114
5497.6 114
5498 114
5498.4 114
5498.7 114
5499.1 114
5499.4 114
5499.8 114
5500.2 115
5500.5 115
5500.9 115
5501.3 115
5501.6 115
5502 115
5502.2 115
5502.3 115
5502.5 115
5502.7 115
5502.9 115
5502.9 115
5503.3 115
5503.6 115
5504 114
5504.4 114
5504.7 114
5505.1 114
5505.4 114
5505.8 114
5506.2 114
5506.5 114
5506.9 114
5507.3 114
5507.6 114
5508 114
5508.3 114
5508.7 114
5509.1 114
5509.4 114
5509.8 115
5510.2 115
5510.5 115
5510.9 115
5511.2 115
5511.6 115
5512 115
5512.2 115
5512.3 115
5512.5 115
5512.7 115
5512.9 115
5512.9 115
5513.3 115
5513.6 115
5514 115
5514.3 114
5514.7 114
5515.1 114
5515.4 114
5515.8 114
5516.2 114
5516.5 114
5516.9 114
5517.2 114
5517.6 114
5518 114
5518.3 114
5518.7 114
5519.1 114
5519.4 114
5519.8 115
5520.1 115
5520.5 115
5520.9 115
5521.2 115
5521.6 115
5522 115
5522.1 115
5522.3 115
5522.5 115
5522.7 115
5522.9 115
5522.9 115
5523.2 115
5523.6 115
5524 115
5524.3 114
5524.7 114
5525.1 114
5525.4 114
5525.8 114
5526.1 114
5526.5 114
5526.9 114
5527.2 114
5527.6 114
5528 114
5528.3 114
5528.7 114
5529 114
5529.4 114
5529.8 115
5530.1 115
5530.5 115
5530.9 115
5531.2 115
5531.6 115
5531.9 115
5532.1 115
5532.3 115
5532.5 115
5532.7 115
5532.9 115
5532.9 115
5533.2 115
5533.6 115
5534 115
5534.3 114
5534.7 114
5535 114
5535.4 114
5535.8 114
5536.1 114
5536.5 114
5536.9 114
5537.2 114
5537.6 114
5537.9 114
5538.3 114
5538.7 114
5539 114
5539.4 114
5539.8 114
5540.1 115
5540.5 115
5540.8 115
5541.2 115
5541.6 115
5541.9 115
5542.1 115
5542.3 115
5542.5 115
5542.7 115
5542.8 115
5542.9 115
5543.2 115
5543.6 115
5543.9 115
5544.3 114
5544.7 114
5545 114
5545.4 114
5545.8 114
5546.1 114
5546.5 114
5546.8 114
5547.2 114
5547.6 114
5547.9 114
5548.3 114
5548.7 114
5549 114
5549.4 114
5549.7 114
5550.1 115
5550.5 115
5550.8 115
5551.2 115
5551.6 115
5551.9 115
5552.1 115
5552.3 115
5552.5 115
5552.6 115
5552.8 115
5552.8 115
5553.2 115
5553.6 115
5553.9 114
5554.3 114
5554.7 114
5555 114
5555.4 114
5555.7 114
5556.1 114
5556.5 114
5556.8 114
5557.2 114
5557.6 114
5557.9 114
5558.3 114
5558.6 114
5559 114
5559.4 114
5559.7 114
5560.1 114
5560.5 114
5560.8 115
5561.2 115
5561.5 115
5561.9 115
5562.1 115
5562.3 115
5562.5 115
5562.6 115
5562.8 115
5562.8 115
5563.2 115
5563.6 114
5563.9 114
5564.3 114
5564.6 114
5565 114
5565.4 114
5565.7 114
5566.1 114
5566.5 114
5566.8 114
5567.2 114
5567.5 114
5567.9 114
5568.3 114
5568.6 114
5569 114
5569.4 114
5569.7 114
5570.1 114
5570.4 114
5570.8 114
5571.2 114
5571.5 115
5571.9 115
5572.1 115
5572.3 115
5572.4 115
5572.6 115
5572.8 114
5572.8 114
5573.2 114
5573.5 114
5573.9 114
5574.3 114
5574.6 114
5575 114
5575.4 114
5575.7 114
5576.1 114
5576.4 114
5576.8 114
5577.2 114
5577.5 114
5577.9 114
5578.3 114
5578.6 114
5579 114
5579.3 114
5579.7 114
5580.1 114
5580.4 114
5580.8 114
5581.2 114
5581.5 114
5581.9 114
5582.1 114
5582.2 114
5582.4 114
5582.6 114
5582.8 114
5582.8 114
5583.2 114
5583.5 114
5583.9 114
5584.2 114
5584.6 114
5585 114
5585.3 114
5585.7 114
5586.1 114
5586.4 114
5586.8 114
5587.2 114
5587.5 114
5587.9 114
5588.2 114
5588.6 114
5589 114
5589.3 114
5589.7 114
5590.1 114
5590.4 114
5590.8 114
5591.1 114
5591.5 114
5591.9 114
5592 114
5592.2 114
5592.4 114
5592.6 114
5592.8 114
5592.8 114
5593.1 114
5593.5 114
5593.9 114
5594.2 114
5594.6 114
5595 114
5595.3 114
5595.7 114
5596.1 114
5596.4 114
5596.8 114
5597.1 114
5597.5 114
5597.9 114
5598.2 114
5598.6 114
5599 114
5599.3 114
5599.7 114
5600 114
5600.4 114
5600.8 114
5601.1 114
5601.5 114
5601.9 114
5602 114
5602.2 114
5602.4 114
5602.6 114
5602.8 114
5602.8 114
5603.1 114
5603.5 114
5603.9 114
5604.2 114
5604.6 114
5604.9 114
5605.3 114
5605.7 114
5606 114
5606.4 114
5606.8 113
5607.1 114
5607.5 114
5607.9 114
5608.2 114
5608.6 114
5608.9 114
5609.3 114
5609.7 114
5610 114
5610.4 114
5610.8 114
5611.1 114
5611.5 114
5611.8 114
5612 114
5612.2 114
5612.4 114
5612.6 114
5612.8 114
5612.8 114
5613.1 114
5613.5 114
5613.8 114
5614.2 114
5614.6 114
5614.9 114
5615.3 114
5615.7 114
5616 113
5616.4 113
5616.8 113
5617.1 113
5617.5 113
5617.8 113
5618.2 114
5618.6 114
5618.9 114
5619.3 114
5619.7 114
5620 114
5620.4 114
5620.7 114
5621.1 114
5621.5 114
5621.8 114
5622 114
5622.2 114
5622.4 114
5622.6 114
5622.7 114
5622.7 114
5623.1 114
5623.5 114
5623.8 114
5624.2 114
5624.6 114
5624.9 114
5625.3 114
5625.6 113
5626 113
5626.4 113
5626.7 113
5627.1 113
5627.5 113
5627.8 113
5628.2 113
5628.6 114
5628.9 114
5629.3 114
5629.6 114
5630 114
5630.4 114
5630.7 114
5631.1 114
5631.5 114
5631.8 114
5632 114
5632.2 114
5632.4 114
5632.5 114
5632.7 114
5632.7 114
5633.1 114
5633.5 114
5633.8 114
5634.2 114
5634.5 114
5634.9 114
5635.3 113
5635.6 113
5636 113
5636.4 113
5636.7 113
5637.1 113
5637.4 113
5637.8 113
5638.2 113
5638.5 113
5638.9 114
5639.3 114
5639.6 114
5640 114
5640.4 114
5640.7 114
5641.1 114
5641.4 114
5641.8 114
5642 114
5642.2 114
5642.3 114
5642.5 114
5642.7 114
5642.7 114
5643.1 114
5643.4 114
5643.8 114
5644.2 114
5644.5 114
5644.9 114
5645.3 113
5645.6 113
5646 113
5646.3 113
5646.7 113
5647.1 113
5647.4 113
5647.8 113
5648.2 113
5648.5 113
5648.9 113
5649.3 114
5649.6 114
5650 114
5650.3 114
5650.7 114
5651.1 114
5651.4 114
5651.8 114
5652 114
5652.2 114
5652.3 114
5652.5 114
5652.7 114
5652.7 114
5653.1 114
5653.4 114
5653.8 114
5654.2 114
5654.5 114
5654.9 113
5655.2 113
5655.6 113
5656 113
5656.3 113
5656.7 113
5657.1 113
5657.4 113
5657.8 113
5658.1 113
5658.5 113
5658.9 113
5659.2 113
5659.6 114
5660 114
5660.3 114
5660.7 114
5661.1 114
5661.4 114
5661.8 114
5662 114
5662.1 114
5662.3 114
5662.5 114
5662.7 114
5662.7 114
5663.1 114
5663.4 114
5663.8 114
5664.1 114
5664.5 113
5664.9 113
5665.2 113
5665.6 113
5666 113
5666.3 113
5666.7 113
5667 113
5667.4 113
5667.8 113
5668.1 113
5668.5 113
5668.9 113
5669.2 113
5669.6 113
5670 114
5670.3 114
5670.7 114
5671 114
5671.4 114
5671.8 114
5671.9 114
5672.1 114
5672.3 114
5672.5 114
5672.7 114
5672.7 114
5673 114
5673.4 114
5673.8 114
5674.1 114
5674.5 113
5674.9 113
5675.2 113
5675.6 113
5675.9 113
5676.3 113
5676.7 113
5677 113
5677.4 113
5677.8 113
5678.1 113
5678.5 113
5678.8 113
5679.2 113
5679.6 113
5679.9 113
5680.3 114
5680.7 114
5681 114
5681.4 114
5681.8 114
5681.9 114
5682.1 114
5682.3 114
5682.5 114
5682.7 114
5682.7 114
5683 114
5683.4 114
5683.8 114
5684.1 113
5684.5 113
5684.8 113
5685.2 113
5685.6 113
5685.9 113
5686.3 113
5686.7 113
5687 113
5687.4 113
5687.7 113
5688.1 113
5688.5 113
5688.8 113
5689.2 113
5689.6 113
5689.9 113
5690.3 113
5690.6 114
5691 114
5691.4 114
5691.7 114
5691.9 114
5692.1 114
5692.3 114
5692.5 114
5692.6 114
5692.7 114
5693 114
5693.4 114
5693.7 113
5694.1 113
5694.5 113
5694.8 113
5695.2 113
5695.6 113
5695.9 113
5696.3 113
5696.6 113
5697 113
5697.4 113
5697.7 113
5698.1 113
5698.5 113
5698.8 113
5699.2 113
5699.5 113
5699.9 113
5700.3 113
5700.6 113
5701 113
5701.4 114
5701.7 114
5701.9 114
5702.1 114
5702.3 114
5702.5 114
5702.6 114
5702.6 114
5703 113
5703.4 113
5703.7 113
5704.1 113
5704.5 113
5704.8 113
5705.2 113
5705.5 113
5705.9 113
5706.3 113
5706.6 113
5707 113
5707.4 113
5707.7 113
5708.1 113
5708.4 113
5708.8 113
5709.2 113
5709.5 113
5709.9 113
5710.3 113
5710.6 113
5711 113
5711.3 113
5711.7 113
5711.9 113
5712.1 113
5712.3 113
5712.4 113
5712.6 113
5712.6 113
5713 113
5713.4 113
5713.7 113
5714.1 113
5714.4 113
5714.8 113
5715.2 113
5715.5 113
5715.9 113
5716.3 113
5716.6 113
5717 113
5717.3 113
5717.7 113
5718.1 113
5718.4 113
5718.8 113
5719.2 113
5719.5 113
5719.9 113
5720.2 113
5720.6 113
5721 113
5721.3 113
5721.7 113
5721.9 113
5722.1 113
5722.2 113
5722.4 113
5722.6 113
5722.6 113
5723 113
5723.3 113
5723.7 113
5724.1 113
5724.4 113
5724.8 113
5725.2 113
5725.5 113
5725.9 113
5726.2 113
5726.6 113
5727 113
5727.3 113
5727.7 113
5728.1 113
5728.4 113
5728.8 113
5729.1 113
5729.5 113
5729.9 113
5730.2 113
5730.6 113
5731 113
5731.3 113
5731.7 113
5731.9 113
5732 113
5732.2 113
5732.4 113
5732.6 113
5732.6 113
5733 113
5733.3 113
5733.7 113
5734.1 113
5734.4 113
5734.8 113
5735.1 113
5735.5 113
5735.9 113
5736.2 113
5736.6 113
5737 113
5737.3 113
5737.7 113
5738 113
5738.4 113
5738.8 113
5739.1 113
5739.5 113
5739.9 113
5740.2 113
5740.6 113
5740.9 113
5741.3 113
5741.7 113
5741.9 113
5742 113
5742.2 113
5742.4 113
5742.6 113
5742.6 113
5743 113
5743.3 113
5743.7 113
5744 113
5744.4 113
5744.8 113
5745.1 113
5745.5 113
5745.9 113
5746.2 113
5746.6 113
5746.9 113
5747.3 113
5747.7 113
5748 113
5748.4 113
5748.8 113
5749.1 113
5749.5 113
5749.8 113
5750.2 113
5750.6 113
5750.9 113
5751.3 113
5751.7 113
5751.8 113
5752 113
5752.2 113
5752.4 113
5752.6 113
5752.6 113
5752.9 113
5753.3 113
5753.7 113
5754 113
5754.4 113
5754.8 113
5755.1 113
5755.5 113
5755.8 113
5756.2 113
5756.6 113
5756.9 113
5757.3 113
5757.7 113
5758 113
5758.4 113
5758.7 113
5759.1 113
5759.5 113
5759.8 113
5760.2 113
5760.6 113
5760.9 113
5761.3 113
5761.6 113
5761.8 113
5762 113
5762.2 113
5762.4 113
5762.6 113
5762.6 113
5762.9 113
5763.3 113
5763.7 113
5764 113
5764.4 113
5764.7 113
5765.1 113
5765.5 113
5765.8 113
5766.2 113
5766.6 113
5766.9 113
5767.3 113
5767.6 113
5768 113
5768.4 113
5768.7 113
5769.1 113
5769.5 113
5769.8 113
5770.2 113
5770.5 113
5770.9 113
5771.3 113
5771.6 113
5771.8 113
5772 113
5772.2 113
5772.4 113
5772.5 113
5772.6 113
5772.9 113
5773.3 113
5773.6 113
5774 113
5774.4 113
5774.7 113
5775.1 113
5775.5 113
5775.8 113
5776.2 113
5776.5 113
5776.9 112
5777.3 113
5777.6 113
5778 113
5778.4 113
5778.7 113
5779.1 113
5779.4 113
5779.8 113
5780.2 113
5780.5 113
5780.9 113
5781.3 113
5781.6 113
5781.8 113
5782 113
5782.2 113
5782.3 113
5782.5 113
5782.5 113
5782.9 113
5783.3 113
5783.6 113
5784 113
5784.4 113
5784.7 113
5785.1 113
5785.4 113
5785.8 113
5786.2 112
5786.5 112
5786.9 112
5787.3 112
5787.6 112
5788 113
5788.3 113
5788.7 113
5789.1 113
5789.4 113
5789.8 113
5790.2 113
5790.5 113
5790.9 113
5791.2 113
5791.6 113
5791.8 113
5792 113
5792.2 113
5792.3 113
5792.5 113
5792.5 113
5792.9 113
5793.3 113
5793.6 113
5794 113
5794.3 113
5794.7 113
5795.1 113
5795.4 113
5795.8 112
5796.2 112
5796.5 112
5796.9 112
5797.2 112
5797.6 112
5798 112
5798.3 112
5798.7 113
5799.1 113
5799.4 113
5799.8 113
5800.1 113
5800.5 113
5800.9 113
5801.2 113
5801.6 113
5801.8 113
5802 113
5802.1 113
5802.3 113
5802.5 113
5802.5 113
5802.9 113
5803.2 113
5803.6 113
5804 113
5804.3 113
5804.7 113
5805.1 113
5805.4 112
5805.8 112
5806.1 112
5806.5 112
5806.9 112
5807.2 112
5807.6 112
5808 112
5808.3 112
5808.7 112
5809 113
5809.4 113
5809.8 113
5810.1 113
5810.5 113
5810.9 113
5811.2 113
5811.6 113
5811.8 113
5811.9 113
5812.1 113
5812.3 113
5812.5 113
5812.5 113
5812.9 113
5813.2 113
5813.6 113
5814 113
5814.3 113
5814.7 113
5815 113
5815.4 112
5815.8 112
5816.1 112
5816.5 112
5816.9 112
5817.2 112
5817.6 112
5817.9 112
5818.3 112
5818.7 112
5819 112
5819.4 113
5819.8 113
5820.1 113
5820.5 113
5820.8 113
5821.2 113
5821.6 113
5821.8 113
5821.9 113
5822.1 113
5822.3 113
5822.5 113
5822.5 113
5822.9 113
5823.2 113
5823.6 113
5823.9 113
5824.3 113
5824.7 113
5825 112
5825.4 112
5825.8 112
5826.1 112
5826.5 112
5826.8 112
5827.2 112
5827.6 112
5827.9 112
5828.3 112
5828.7 112
5829 112
5829.4 112
5829.7 113
5830.1 113
5830.5 113
5830.8 113
5831.2 113
5831.6 113
5831.7 113
5831.9 113
5832.1 113
5832.3 113
5832.5 113
5832.5 113
5832.8 113
5833.2 113
5833.6 113
5833.9 113
5834.3 113
5834.7 112
5835 112
5835.4 112
5835.7 112
5836.1 112
5836.5 112
5836.8 112
5837.2 112
5837.6 112
5837.9 112
5838.3 112
5838.6 112
5839 112
5839.4 112
5839.7 112
5840.1 113
5840.5 113
5840.8 113
5841.2 113
5841.5 113
5841.7 113
5841.9 113
5842.1 113
5842.3 113
5842.5 113
5842.5 113
5842.8 113
5843.2 113
5843.6 113
5843.9 113
5844.3 112
5844.6 112
5845 112
5845.4 112
5845.7 112
5846.1 112
5846.5 112
5846.8 112
5847.2 112
5847.5 112
5847.9 112
5848.3 112
5848.6 112
5849 112
5849.4 112
5849.7 112
5850.1 112
5850.4 113
5850.8 113
5851.2 113
5851.5 113
5851.7 113
5851.9 113
5852.1 113
5852.3 113
5852.4 113
5852.5 113
5852.8 113
5853.2 113
5853.5 113
5853.9 112
5854.3 112
5854.6 112
5855 112
5855.4 112
5855.7 112
5856.1 112
5856.4 112
5856.8 112
5857.2 112
5857.5 112
5857.9 112
5858.3 112
5858.6 112
5859 112
5859.3 112
5859.7 112
5860.1 112
5860.4 112
5860.8 112
5861.2 113
5861.5 113
5861.7 113
5861.9 113
5862.1 113
5862.2 113
5862.4 113
5862.4 113
5862.8 113
5863.2 113
5863.5 112
5863.9 112
5864.3 112
5864.6 112
5865 112
5865.3 112
5865.7 112
5866.1 112
5866.4 112
5866.8 112
5867.2 112
5867.5 112
5867.9 112
5868.2 112
5868.6 112
5869 112
5869.3 112
5869.7 112
5870.1 112
5870.4 112
5870.8 112
5871.1 112
5871.5 112
5871.7 113
5871.9 113
5872.1 113
5872.2 113
5872.4 113
5872.4 113
5872.8 113
5873.2 112
5873.5 112
5873.9 112
5874.2 112
5874.6 112
5875 112
5875.3 112
5875.7 112
5876.1 112
5876.4 112
5876.8 112
5877.1 112
5877.5 112
5877.9 112
5878.2 112
5878.6 112
5879 112
5879.3 112
5879.7 112
5880 112
5880.4 112
5880.8 112
5881.1 112
5881.5 112
5881.7 112
5881.9 112
5882 112
5882.2 112
5882.4 112
5882.4 112
5882.8 112
5883.1 112
5883.5 112
5883.9 112
5884.2 112
5884.6 112
5885 112
5885.3 112
5885.7 112
5886 112
5886.4 112
5886.8 112
5887.1 112
5887.5 112
5887.9 112
5888.2 112
5888.6 112
5888.9 112
5889.3 112
5889.7 112
5890 112
5890.4 112
5890.8 112
5891.1 112
5891.5 112
5891.7 112
5891.8 112
5892 112
5892.2 112
5892.4 112
5892.4 112
5892.8 112
5893.1 112
5893.5 112
5893.8 112
5894.2 112
5894.6 112
5894.9 112
5895.3 112
5895.7 112
5896 112
5896.4 112
5896.8 112
5897.1 112
5897.5 112
5897.8 112
5898.2 112
5898.6 112
5898.9 112
5899.3 112
5899.7 112
5900 112
5900.4 112
5900.7 112
5901.1 112
5901.5 112
5901.6 112
5901.8 112
5902 112
5902.2 112
5902.4 112
5902.4 112
5902.7 112
5903.1 112
5903.5 112
5903.8 112
5904.2 112
5904.6 112
5904.9 112
5905.3 112
5905.7 112
5906 112
5906.4 112
5906.7 112
5907.1 112
5907.5 112
5907.8 112
5908.2 112
5908.6 112
5908.9 112
5909.3 112
5909.6 112
5910 112
5910.4 112
5910.7 112
5911.1 112
5911.5 112
5911.6 112
5911.8 112
5912 112
5912.2 112
5912.4 112
5912.4 112
5912.7 112
5913.1 112
5913.5 112
5913.8 112
5914.2 112
5914.5 112
5914.9 112
5915.3 112
5915.6 112
5916 112
5916.4 112
5916.7 112
5917.1 112
5917.5 112
5917.8 112
5918.2 112
5918.5 112
5918.9 112
5919.3 112
5919.6 112
5920 112
5920.4 112
5920.7 112
5921.1 112
5921.4 112
5921.6 112
5921.8 112
5922 112
5922.2 112
5922.4 112
5922.4 112
5922.7 112
5923.1 112
5923.4 112
5923.8 112
5924.2 112
5924.5 112
5924.9 112
5925.3 112
5925.6 112
5926 112
5926.4 112
5926.7 112
5927.1 112
5927.4 112
5927.8 112
5928.2 112
5928.5 112
5928.9 112
5929.3 112
5929.6 112
5930 112
5930.3 112
5930.7 112
5931.1 112
5931.4 112
5931.6 112
5931.8 112
5932 112
5932.2 112
5932.3 112
5932.3 112
5932.7 112
5933.1 112
5933.4 112
5933.8 112
5934.2 112
5934.5 112
5934.9 112
5935.2 112
5935.6 112
5936 112
5936.3 112
5936.7 112
5937.1 112
5937.4 112
5937.8 112
5938.2 112
5938.5 112
5938.9 112
5939.2 112
5939.6 112
5940 112
5940.3 112
5940.7 112
5941.1 112
5941.4 112
5941.6 112
5941.8 112
5942 112
5942.1 112
5942.3 112
5942.3 112
5942.7 112
5943.1 112
5943.4 112
5943.8 112
5944.1 112
5944.5 112
5944.9 112
5945.2 112
5945.6 112
5946 112
5946.3 112
5946.7 112
5947 112
5947.4 112
5947.8 112
5948.1 112
5948.5 112
5948.9 112
5949.2 112
5949.6 112
5950 112
5950.3 112
5950.7 112
5951 112
5951.4 112
5951.6 112
5951.8 112
5951.9 112
5952.1 112
5952.3 112
5952.3 112
5952.7 112
5953 112
5953.4 112
5953.8 112
5954.1 112
5954.5 112
5954.9 112
5955.2 112
5955.6 112
5955.9 112
5956.3 112
5956.7 112
5957 112
5957.4 112
5957.8 112
5958.1 112
5958.5 112
5958.9 112
5959.2 112
5959.6 112
5959.9 112
5960.3 112
5960.7 112
5961 112
5961.4 112
5961.6 112
5961.8 112
5961.9 112
5962.1 112
5962.3 112
5962.3 112
5962.7 112
5963 112
5963.4 112
5963.8 112
5964.1 112
5964.5 112
5964.8 112
5965.2 112
5965.6 112
5965.9 112
5966.3 112
5966.7 112
5967 112
5967.4 112
5967.7 112
5968.1 112
5968.5 112
5968.8 112
5969.2 112
5969.6 112
5969.9 112
5970.3 112
5970.7 112
5971 112
5971.4 112
5971.6 112
5971.7 112
5971.9 112
5972.1 112
5972.3 112
5972.3 112
5972.7 112
5973 112
5973.4 112
5973.7 112
5974.1 112
5974.5 112
5974.8 112
5975.2 112
5975.6 112
5975.9 112
5976.3 111
5976.6 111
5977 111
5977.4 111
5977.7 111
5978.1 112
5978.5 112
5978.8 112
5979.2 112
5979.6 112
5979.9 112
5980.3 112
5980.6 112
5981 112
5981.4 112
5981.5 112
5981.7 112
5981.9 112
5982.1 112
5982.3 112
5982.3 112
5982.6 112
5983 112
5983.4 112
5983.7 112
5984.1 112
5984.5 112
5984.8 112
5985.2 112
5985.5 112
5985.9 111
5986.3 111
5986.6 111
5987 111
5987.4 111
5987.7 111
5988.1 111
5988.4 111
5988.8 112
5989.2 112
5989.5 112
5989.9 112
5990.3 112
5990.6 112
5991 112
5991.4 112
5991.5 112
5991.7 112
5991.9 112
5992.1 112
5992.3 112
5992.3 112
5992.6 112
5993 112
5993.4 112
5993.7 112
5994.1 112
5994.4 112
5994.8 112
5995.2 112
5995.5 111
5995.9 111
5996.3 111
5996.6 111
5997 111
5997.3 111
5997.7 111
5998.1 111
5998.4 111
5998.8 111
5999.2 112
5999.5 112
5999.9 112
6000.2 112
6000.6 112
6001 112
6001.3 112
6001.5 112
6001.7 112
6001.9 112
6002.1 112
6002.2 112
6002.3 112
6002.6 112
6003 112
6003.3 112
6003.7 112
6004.1 112
6004.4 112
6004.8 112
6005.2 112
6005.5 112
6005.9 111
6006.2 111
6006.6 111
6007 111
6007.3 111
6007.7 111
6008.1 111
6008.4 112
6008.8 112
6009.1 112
6009.5 112
6009.9 112
6010.2 112
6010.6 112
6011 112
6011.3 112
6011.5 112
6011.7 112
6011.9 112
6012.1 112
6012.2 112
6012.2 112
6012.6 112
6013 112
6013.3 112
6013.7 112
6014.1 112
6014.4 112
6014.8 112
6015.1 112
6015.5 112
6015.9 112
6016.2 112
6016.6 111
6017 111
6017.3 111
6017.7 112
6018 112
6018.4 112
6018.8 112
6019.1 112
6019.5 112
6019.9 112
6020.2 112
6020.6 112
6020.9 112
6021.3 112
6021.5 112
6021.7 112
6021.9 112
6022 112
6022.2 112
6022.2 112
6022.6 112
6023 112
6023.3 112
6023.7 112
6024 112
6024.4 112
6024.8 112
6025.1 112
6025.5 112
6025.9 112
6026.2 112
6026.6 112
6026.9 112
6027.3 112
6027.7 112
6028 112
6028.4 112
6028.8 112
6029.1 112
6029.5 112
6029.8 112
6030.2 112
6030.6 112
6030.9 112
6031.3 112
6031.5 112
6031.7 112
6031.8 112
6032 112
6032.2 112
6032.2 112
6032.6 112
6032.9 112
6033.3 112
6033.7 112
6034 112
6034.4 112
6034.8 112
6035.1 112
6035.5 112
6035.8 112
6036.2 112
6036.6 112
6036.9 112
6037.3 112
6037.7 112
6038 112
6038.4 112
6038.7 112
6039.1 112
6039.5 112
6039.8 112
6040.2 112
6040.6 112
6040.9 112
6041.3 112
6041.5 112
6041.6 112
6041.8 112
6042 112
6042.2 112
6042.2 112
6042.6 112
6042.9 112
6043.3 112
6043.7 112
6044 112
6044.4 112
6044.7 112
6045.1 112
6045.5 112
6045.8 112
6046.2 112
6046.6 112
6046.9 111
6047.3 111
6047.6 112
6048 112
6048.4 112
6048.7 112
6049.1 112
6049.5 112
6049.8 112
6050.2 112
6050.5 112
6050.9 112
6051.3 112
6051.5 112
6051.6 112
6051.8 112
6052 112
6052.2 112
6052.2 112
6052.6 112
6052.9 112
6053.3 112
6053.6 112
6054 112
6054.4 112
6054.7 112
6055.1 112
6055.5 112
6055.8 112
6056.2 111
6056.5 111
6056.9 111
6057.3 111
6057.6 111
6058 111
6058.4 111
6058.7 112
6059.1 112
6059.4 112
6059.8 112
6060.2 112
6060.5 112
6060.9 112
6061.3 112
6061.4 112
6061.6 112
6061.8 112
6062 112
6062.2 112
6062.2 112
6062.5 112
6062.9 112
6063.3 112
6063.6 112
6064 112
6064.4 112
6064.7 112
6065.1 112
6065.4 111
6065.8 111
6066.2 111
6066.5 111
6066.9 111
6067.3 111
6067.6 111
6068 111
6068.3 111
6068.7 111
6069.1 111
6069.4 112
6069.8 112
6070.2 112
6070.5 112
6070.9 112
6071.2 112
6071.4 112
6071.6 112
6071.8 112
6072 112
6072.2 112
6072.2 112
6072.5 112
6072.9 112
6073.3 112
6073.6 112
6074 112
6074.3 112
6074.7 112
6075.1 111
6075.4 111
6075.8 111
6076.2 111
6076.5 111
6076.9 111
6077.2 111
6077.6 111
6078 111
6078.3 111
6078.7 111
6079.1 111
6079.4 111
6079.8 111
6080.1 112
6080.5 112
6080.9 112
6081.2 112
6081.4 112
6081.6 112
6081.8 112
6082 112
6082.1 112
6082.2 112
6082.5 112
6082.9 112
6083.2 112
6083.6 112
6084 112
6084.3 111
6084.7 111
6085.1 111
6085.4 111
6085.8 111
6086.1 111
6086.5 111
6086.9 111
6087.2 111
6087.6 111
6088 111
6088.3 111
6088.7 111
6089 111
6089.4 111
6089.8 111
6090.1 111
6090.5 111
6090.9 111
6091.2 112
6091.4 112
6091.6 112
6091.8 112
6091.9 112
6092.1 112
6092.1 112
6092.5 112
6092.9 112
6093.2 112
6093.6 111
6094 111
6094.3 111
6094.7 111
6095 111
6095.4 111
6095.8 111
6096.1 111
6096.5 111
6096.9 111
6097.2 111
6097.6 111
6097.9 111
6098.3 111
6098.7 111
6099 111
6099.4 111
6099.8 111
6100.1 111
6100.5 111
6100.8 111
6101.2 111
6101.4 111
6101.6 111
6101.8 111
6101.9 111
6102.1 111
6102.1 111
6102.5 111
6102.9 111
6103.2 111
6103.6 111
6103.9 111
6104.3 111
6104.7 111
6105 111
6105.4 111
6105.8 111
6106.1 111
6106.5 111
6106.8 111
6107.2 111
6107.6 111
6107.9 111
6108.3 111
6108.7 111
6109 111
6109.4 111
6109.7 111
6110.1 111
6110.5 111
6110.8 111
6111.2 111
6111.4 111
6111.6 111
6111.7 111
6111.9 111
6112.1 111
6112.1 111
6112.5 111
6112.8 111
6113.2 111
6113.6 111
6113.9 111
6114.3 111
6114.7 111
6115 111
6115.4 111
6115.7 111
6116.1 111
6116.5 111
6116.8 111
6117.2 111
6117.6 111
6117.9 111
6118.3 111
6118.6 111
6119 111
6119.4 111
6119.7 111
6120.1 111
6120.5 111
6120.8 111
6121.2 111
6121.4 111
6121.5 111
6121.7 111
6121.9 111
6122.1 111
6122.1 111
6122.5 111
6122.8 111
6123.2 111
6123.6 111
6123.9 111
6124.3 111
6124.6 111
6125 111
6125.4 111
6125.7 111
6126.1 111
6126.5 111
6126.8 111
6127.2 111
6127.5 111
6127.9 111
6128.3 111
6128.6 111
6129 111
6129.4 111
6129.7 111
6130.1 111
6130.4 111
6130.8 111
6131.2 111
6131.4 111
6131.5 111
6131.7 111
6131.9 111
6132.1 111
6132.1 111
6132.5 111
6132.8 111
6133.2 111
6133.5 111
6133.9 111
6134.3 111
6134.6 111
6135 111
6135.4 111
6135.7 111
6136.1 111
6136.4 111
6136.8 111
6137.2 111
6137.5 111
6137.9 111
6138.3 111
6138.6 111
6139 111
6139.3 111
6139.7 111
6140.1 111
6140.4 111
6140.8 111
6141.2 111
6141.3 111
6141.5 111
6141.7 111
6141.9 111
6142.1 111
6142.1 111
6142.4 111
6142.8 111
6143.2 111
6143.5 111
6143.9 111
6144.3 111
6144.6 111
6145 111
6145.3 111
6145.7 111
6146.1 111
6146.4 111
6146.8 111
6147.2 111
6147.5 111
6147.9 111
6148.2 111
6148.6 111
6149 111
6149.3 111
6149.7 111
6150.1 111
6150.4 111
6150.8 111
6151.1 111
6151.3 111
6151.5 111
6151.7 111
6151.9 111
6152.1 111
6152.1 111
6152.4 111
6152.8 111
6153.2 111
6153.5 111
6153.9 111
6154.2 111
6154.6 111
6155 111
6155.3 111
6155.7 111
6156.1 111
6156.4 111
6156.8 111
6157.1 111
6157.5 111
6157.9 111
6158.2 111
6158.6 111
6159 111
6159.3 111
6159.7 111
6160 111
6160.4 111
6160.8 111
6161.1 111
6161.3 111
6161.5 111
6161.7 111
6161.9 111
6162 111
6162.1 111
6162.4 111
6162.8 111
6163.1 111
6163.5 111
6163.9 111
6164.2 111
6164.6 111
6165 111
6165.3 111
6165.7 111
6166 111
6166.4 111
6166.8 111
6167.1 111
6167.5 111
6167.9 111
6168.2 111
6168.6 111
6168.9 111
6169.3 111
6169.7 111
6170 111
6170.4 111
6170.8 111
6171.1 111
6171.3 111
6171.5 111
6171.7 111
6171.8 111
6172 111
6172 111
6172.4 111
6172.8 111
6173.1 111
6173.5 111
6173.9 111
6174.2 111
6174.6 111
6174.9 111
6175.3 111
6175.7 111
6176 111
6176.4 111
6176.8 111
6177.1 111
6177.5 111
6177.8 111
6178.2 111
6178.6 111
6178.9 111
6179.3 111
6179.7 111
6180 111
6180.4 111
6180.7 111
6181.1 111
6181.3 111
6181.5 111
6181.7 111
6181.8 111
6182 111
6182 111
6182.4 111
6182.8 111
6183.1 111
6183.5 111
6183.8 111
6184.2 111
6184.6 111
6184.9 111
6185.3 111
6185.7 111
6186 111
6186.4 110
6186.7 110
6187.1 110
6187.5 110
6187.8 110
6188.2 110
6188.6 111
6188.9 111
6189.3 111
6189.6 111
6190 111
6190.4 111
6190.7 111
6191.1 111
6191.3 111
6191.5 111
6191.6 111
6191.8 111
6192 111
6192 111
6192.4 111
6192.7 111
6193.1 111
6193.5 111
6193.8 111
6194.2 111
6194.6 111
6194.9 111
6195.3 111
6195.6 110
6196 110
6196.4 110
6196.7 110
6197.1 110
6197.5 110
6197.8 110
6198.2 110
6198.5 110
6198.9 110
6199.3 111
6199.6 111
6200 111
6200.4 111
6200.7 111
6201.1 111
6201.3 111
6201.4 111
6201.6 111
6201.8 111
6202 111
6202 111
6202.4 111
6202.7 111
6203.1 111
6203.4 111
6203.8 111
6204.2 111
6204.5 111
6204.9 111
6205.3 110
6205.6 110
6206 110
6206.4 110
6206.7 110
6207.1 110
6207.4 110
6207.8 110
6208.2 110
6208.5 110
6208.9 110
6209.3 110
6209.6 110
6210 111
6210.3 111
6210.7 111
6211.1 111
6211.2 111
6211.4 111
6211.6 111
6211.8 111
6212 111
6212 111
6212.3 111
6212.7 111
6213.1 111
6213.4 111
6213.8 111
6214.2 111
6214.5 110
6214.9 110
6215.3 110
6215.6 110
6216 110
6216.3 110
6216.7 110
6217.1 110
6217.4 110
6217.8 110
6218.2 110
6218.5 110
6218.9 110
6219.2 110
6219.6 110
6220 110
6220.3 110
6220.7 111
6221.1 111
6221.2 111
6221.4 111
6221.6 111
6221.8 111
6222 111
6222 111
6222.3 111
6222.7 111
6223.1 111
6223.4 111
6223.8 111
6224.1 110
6224.5 110
6224.9 110
6225.2 110
6225.6 110
6226 110
6226.3 110
6226.7 110
6227.1 110
6227.4 110
6227.8 110
6228.1 110
6228.5 110
6228.9 110
6229.2 110
6229.6 110
6230 110
6230.3 110
6230.7 110
6231 110
6231.2 110
6231.4 110
6231.6 111
6231.8 111
6232 111
6232 111
6232.3 111
6232.7 111
6233 111
6233.4 110
6233.8 110
6234.1 110
6234.5 110
6234.9 110
6235.2 110
6235.6 110
6236 110
6236.3 110
6236.7 110
6237 110
6237.4 110
6237.8 110
6238.1 110
6238.5 110
6238.9 110
6239.2 110
6239.6 110
6239.9 110
6240.3 110
6240.7 110
6241 110
6241.2 110
6241.4 110
6241.6 110
6241.8 110
6241.9 110
6241.9 110
6242.3 110
6242.7 110
6243 110
6243.4 110
6243.8 110
6244.1 110
6244.5 110
6244.8 110
6245.2 110
6245.6 110
6245.9 110
6246.3 110
6246.7 110
6247 110
6247.4 110
6247.8 110
6248.1 110
6248.5 110
6248.8 110
6249.2 110
6249.6 110
6249.9 110
6250.3 110
6250.7 110
6251 110
6251.2 110
6251.4 110
6251.6 110
6251.7 110
6251.9 110
6251.9 110
6252.3 110
6252.7 110
6253 110
6253.4 110
6253.7 110
6254.1 110
6254.5 110
6254.8 110
6255.2 110
6255.6 110
6255.9 110
6256.3 110
6256.6 110
6257 110
6257.4 110
6257.7 110
6258.1 110
6258.5 110
6258.8 110
6259.2 110
6259.6 110
6259.9 110
6260.3 110
6260.6 110
6261 110
6261.2 110
6261.4 110
6261.5 110
6261.7 110
6261.9 110
6261.9 110
6262.3 110
6262.6 110
6263 110
6263.4 110
6263.7 110
6264.1 110
6264.5 110
6264.8 110
6265.2 110
6265.5 110
6265.9 110
6266.3 110
6266.6 110
6267 110
6267.4 110
6267.7 110
6268.1 110
6268.5 110
6268.8 110
6269.2 110
6269.5 110
6269.9 110
6270.3 110
6270.6 110
6271 110
6271.2 110
6271.4 110
6271.5 110
6271.7 110
6271.9 110
6271.9 110
6272.3 110
6272.6 110
6273 110
6273.4 110
6273.7 110
6274.1 110
6274.4 110
6274.8 110
6275.2 110
6275.5 110
6275.9 110
6276.3 110
6276.6 110
6277 110
6277.3 110
6277.7 110
6278.1 110
6278.4 110
6278.8 110
6279.2 110
6279.5 110
6279.9 110
6280.3 110
6280.6 110
6281 110
6281.2 110
6281.3 110
6281.5 110
6281.7 110
6281.9 110
6281.9 110
6282.3 110
6282.6 110
6283 110
6283.3 110
6283.7 110
6284.1 110
6284.4 110
6284.8 110
6285.2 110
6285.5 110
6285.9 110
6286.2 110
6286.6 110
6287 110
6287.3 110
6287.7 110
6288.1 110
6288.4 110
6288.8 110
6289.2 110
6289.5 110
6289.9 110
6290.2 110
6290.6 110
6291 110
6291.1 110
6291.3 110
6291.5 110
6291.7 110
6291.9 110
6291.9 110
6292.2 110
6292.6 110
6293 110
6293.3 110
6293.7 110
6294.1 110
6294.4 110
6294.8 110
6295.1 110
6295.5 110
6295.9 110
6296.2 110
6296.6 110
6297 110
6297.3 110
6297.7 110
6298 110
6298.4 110
6298.8 110
6299.1 110
6299.5 110
6299.9 110
6300.2 110
6300.6 110
6301 110
6301.1 110
6301.3 110
6301.5 110
6301.7 110
6301.9 110
6301.9 110
6302.2 110
6302.6 110
6303 110
6303.3 110
6303.7 110
6304 110
6304.4 110
6304.8 110
6305.1 110
6305.5 110
6305.9 110
6306.2 110
6306.6 110
6306.9 110
6307.3 110
6307.7 110
6308 110
6308.4 110
6308.8 110
6309.1 110
6309.5 110
6309.8 110
6310.2 110
6310.6 110
6310.9 110
6311.1 110
6311.3 110
6311.5 110
6311.7 110
6311.8 110
6311.9 110
6312.2 110
6312.6 110
6312.9 110
6313.3 110
6313.7 110
6314 110
6314.4 110
6314.8 110
6315.1 110
6315.5 110
6315.8 110
6316.2 110
6316.6 110
6316.9 110
6317.3 110
6317.7 110
6318 110
6318.4 110
6318.7 110
6319.1 110
6319.5 110
6319.8 110
6320.2 110
6320.6 110
6320.9 110
6321.1 110
6321.3 110
6321.5 110
6321.7 110
6321.8 110
6321.8 110
6322.2 110
6322.6 110
6322.9 110
6323.3 110
6323.7 110
6324 110
6324.4 110
6324.7 110
6325.1 110
6325.5 110
6325.8 110
6326.2 110
6326.6 110
6326.9 110
6327.3 110
6327.6 110
6328 110
6328.4 110
6328.7 110
6329.1 110
6329.5 110
6329.8 110
6330.2 110
6330.5 110
6330.9 110
6331.1 110
6331.3 110
6331.5 110
6331.6 110
6331.8 110
6331.8 110
6332.2 110
6332.6 110
6332.9 110
6333.3 110
6333.6 110
6334 110
6334.4 110
6334.7 110
6335.1 110
6335.5 110
6335.8 110
6336.2 110
6336.5 110
6336.9 110
6337.3 110
6337.6 110
6338 110
6338.4 110
6338.7 110
6339.1 110
6339.4 110
6339.8 110
6340.2 110
6340.5 110
6340.9 110
6341.1 110
6341.3 110
6341.4 110
6341.6 110
6341.8 110
6341.8 110
6342.2 110
6342.5 110
6342.9 110
6343.3 110
6343.6 110
6344 110
6344.4 110
6344.7 110
6345.1 110
6345.4 110
6345.8 110
6346.2 110
6346.5 110
6346.9 110
6347.3 110
6347.6 110
6348 110
6348.3 110
6348.7 110
6349.1 110
6349.4 110
6349.8 110
6350.2 110
6350.5 110
6350.9 110
6351.1 110
6351.3 110
6351.4 110
6351.6 110
6351.8 110
6351.8 110
6352.2 110
6352.5 110
6352.9 110
6353.3 110
6353.6 110
6354 110
6354.3 110
6354.7 110
6355.1 110
6355.4 110
6355.8 110
6356.2 110
6356.5 110
6356.9 109
6357.2 109
6357.6 109
6358 109
6358.3 110
6358.7 110
6359.1 110
6359.4 110
6359.8 110
6360.1 110
6360.5 110
6360.9 110
6361.1 110
6361.2 110
6361.4 110
6361.6 110
6361.8 110
6361.8 110
6362.2 110
6362.5 110
6362.9 110
6363.2 110
6363.6 110
6364 110
6364.3 110
6364.7 110
6365.1 110
6365.4 110
6365.8 110
6366.1 109
6366.5 109
6366.9 109
6367.2 109
6367.6 109
6368 109
6368.3 109
6368.7 109
6369 110
6369.4 110
6369.8 110
6370.1 110
6370.5 110
6370.9 110
6371 110
6371.2 110
6371.4 110
6371.6 110
6371.8 110
6371.8 110
6372.1 110
6372.5 110
6372.9 110
6373.2 110
6373.6 110
6374 110
6374.3 110
6374.7 110
6375 110
6375.4 109
6375.8 109
6376.1 109
6376.5 109
6376.9 109
6377.2 109
6377.6 109
6377.9 109
6378.3 109
6378.7 109
6379 109
6379.4 109
6379.8 110
6380.1 110
6380.5 110
6380.8 110
6381 110
6381.2 110
6381.4 110
6381.6 110
6381.8 110
6381.8 110
6382.1 110
6382.5 110
6382.9 110
6383.2 110
6383.6 110
6383.9 110
6384.3 110
6384.7 110
6385 109
6385.4 109
6385.8 109
6386.1 109
6386.5 109
6386.8 109
6387.2 109
6387.6 109
6387.9 109
6388.3 109
6388.7 109
6389 109
6389.4 109
6389.7 109
6390.1 109
6390.5 109
6390.8 110
6391 110
6391.2 110
6391.4 110
6391.6 110
6391.7 110
6391.8 110
6392.1 110
6392.5 110
6392.8 110
6393.2 110
6393.6 110
6393.9 110
6394.3 109
6394.7 109
6395 109
6395.4 109
6395.7 109
6396.1 109
6396.5 109
6396.8 109
6397.2 109
6397.6 109
6397.9 109
6398.3 109
6398.6 109
6399 109
6399.4 109
6399.7 109
6400.1 109
6400.5 109
6400.8 109
6401 109
6401.2 109
6401.4 109
6401.5 110
6401.7 110
6401.7 110
6402.1 110
6402.5 110
6402.8 110
6403.2 110
6403.6 109
6403.9 109
6404.3 109
6404.6 109
6405 109
6405.4 109
6405.7 109
6406.1 109
6406.5 109
6406.8 109
6407.2 109
6407.5 109
6407.9 109
6408.3 109
6408.6 109
6409 109
6409.4 109
6409.7 109
6410.1 109
6410.4 109
6410.8 109
6411 109
6411.2 109
6411.4 109
6411.5 109
6411.7 109
6411.7 109
6412.1 109
6412.5 109
6412.8 109
6413.2 109
6413.5 109
6413.9 109
6414.3 109
6414.6 109
6415 109
6415.4 109
6415.7 109
6416.1 109
6416.4 109
6416.8 109
6417.2 109
6417.5 109
6417.9 109
6418.3 109
6418.6 109
6419 109
6419.3 109
6419.7 109
6420.1 109
6420.4 109
6420.8 109
6421 109
6421.2 109
6421.3 109
6421.5 109
6421.7 109
6421.7 109
6422.1 109
6422.4 109
6422.8 109
6423.2 109
6423.5 109
6423.9 109
6424.3 109
6424.6 109
6425 109
6425.3 109
6425.7 109
6426.1 109
6426.4 109
6426.8 109
6427.2 109
6427.5 109
6427.9 109
6428.2 109
6428.6 109
6429 109
6429.3 109
6429.7 109
6430.1 109
6430.4 109
6430.8 109
6431 109
6431.1 109
6431.3 109
6431.5 109
6431.7 109
6431.7 109
6432.1 109
6432.4 109
6432.8 109
6433.2 109
6433.5 109
6433.9 109
6434.2 109
6434.6 109
6435 109
6435.3 109
6435.7 109
6436.1 109
6436.4 109
6436.8 109
6437.1 109
6437.5 109
6437.9 109
6438.2 109
6438.6 109
6439 109
6439.3 109
6439.7 109
6440 109
6440.4 109
6440.8 109
6441 109
6441.1 109
6441.3 109
6441.5 109
6441.7 109
6441.7 109
6442.1 109
6442.4 109
6442.8 109
6443.1 109
6443.5 109
6443.9 109
6444.2 109
6444.6 109
6445 109
6445.3 109
6445.7 109
6446 109
6446.4 109
6446.8 109
6447.1 109
6447.5 109
6447.9 109
6448.2 109
6448.6 109
6448.9 109
6449.3 109
6449.7 109
6450 109
6450.4 109
6450.8 109
6450.9 109
6451.1 109
6451.3 109
6451.5 109
6451.7 109
6451.7 109
6452 109
6452.4 109
6452.8 109
6453.1 109
6453.5 109
6453.9 109
6454.2 109
6454.6 109
6454.9 109
6455.3 109
6455.7 109
6456 109
6456.4 109
6456.8 109
6457.1 109
6457.5 109
6457.8 109
6458.2 109
6458.6 109
6458.9 109
6459.3 109
6459.7 109
6460 109
6460.4 109
6460.7 109
6460.9 109
6461.1 109
6461.3 109
6461.5 109
6461.7 109
6461.7 109
6462 109
6462.4 109
6462.8 109
6463.1 109
6463.5 109
6463.8 109
6464.2 109
6464.6 109
6464.9 109
6465.3 109
6465.7 109
6466 109
6466.4 109
6466.7 109
6467.1 109
6467.5 109
6467.8 109
6468.2 109
6468.6 109
6468.9 109
6469.3 109
6469.6 109
6470 109
6470.4 109
6470.7 109
6470.9 109
6471.1 109
6471.3 109
6471.5 109
6471.6 109
6471.7 109
6472 109
6472.4 109
6472.7 109
6473.1 109
6473.5 109
6473.8 109
6474.2 109
6474.6 109
6474.9 109
6475.3 109
6475.6 109
6476 109
6476.4 109
6476.7 109
6477.1 109
6477.5 109
6477.8 109
6478.2 109
6478.5 109
6478.9 109
6479.3 109
6479.6 109
6480 109
6480.4 109
6480.7 109
6480.9 109
6481.1 109
6481.3 109
6481.4 109
6481.6 109
6481.6 109
6482 109
6482.4 109
6482.7 109
6483.1 109
6483.5 109
6483.8 109
6484.2 109
6484.5 109
6484.9 109
6485.3 109
6485.6 109
6486 109
6486.4 109
6486.7 109
6487.1 109
6487.4 109
6487.8 109
6488.2 109
6488.5 109
6488.9 109
6489.3 109
6489.6 109
6490 109
6490.3 109
6490.7 109
6490.9 109
6491.1 109
6491.3 109
6491.4 109
6491.6 109
6491.6 109
6492 109
6492.4 109
6492.7 109
6493.1 109
6493.4 109
6493.8 109
6494.2 109
6494.5 109
6494.9 109
6495.3 109
6495.6 109
6496 109
6496.3 109
6496.7 109
6497.1 109
6497.4 109
6497.8 109
6498.2 109
6498.5 109
6498.9 109
6499.2 109
6499.6 109
6500 109
6500.3 109
6500.7 109
6500.9 109
6501.1 109
6501.2 109
6501.4 109
6501.6 109
6501.6 109
6502 109
6502.3 109
6502.7 109
6503.1 109
6503.4 109
6503.8 109
6504.2 109
6504.5 109
6504.9 109
6505.2 109
6505.6 109
6506 109
6506.3 109
6506.7 109
6507.1 109
6507.4 109
6507.8 109
6508.1 109
6508.5 109
6508.9 109
6509.2 109
6509.6 109
6510 109
6510.3 109
6510.7 109
6510.9 109
6511 109
6511.2 109
6511.4 109
6511.6 109
6511.6 109
6512 109
6512.3 109
6512.7 109
6513 109
6513.4 109
6513.8 109
6514.1 109
6514.5 109
6514.9 109
6515.2 109
6515.6 109
6516 109
6516.3 109
6516.7 109
6517 109
6517.4 109
6517.8 109
6518.1 109
6518.5 109
6518.9 109
6519.2 109
6519.6 109
6519.9 109
6520.3 109
6520.7 109
6520.8 109
6521 109
6521.2 109
6521.4 109
6521.6 109
6521.6 109
6521.9 109
6522.3 109
6522.7 109
6523 109
6523.4 109
6523.8 109
6524.1 109
6524.5 109
6524.9 109
6525.2 109
6525.6 109
6525.9 109
6526.3 109
6526.7 109
6527 109
6527.4 109
6527.8 109
6528.1 109
6528.5 109
6528.8 109
6529.2 109
6529.6 109
6529.9 109
6530.3 109
6530.7 109
6530.8 109
6531 109
6531.2 109
6531.4 109
6531.6 109
6531.6 109
6531.9 109
6532.3 109
6532.7 109
6533 109
6533.4 109
6533.7 109
6534.1 109
6534.5 109
6534.8 109
6535.2 109
6535.6 109
6535.9 109
6536.3 109
6536.7 109
6537 109
6537.4 109
6537.7 109
6538.1 109
6538.5 109
6538.8 109
6539.2 109
6539.6 109
6539.9 109
6540.3 109
6540.6 109
6540.8 109
6541 109
6541.2 109
6541.4 109
6541.6 109
6541.6 109
6541.9 109
6542.3 109
6542.6 109
6543 109
6543.4 109
6543.7 109
6544.1 109
6544.5 109
6544.8 109
6545.2 109
6545.6 109
6545.9 109
6546.3 109
6546.6 109
6547 109
6547.4 109
6547.7 109
6548.1 109
6548.5 109
6548.8 109
6549.2 109
6549.5 109
6549.9 109
6550.3 109
6550.6 109
6550.8 109
6551 109
6551.2 109
6551.4 109
6551.5 109
6551.5 109
6551.9 109
6552.3 109
6552.6 109
6553 109
6553.4 109
6553.7 109
6554.1 109
6554.4 109
6554.8 109
6555.2 109
6555.5 109
6555.9 109
6556.3 109
6556.6 109
6557 109
6557.4 109
6557.7 109
6558.1 109
6558.4 109
6558.8 109
6559.2 109
6559.5 109
6559.9 109
6560.3 109
6560.6 109
6560.8 109
6561 109
6561.2 109
6561.3 109
6561.5 109
6561.5 109
6561.9 109
6562.3 109
6562.6 109
6563 109
6563.3 109
6563.7 109
6564.1 109
6564.4 109
6564.8 109
6565.2 109
6565.5 109
6565.9 109
6566.2 109
6566.6 109
6567 109
6567.3 109
6567.7 109
6568.1 109
6568.4 109
6568.8 109
6569.2 109
6569.5 109
6569.9 109
6570.2 109
6570.6 109
6570.8 109
6571 109
6571.1 109
6571.3 109
6571.5 109
6571.5 109
6571.9 109
6572.2 109
6572.6 109
6573 109
6573.3 109
6573.7 109
6574.1 109
6574.4 109
6574.8 109
6575.1 109
6575.5 109
6575.9 109
6576.2 109
6576.6 109
6577 109
6577.3 109
6577.7 109
6578.1 109
6578.4 109
6578.8 109
6579.1 109
6579.5 109
6579.9 109
6580.2 109
6580.6 109
6580.8 109
6581 109
6581.1 109
6581.3 109
6581.5 109
6581.5 109
6581.9 109
6582.2 109
6582.6 109
6583 109
6583.3 109
6583.7 109
6584 109
6584.4 109
6584.8 109
6585.1 109
6585.5 109
6585.9 109
6586.2 109
6586.6 109
6586.9 108
6587.3 108
6587.7 108
6588 108
6588.4 108
6588.8 109
6589.1 109
6589.5 109
6589.9 109
6590.2 109
6590.6 109
6590.8 109
6590.9 109
6591.1 109
6591.3 109
6591.5 109
6591.5 109
6591.9 109
6592.2 109
6592.6 109
6592.9 109
6593.3 109
6593.7 109
6594 109
6594.4 109
6594.8 109
6595.1 109
6595.5 108
6595.8 108
6596.2 108
6596.6 108
6596.9 108
6597.3 108
6597.7 108
6598 108
6598.4 108
6598.8 108
6599.1 108
6599.5 108
6599.8 108
6600.2 109
6600.6 109
6600.7 109
6600.9 109
6601.1 109
6601.3 109
6601.5 109
6601.5 109
6601.8 109
6602.2 109
6602.6 109
6602.9 109
6603.3 109
6603.7 109
6604 109
6604.4 109
6604.7 108
6605.1 108
6605.5 108
6605.8 108
6606.2 108
6606.6 108
6606.9 108
6607.3 108
6607.6 108
6608 108
6608.4 108
6608.7 108
6609.1 108
6609.5 108
6609.8 108
6610.2 108
6610.6 108
6610.7 108
6610.9 108
6611.1 108
6611.3 108
6611.5 108
6611.5 108
6611.8 109
6612.2 109
6612.6 109
6612.9 109
6613.3 108
6613.6 108
6614 108
6614.4 108
6614.7 108
6615.1 108
6615.5 108
6615.8 108
6616.2 108
6616.5 108
6616.9 108
6617.3 108
6617.6 108
6618 108
6618.4 108
6618.7 108
6619.1 108
6619.4 108
6619.8 108
6620.2 108
6620.5 108
6620.7 108
6620.9 108
6621.1 108
6621.3 108
6621.4 108
6621.5 108
6621.8 108
6622.2 108
6622.5 108
6622.9 108
6623.3 108
6623.6 108
6624 108
6624.4 108
6624.7 108
6625.1 108
6625.4 108
6625.8 108
6626.2 108
6626.5 108
6626.9 108
6627.3 108
6627.6 108
6628 108
6628.3 108
6628.7 108
6629.1 108
6629.4 108
6629.8 108
6630.2 108
6630.5 108
6630.7 108
6630.9 108
6631.1 108
6631.3 108
6631.4 108
6631.4 108
6631.8 108
6632.2 108
6632.5 108
6632.9 108
6633.3 108
6633.6 108
6634 108
6634.3 108
6634.7 108
6635.1 108
6635.4 108
6635.8 108
6636.2 108
6636.5 108
6636.9 108
6637.2 108
6637.6 108
6638 108
6638.3 108
6638.7 108
6639.1 108
6639.4 108
6639.8 108
6640.1 108
6640.5 108
6640.7 108
6640.9 108
6641.1 108
6641.2 108
6641.4 108
6641.4 108
6641.8 108
6642.2 108
6642.5 108
6642.9 108
6643.2 108
6643.6 108
6644 108
6644.3 108
6644.7 108
6645.1 108
6645.4 108
6645.8 108
6646.1 108
6646.5 108
6646.9 108
6647.2 108
6647.6 108
6648 108
6648.3 108
6648.7 108
6649 108
6649.4 108
6649.8 108
6650.1 108
6650.5 108
6650.7 108
6650.9 108
6651 108
6651.2 108
6651.4 108
6651.4 108
6651.8 108
6652.1 108
6652.5 108
6652.9 108
6653.2 108
6653.6 108
6654 108
6654.3 108
6654.7 108
6655 108
6655.4 108
6655.8 108
6656.1 108
6656.5 108
6656.9 108
6657.2 108
6657.6 108
6657.9 108
6658.3 108
6658.7 108
6659 108
6659.4 108
6659.8 108
6660.1 108
6660.5 108
6660.7 108
6660.9 108
6661 108
6661.2 108
6661.4 108
6661.4 108
6661.8 108
6662.1 108
6662.5 108
6662.9 108
6663.2 108
6663.6 108
6663.9 108
6664.3 108
6664.7 108
6665 108
6665.4 108
6665.8 108
6666.1 108
6666.5 108
6666.8 108
6667.2 108
6667.6 108
6667.9 108
6668.3 108
6668.7 108
6669 108
6669.4 108
6669.7 108
6670.1 108
6670.5 108
6670.7 108
6670.8 108
6671 108
6671.2 108
6671.4 108
6671.4 108
6671.8 108
6672.1 108
6672.5 108
6672.8 108
6673.2 108
6673.6 108
6673.9 108
6674.3 108
6674.7 108
6675 108
6675.4 108
6675.7 108
6676.1 108
6676.5 108
6676.8 108
6677.2 108
6677.6 108
6677.9 108
6678.3 108
6678.6 108
6679 108
6679.4 108
6679.7 108
6680.1 108
6680.5 108
6680.6 108
6680.8 108
6681 108
6681.2 108
6681.4 108
6681.4 108
6681.7 108
6682.1 108
6682.5 108
6682.8 108
6683.2 108
6683.6 108
6683.9 108
6684.3 108
6684.6 108
6685 108
6685.4 108
6685.7 108
6686.1 108
6686.5 108
6686.8 108
6687.2 108
6687.5 108
6687.9 108
6688.3 108
6688.6 108
6689 108
6689.4 108
6689.7 108
6690.1 108
6690.4 108
6690.6 108
6690.8 108
6691 108
6691.2 108
6691.4 108
6691.4 108
6691.7 108
6692.1 108
6692.5 108
6692.8 108
6693.2 108
6693.5 108
6693.9 108
6694.3 108
6694.6 108
6695 108
6695.4 108
6695.7 108
6696.1 108
6696.4 108
6696.8 108
6697.2 108
6697.5 108
6697.9 108
6698.3 108
6698.6 108
6699 108
6699.3 108
6699.7 108
6700.1 108
6700.4 108
6700.6 108
6700.8 108
6701 108
6701.2 108
6701.3 108
6701.4 108
6701.7 108
6702.1 108
6702.4 108
6702.8 108
6703.2 108
6703.5 108
6703.9 108
6704.3 108
6704.6 108
6705 108
6705.3 108
6705.7 108
6706.1 108
6706.4 108
6706.8 108
6707.2 108
6707.5 108
6707.9 108
6708.2 108
6708.6 108
6709 108
6709.3 108
6709.7 108
6710.1 108
6710.4 108
6710.6 108
6710.8 108
6711 108
6711.1 108
6711.3 108
6711.3 108
6711.7 108
6712.1 108
6712.4 108
6712.8 108
6713.2 108
6713.5 108
6713.9 108
6714.2 108
6714.6 108
6715 108
6715.3 108
6715.7 108
6716.1 108
6716.4 108
6716.8 108
6717.1 108
6717.5 108
6717.9 108
6718.2 108
6718.6 108
6719 108
6719.3 108
6719.7 108
6720 108
6720.4 108
6720.6 108
6720.8 108
6721 108
6721.1 108
6721.3 108
6721.3 108
6721.7 108
6722.1 108
6722.4 108
6722.8 108
6723.1 108
6723.5 108
6723.9 108
6724.2 108
6724.6 108
6725 108
6725.3 108
6725.7 108
6726 108
6726.4 108
6726.8 108
6727.1 108
6727.5 108
6727.9 108
6728.2 108
6728.6 108
6728.9 108
6729.3 108
6729.7 108
6730 108
6730.4 108
6730.6 108
6730.8 108
6730.9 108
6731.1 108
6731.3 108
6731.3 108
6731.7 108
6732 108
6732.4 108
6732.8 108
6733.1 108
6733.5 108
6733.9 108
6734.2 108
6734.6 108
6734.9 108
6735.3 108
6735.7 108
6736 108
6736.4 108
6736.8 108
6737.1 108
6737.5 108
6737.8 108
6738.2 108
6738.6 108
6738.9 108
6739.3 108
6739.7 108
6740 108
6740.4 108
6740.6 108
6740.7 108
6740.9 108
6741.1 108
6741.3 108
6741.3 108
6741.7 108
6742 108
6742.4 108
6742.8 108
6743.1 108
6743.5 108
6743.8 108
6744.2 108
6744.6 108
6744.9 108
6745.3 108
6745.7 108
6746 108
6746.4 107
6746.7 107
6747.1 107
6747.5 107
6747.8 107
6748.2 107
6748.6 107
6748.9 107
6749.3 108
6749.6 108
6750 108
6750.4 108
6750.6 108
6750.7 108
6750.9 108
6751.1 108
6751.3 108
6751.3 108
6751.7 108
6752 108
6752.4 108
6752.7 108
6753.1 108
6753.5 108
6753.8 108
6754.2 108
6754.6 108
6754.9 108
6755.3 108
6755.6 107
6756 107
6756.4 107
6756.7 107
6757.1 107
6757.5 107
6757.8 107
6758.2 107
6758.5 107
6758.9 107
6759.3 107
6759.6 107
6760 107
6760.4 107
6760.5 108
6760.7 108
6760.9 108
6761.1 108
6761.3 108
6761.3 108
6761.6 108
6762 108
6762.4 108
6762.7 108
6763.1 108
6763.5 108
6763.8 108
6764.2 108
6764.5 107
6764.9 107
6765.3 107
6765.6 107
6766 107
6766.4 107
6766.7 107
6767.1 107
6767.4 107
6767.8 107
6768.2 107
6768.5 107
6768.9 107
6769.3 107
6769.6 107
6770 107
6770.3 107
6770.5 107
6770.7 107
6770.9 107
6771.1 107
6771.3 107
6771.3 107
6771.6 107
6772 107
6772.4 108
6772.7 108
6773.1 107
6773.4 107
6773.8 107
6774.2 107
6774.5 107
6774.9 107
6775.3 107
6775.6 107
6776 107
6776.3 107
6776.7 107
6777.1 107
6777.4 107
6777.8 107
6778.2 107
6778.5 107
6778.9 107
6779.2 107
6779.6 107
6780 107
6780.3 107
6780.5 107
6780.7 107
6780.9 107
6781.1 107
6781.2 107
6781.3 107
6781.6 107
6782 107
6782.3 107
6782.7 107
6783.1 107
6783.4 107
6783.8 107
6784.2 107
6784.5 107
6784.9 107
6785.2 107
6785.6 107
6786 107
6786.3 107
6786.7 107
6787.1 107
6787.4 107
6787.8 107
6788.1 107
6788.5 107
6788.9 107
6789.2 107
6789.6 107
6790 107
6790.3 107
6790.5 107
6790.7 107
6790.9 107
6791 107
6791.2 107
6791.2 107
6791.6 107
6792 107
6792.3 107
6792.7 107
6793.1 107
6793.4 107
6793.8 107
6794.1 107
6794.5 107
6794.9 107
6795.2 107
6795.6 107
6796 107
6796.3 107
6796.7 107
6797 107
6797.4 107
6797.8 107
6798.1 107
6798.5 107
6798.9 107
6799.2 107
6799.6 107
6799.9 107
6800.3 107
6800.5 107
6800.7 107
6800.9 107
6801 107
6801.2 107
6801.2 107
6801.6 107
6802 107
6802.3 107
6802.7 107
6803 107
6803.4 107
6803.8 107
6804.1 107
6804.5 107
6804.9 107
6805.2 107
6805.6 107
6805.9 107
6806.3 107
6806.7 107
6807 107
6807.4 107
6807.8 107
6808.1 107
6808.5 107
6808.8 107
6809.2 107
6809.6 107
6809.9 107
6810.3 107
6810.5 107
6810.7 107
6810.8 107
6811 107
6811.2 107
6811.2 107
6811.6 107
6811.9 107
6812.3 107
6812.7 107
6813 107
6813.4 107
6813.8 107
6814.1 107
6814.5 107
6814.8 107
6815.2 107
6815.6 107
6815.9 107
6816.3 107
6816.7 107
6817 107
6817.4 107
6817.7 107
6818.1 107
6818.5 107
6818.8 107
6819.2 107
6819.6 107
6819.9 107
6820.3 107
6820.5 107
6820.6 107
6820.8 107
6821 107
6821.2 107
6821.2 107
6821.6 107
6821.9 107
6822.3 107
6822.7 107
6823 107
6823.4 107
6823.7 107
6824.1 107
6824.5 107
6824.8 107
6825.2 107
6825.6 107
6825.9 107
6826.3 107
6826.6 107
6827 107
6827.4 107
6827.7 107
6828.1 107
6828.5 107
6828.8 107
6829.2 107
6829.5 107
6829.9 107
6830.3 107
6830.4 107
6830.6 107
6830.8 107
6831 107
6831.2 107
6831.2 107
6831.5 107
6831.9 107
6832.3 107
6832.6 107
6833 107
6833.4 107
6833.7 107
6834.1 107
6834.5 107
6834.8 107
6835.2 107
6835.5 107
6835.9 107
6836.3 107
6836.6 107
6837 107
6837.4 107
6837.7 107
6838.1 107
6838.4 107
6838.8 107
6839.2 107
6839.5 107
6839.9 107
6840.3 107
6840.4 107
6840.6 107
6840.8 107
6841 107
6841.2 107
6841.2 107
6841.5 107
6841.9 107
6842.3 107
6842.6 107
6843 107
6843.3 107
6843.7 107
6844.1 107
6844.4 107
6844.8 107
6845.2 107
6845.5 107
6845.9 107
6846.3 107
6846.6 107
6847 107
6847.3 107
6847.7 107
6848.1 107
6848.4 107
6848.8 107
6849.2 107
6849.5 107
6849.9 107
6850.2 107
6850.4 107
6850.6 107
6850.8 107
6851 107
6851.2 107
6851.2 107
6851.5 107
6851.9 107
6852.2 107
6852.6 107
6853 107
6853.3 107
6853.7 107
6854.1 107
6854.4 107
6854.8 107
6855.2 107
6855.5 107
6855.9 107
6856.2 107
6856.6 107
6857 107
6857.3 107
6857.7 107
6858.1 107
6858.4 107
6858.8 107
6859.1 107
6859.5 107
6859.9 107
6860.2 107
6860.4 107
6860.6 107
6860.8 107
6861 107
6861.1 107
6861.1 107
6861.5 107
6861.9 107
6862.2 107
6862.6 107
6863 107
6863.3 107
6863.7 107
6864 107
6864.4 107
6864.8 107
6865.1 107
6865.5 107
6865.9 107
6866.2 107
6866.6 107
6867 107
6867.3 107
6867.7 107
6868 107
6868.4 107
6868.8 107
6869.1 107
6869.5 107
6869.9 107
6870.2 107
6870.4 107
6870.6 107
6870.8 107
6870.9 107
6871.1 107
6871.1 107
6871.5 107
6871.9 107
6872.2 107
6872.6 107
6872.9 107
6873.3 107
6873.7 107
6874 107
6874.4 107
6874.8 107
6875.1 107
6875.5 107
6875.9 107
6876.2 107
6876.6 107
6876.9 107
6877.3 107
6877.7 107
6878 107
6878.4 107
6878.8 107
6879.1 107
6879.5 107
6879.8 107
6880.2 107
6880.4 107
6880.6 107
6880.7 107
6880.9 107
6881.1 107
6881.1 107
6881.5 107
6881.8 107
6882.2 107
6882.6 107
6882.9 107
6883.3 107
6883.7 107
6884 107
6884.4 107
6884.7 107
6885.1 107
6885.5 107
6885.8 107
6886.2 107
6886.6 107
6886.9 107
6887.3 107
6887.7 107
6888 107
6888.4 107
6888.7 107
6889.1 107
6889.5 107
6889.8 107
6890.2 107
6890.4 107
6890.6 107
6890.7 107
6890.9 107
6891.1 107
6891.1 107
6891.5 107
6891.8 107
6892.2 107
6892.6 107
6892.9 107
6893.3 107
6893.6 107
6894 107
6894.4 107
6894.7 107
6895.1 107
6895.5 107
6895.8 107
6896.2 107
6896.5 107
6896.9 107
6897.3 107
6897.6 107
6898 107
6898.4 107
6898.7 107
6899.1 107
6899.5 107
6899.8 107
6900.2 107
6900.4 107
6900.5 107
6900.7 107
6900.9 107
6901.1 107
6901.1 107
6901.5 107
6901.8 107
6902.2 107
6902.5 107
6902.9 107
6903.3 107
6903.6 107
6904 107
6904.4 107
6904.7 107
6905.1 107
6905.4 107
6905.8 107
6906.2 107
6906.5 107
6906.9 107
6907.3 107
6907.6 107
6908 107
6908.4 107
6908.7 107
6909.1 107
6909.4 107
6909.8 107
6910.2 107
6910.3 107
6910.5 107
6910.7 107
6910.9 107
6911.1 107
6911.1 107
6911.4 107
6911.8 107
6912.2 107
6912.5 107
6912.9 107
6913.3 107
6913.6 107
6914 107
6914.3 107
6914.7 107
6915.1 107
6915.4 107
6915.8 107
6916.2 107
6916.5 107
6916.9 107
6917.2 107
6917.6 107
6918 107
6918.3 107
6918.7 107
6919.1 107
6919.4 107
6919.8 107
6920.2 107
6920.3 107
6920.5 107
6920.7 107
6920.9 107
6921.1 107
6921.1 107
6921.4 107
6921.8 107
6922.2 107
6922.5 107
6922.9 107
6923.2 107
6923.6 107
6924 107
6924.3 107
6924.7 107
6925.1 107
6925.4 107
6925.8 107
6926.1 107
6926.5 107
6926.9 106
6927.2 106
6927.6 106
6928 106
6928.3 106
6928.7 106
6929.1 107
6929.4 107
6929.8 107
6930.1 107
6930.3 107
6930.5 107
6930.7 107
6930.9 107
6931 107
6931.1 107
6931.4 107
6931.8 107
6932.1 107
6932.5 107
6932.9 107
6933.2 107
6933.6 107
6934 107
6934.3 107
6934.7 107
6935 107
6935.4 107
6935.8 106
6936.1 106
6936.5 106
6936.9 106
6937.2 106
6937.6 106
6937.9 106
6938.3 106
6938.7 106
6939 106
6939.4 106
6939.8 106
6940.1 106
6940.3 106
6940.5 106
6940.7 107
6940.9 107
6941 107
6941 107
6941.4 107
6941.8 107
6942.1 107
6942.5 107
6942.9 107
6943.2 107
6943.6 107
6943.9 107
6944.3 107
6944.7 106
6945 106
6945.4 106
6945.8 106
6946.1 106
6946.5 106
6946.8 106
6947.2 106
6947.6 106
6947.9 106
6948.3 106
6948.7 106
6949 106
6949.4 106
6949.7 106
6950.1 106
6950.3 106
6950.5 106
6950.7 106
6950.8 106
6951 106
6951 106
6951.4 106
6951.8 106
6952.1 106
6952.5 106
6952.8 106
6953.2 106
6953.6 106
6953.9 106
6954.3 106
6954.7 106
6955 106
6955.4 106
6955.7 106
6956.1 106
6956.5 106
6956.8 106
6957.2 106
6957.6 106
6957.9 106
6958.3 106
6958.6 106
6959 106
6959.4 106
6959.7 106
6960.1 106
6960.3 106
6960.5 106
6960.6 106
6960.8 106
6961 106
6961 106
6961.4 106
6961.7 106
6962.1 106
6962.5 106
6962.8 106
6963.2 106
6963.6 106
6963.9 106
6964.3 106
6964.6 106
6965 106
6965.4 106
6965.7 106
6966.1 106
6966.5 106
6966.8 106
6967.2 106
6967.5 106
6967.9 106
6968.3 106
6968.6 106
6969 106
6969.4 106
6969.7 106
6970.1 106
6970.3 106
6970.5 106
6970.6 106
6970.8 106
6971 106
6971 106
6971.4 106
6971.7 106
6972.1 106
6972.5 106
6972.8 106
6973.2 106
6973.5 106
6973.9 106
6974.3 106
6974.6 106
6975 106
6975.4 106
6975.7 106
6976.1 106
6976.4 106
6976.8 106
6977.2 106
6977.5 106
6977.9 106
6978.3 106
6978.6 106
6979 106
6979.3 106
6979.7 106
6980.1 106
6980.3 106
6980.4 106
6980.6 106
6980.8 106
6981 106
6981 106
6981.4 106
6981.7 106
6982.1 106
6982.4 106
6982.8 106
6983.2 106
6983.5 106
6983.9 106
6984.3 106
6984.6 106
6985 106
6985.3 106
6985.7 106
6986.1 106
6986.4 106
6986.8 106
6987.2 106
6987.5 106
6987.9 106
6988.2 106
6988.6 106
6989 106
6989.3 106
6989.7 106
6990.1 106
6990.2 106
6990.4 106
6990.6 106
6990.8 106
6991 106
6991 106
6991.3 106
6991.7 106
6992.1 106
6992.4 106
6992.8 106
6993.2 106
6993.5 106
6993.9 106
6994.2 106
6994.6 106
6995 106
6995.3 106
6995.7 106
6996.1 106
6996.4 106
6996.8 106
6997.1 106
6997.5 106
6997.9 106
6998.2 106
6998.6 106
6999 106
6999.3 106
6999.7 106
7000 106
7000.2 106
7000.4 106
7000.6 106
7000.8 106
7001 106
7001 106
7001.3 106
7001.7 106
7002.1 106
7002.4 106
7002.8 106
7003.1 106
7003.5 106
7003.9 106
7004.2 106
7004.6 106
7005 106
7005.3 106
7005.7 106
7006 106
7006.4 106
7006.8 106
7007.1 106
7007.5 106
7007.9 106
7008.2 106
7008.6 106
7008.9 106
7009.3 106
7009.7 106
7010 106
7010.2 106
7010.4 106
7010.6 106
7010.8 106
7010.9 106
7011 106
7011.3 106
7011.7 106
7012 106
7012.4 106
7012.8 106
7013.1 106
7013.5 106
7013.9 106
7014.2 106
7014.6 106
7014.9 106
7015.3 106
7015.7 106
7016 106
7016.4 106
7016.8 106
7017.1 106
7017.5 106
7017.8 106
7018.2 106
7018.6 106
7018.9 106
7019.3 106
7019.7 106
7020 106
7020.2 106
7020.4 106
7020.6 106
7020.7 106
7020.9 106
7020.9 106
7021.3 106
7021.7 106
7022 106
7022.4 106
7022.8 106
7023.1 106
7023.5 106
7023.8 106
7024.2 106
7024.6 106
7024.9 106
7025.3 106
7025.7 106
7026 106
7026.4 106
7026.7 106
7027.1 106
7027.5 106
7027.8 106
7028.2 106
7028.6 106
7028.9 106
7029.3 106
7029.6 106
7030 106
7030.2 106
7030.4 106
7030.6 106
7030.7 106
7030.9 106
7030.9 106
7031.3 106
7031.7 106
7032 106
7032.4 106
7032.7 106
7033.1 106
7033.5 106
7033.8 106
7034.2 106
7034.6 106
7034.9 106
7035.3 106
7035.6 106
7036 106
7036.4 106
7036.7 106
7037.1 106
7037.5 106
7037.8 106
7038.2 106
7038.5 106
7038.9 106
7039.3 106
7039.6 106
7040 106
7040.2 106
7040.4 106
7040.5 106
7040.7 106
7040.9 106
7040.9 106
7041.3 106
7041.6 106
7042 106
7042.4 106
7042.7 106
7043.1 106
7043.5 106
7043.8 106
7044.2 106
7044.5 106
7044.9 106
7045.3 106
7045.6 106
7046 106
7046.4 106
7046.7 106
7047.1 106
7047.4 106
7047.8 106
7048.2 106
7048.5 106
7048.9 106
7049.3 106
7049.6 106
7050 106
7050.2 106
7050.3 106
7050.5 106
7050.7 106
7050.9 106
7050.9 106
7051.3 106
7051.6 106
7052 106
7052.4 106
7052.7 106
7053.1 106
7053.4 106
7053.8 106
7054.2 106
7054.5 106
7054.9 106
7055.3 106
7055.6 106
7056 106
7056.3 106
7056.7 106
7057.1 106
7057.4 106
7057.8 106
7058.2 106
7058.5 106
7058.9 106
7059.2 106
7059.6 106
7060 106
7060.2 106
7060.3 106
7060.5 106
7060.7 106
7060.9 106
7060.9 106
7061.3 106
7061.6 106
7062 106
7062.3 106
7062.7 106
7063.1 106
7063.4 106
7063.8 106
7064.2 106
7064.5 106
7064.9 106
7065.2 106
7065.6 106
7066 106
7066.3 106
7066.7 106
7067.1 106
7067.4 106
7067.8 106
7068.1 106
7068.5 106
7068.9 106
7069.2 106
7069.6 106
7070 106
7070.1 106
7070.3 106
7070.5 106
7070.7 106
7070.9 106
7070.9 106
7071.2 106
7071.6 106
7072 106
7072.3 106
7072.7 106
7073.1 106
7073.4 106
7073.8 106
7074.1 106
7074.5 106
7074.9 106
7075.2 106
7075.6 106
7076 106
7076.3 106
7076.7 106
7077 106
7077.4 106
7077.8 106
7078.1 106
7078.5 106
7078.9 106
7079.2 106
7079.6 106
7079.9 106
7080.1 106
7080.3 106
7080.5 106
7080.7 106
7080.9 106
7080.9 106
7081.2 106
7081.6 106
7082 106
7082.3 106
7082.7 106
7083 106
7083.4 106
7083.8 106
7084.1 106
7084.5 106
7084.9 106
7085.2 106
7085.6 106
7085.9 106
7086.3 106
7086.7 106
7087 106
7087.4 106
7087.8 106
7088.1 106
7088.5 106
7088.8 106
7089.2 106
7089.6 106
7089.9 106
7090.1 106
7090.3 106
7090.5 106
7090.7 106
7090.8 106
7090.9 106
7091.2 106
7091.6 106
7091.9 106
7092.3 106
7092.7 106
7093 106
7093.4 106
7093.8 106
7094.1 106
7094.5 106
7094.8 106
7095.2 106
7095.6 106
7095.9 106
7096.3 106
7096.7 106
7097 106
7097.4 106
7097.7 106
7098.1 106
7098.5 106
7098.8 106
7099.2 106
7099.6 106
7099.9 106
7100.1 106
7100.3 106
7100.5 106
7100.6 106
7100.8 106
7100.8 106
7101.2 106
7101.6 106
7101.9 106
7102.3 106
7102.7 106
7103 106
7103.4 106
7103.7 106
7104.1 106
7104.5 106
7104.8 106
7105.2 106
7105.6 106
7105.9 106
7106.3 106
7106.6 106
7107 106
7107.4 106
7107.7 106
7108.1 106
7108.5 106
7108.8 106
7109.2 106
7109.5 106
7109.9 106
7110.1 106
7110.3 106
7110.5 106
7110.6 106
7110.8 106
7110.8 106
7111.2 106
7111.6 106
7111.9 106
7112.3 106
7112.6 106
7113 106
7113.4 106
7113.7 106
7114.1 106
7114.5 106
7114.8 106
7115.2 106
7115.5 106
7115.9 106
7116.3 106
7116.6 106
7117 106
7117.4 106
7117.7 106
7118.1 106
7118.4 106
7118.8 106
7119.2 106
7119.5 106
7119.9 106
7120.1 106
7120.3 106
7120.4 106
7120.6 106
7120.8 106
7120.8 106
7121.2 106
7121.5 106
7121.9 106
7122.3 106
7122.6 106
7123 106
7123.4 106
7123.7 106
7124.1 106
7124.4 106
7124.8 106
7125.2 106
7125.5 106
7125.9 106
7126.3 106
7126.6 106
7127 106
7127.3 106
7127.7 106
7128.1 106
7128.4 106
7128.8 106
7129.2 106
7129.5 106
7129.9 106
7130.1 106
7130.2 106
7130.4 106
7130.6 106
7130.8 106
7130.8 106
7131.2 106
7131.5 106
7131.9 106
7132.3 106
7132.6 106
7133 106
7133.3 106
7133.7 106
7134.1 106
7134.4 106
7134.8 106
7135.2 106
7135.5 106
7135.9 106
7136.2 106
7136.6 106
7137 106
7137.3 106
7137.7 106
7138.1 106
7138.4 106
7138.8 106
7139.1 106
7139.5 106
7139.9 106
7140 106
7140.2 106
7140.4 106
7140.6 106
7140.8 106
7140.8 106
7141.1 106
7141.5 106
7141.9 106
7142.2 106
7142.6 106
7143 106
7143.3 106
7143.7 106
7144.1 106
7144.4 106
7144.8 106
7145.1 106
7145.5 106
7145.9 106
7146.2 105
7146.6 105
7147 105
7147.3 105
7147.7 105
7148 105
7148.4 105
7148.8 105
7149.1 105
7149.5 105
7149.9 105
7150 105
7150.2 105
7150.4 106
7150.6 106
7150.8 106
7150.8 106
7151.1 106
7151.5 106
7151.9 106
7152.2 106
7152.6 106
7152.9 106
7153.3 106
7153.7 106
7154 106
7154.4 106
7154.8 105
7155.1 105
7155.5 105
7155.9 105
7156.2 105
7156.6 105
7156.9 105
7157.3 105
7157.7 105
7158 105
7158.4 105
7158.8 105
7159.1 105
7159.5 105
7159.8 105
7160 105
7160.2 105
7160.4 105
7160.6 105
7160.8 105
7160.8 105
7161.1 105
7161.5 105
7161.8 105
7162.2 105
7162.6 105
7162.9 105
7163.3 105
7163.7 105
7164 105
7164.4 105
7164.8 105
7165.1 105
7165.5 105
7165.8 105
7166.2 105
7166.6 105
7166.9 105
7167.3 105
7167.7 105
7168 105
7168.4 105
7168.7 105
7169.1 105
7169.5 105
7169.8 105
7170 105
7170.2 105
7170.4 105
7170.6 105
7170.7 105
7170.7 105
7171.1 105
7171.5 105
7171.8 105
7172.2 105
7172.6 105
7172.9 105
7173.3 105
7173.6 105
7174 105
7174.4 105
7174.7 105
7175.1 105
7175.5 105
7175.8 105
7176.2 105
7176.6 105
7176.9 105
7177.3 105
7177.6 105
7178 105
7178.4 105
7178.7 105
7179.1 105
7179.5 105
7179.8 105
7180 105
7180.2 105
7180.4 105
7180.5 105
7180.7 105
7180.7 105
7181.1 105
7181.5 105
7181.8 105
7182.2 105
7182.5 105
7182.9 105
7183.3 105
7183.6 105
7184 105
7184.4 105
7184.7 105
7185.1 105
7185.5 105
7185.8 105
7186.2 105
7186.5 105
7186.9 105
7187.3 105
7187.6 105
7188 105
7188.4 105
7188.7 105
7189.1 105
7189.4 105
7189.8 105
7190 105
7190.2 105
7190.3 105
7190.5 105
7190.7 105
7190.7 105
7191.1 105
7191.4 105
7191.8 105
7192.2 105
7192.5 105
7192.9 105
7193.3 105
7193.6 105
7194 105
7194.3 105
7194.7 105
7195.1 105
7195.4 105
7195.8 105
7196.2 105
7196.5 105
7196.9 105
7197.3 105
7197.6 105
7198 105
7198.3 105
7198.7 105
7199.1 105
7199.4 105
7199.8 105
7200 105
7200.2 105
7200.3 105
7200.5 105
7200.7 105
7200.7 105
7201.1 105
7201.4 105
7201.8 105
7202.2 105
7202.5 105
7202.9 105
7203.2 105
7203.6 105
7204 105
7204.3 105
7204.7 105
7205.1 105
7205.4 105
7205.8 105
7206.1 105
7206.5 105
7206.9 105
7207.2 105
7207.6 105
7208 105
7208.3 105
7208.7 105
7209.1 105
7209.4 105
7209.8 105
7210 105
7210.1 105
7210.3 105
7210.5 105
7210.7 105
7210.7 105
7211.1 105
7211.4 105
7211.8 105
7212.1 105
7212.5 105
7212.9 105
7213.2 105
7213.6 105
7214 105
7214.3 105
7214.7 105
7215 105
7215.4 105
7215.8 105
7216.1 105
7216.5 105
7216.9 105
7217.2 105
7217.6 105
7218 105
7218.3 105
7218.7 105
7219 105
7219.4 105
7219.8 105
7219.9 105
7220.1 105
7220.3 105
7220.5 105
7220.7 105
7220.7 105
7221 105
7221.4 105
7221.8 105
7222.1 105
7222.5 105
7222.9 105
7223.2 105
7223.6 105
7223.9 105
7224.3 105
7224.7 105
7225 105
7225.4 105
7225.8 105
7226.1 105
7226.5 105
7226.8 105
7227.2 105
7227.6 105
7227.9 105
7228.3 105
7228.7 105
7229 105
7229.4 105
7229.8 105
7229.9 105
7230.1 105
7230.3 105
7230.5 105
7230.7 105
7230.7 105
7231 105
7231.4 105
7231.8 105
7232.1 105
7232.5 105
7232.8 105
7233.2 105
7233.6 105
7233.9 105
7234.3 105
7234.7 105
7235 105
7235.4 105
7235.7 105
7236.1 105
7236.5 105
7236.8 105
7237.2 105
7237.6 105
7237.9 105
7238.3 105
7238.7 105
7239 105
7239.4 105
7239.7 105
7239.9 105
7240.1 105
7240.3 105
7240.5 105
7240.6 105
7240.7 105
7241 105
7241.4 105
7241.7 105
7242.1 105
7242.5 105
7242.8 105
7243.2 105
7243.6 105
7243.9 105
7244.3 105
7244.6 105
7245 105
7245.4 105
7245.7 105
7246.1 105
7246.5 105
7246.8 105
7247.2 105
7247.5 105
7247.9 105
7248.3 105
7248.6 105
7249 105
7249.4 105
7249.7 105
7249.9 105
7250.1 105
7250.3 105
7250.5 105
7250.6 105
7250.6 105
7251 105
7251.4 105
7251.7 105
7252.1 105
7252.5 105
7252.8 105
7253.2 105
7253.5 105
7253.9 105
7254.3 105
7254.6 105
7255 105
7255.4 105
7255.7 105
7256.1 105
7256.4 105
7256.8 105
7257.2 105
7257.5 105
7257.9 105
7258.3 105
7258.6 105
7259 105
7259.3 105
7259.7 105
7259.9 105
7260.1 105
7260.3 105
7260.4 105
7260.6 105
7260.6 105
7261 105
7261.4 105
7261.7 105
7262.1 105
7262.4 105
7262.8 105
7263.2 105
7263.5 105
7263.9 105
7264.3 105
7264.6 105
7265 105
7265.3 105
7265.7 105
7266.1 105
7266.4 105
7266.8 105
7267.2 105
7267.5 105
7267.9 105
7268.2 105
7268.6 105
7269 105
7269.3 105
7269.7 105
7269.9 105
7270.1 105
7270.2 105
7270.4 105
7270.6 105
7270.6 105
7271 105
7271.3 105
7271.7 105
7272.1 105
7272.4 105
7272.8 105
7273.2 105
7273.5 105
7273.9 105
7274.2 105
7274.6 105
7275 105
7275.3 105
7275.7 105
7276.1 105
7276.4 105
7276.8 105
7277.1 105
7277.5 105
7277.9 105
7278.2 105
7278.6 105
7279 105
7279.3 105
7279.7 105
7279.9 105
7280.1 105
7280.2 105
7280.4 105
7280.6 105
7280.6 105
7281 105
7281.3 105
7281.7 105
7282.1 105
7282.4 105
7282.8 105
7283.1 105
7283.5 105
7283.9 105
7284.2 105
7284.6 105
7285 105
7285.3 105
7285.7 105
7286 105
7286.4 105
7286.8 105
7287.1 105
7287.5 105
7287.9 105
7288.2 105
7288.6 105
7288.9 105
7289.3 105
7289.7 105
7289.9 105
7290 105
7290.2 105
7290.4 105
7290.6 105
7290.6 105
7291 105
7291.3 105
7291.7 105
7292 105
7292.4 105
7292.8 105
7293.1 105
7293.5 105
7293.9 105
7294.2 105
7294.6 105
7294.9 105
7295.3 105
7295.7 105
7296 105
7296.4 105
7296.8 105
7297.1 105
7297.5 105
7297.8 105
7298.2 105
7298.6 105
7298.9 105
7299.3 105
7299.7 105
7299.8 105
7300 105
7300.2 105
7300.4 105
7300.6 105
7300.6 105
7300.9 105
7301.3 105
7301.7 105
7302 105
7302.4 105
7302.8 105
7303.1 105
7303.5 105
7303.8 105
7304.2 105
7304.6 105
7304.9 105
7305.3 105
7305.7 105
7306 105
7306.4 105
7306.7 105
7307.1 105
7307.5 105
7307.8 104
7308.2 104
7308.6 104
7308.9 105
7309.3 105
7309.6 105
7309.8 105
7310 105
7310.2 105
7310.4 105
7310.6 105
7310.6 105
7310.9 105
7311.3 105
7311.7 105
7312 105
7312.4 105
7312.7 105
7313.1 105
7313.5 105
7313.8 105
7314.2 105
7314.6 105
7314.9 105
7315.3 105
7315.6 104
7316 104
7316.4 104
7316.7 104
7317.1 104
7317.5 104
7317.8 104
7318.2 104
7318.5 104
7318.9 104
7319.3 104
7319.6 104
7319.8 104
7320 104
7320.2 104
7320.4 104
7320.5 104
7320.6 104
7320.9 104
7321.3 104
7321.6 104
7322 104
7322.4 105
7322.7 105
7323.1 105
7323.5 104
7323.8 104
7324.2 104
7324.5 104
7324.9 104
7325.3 104
7325.6 104
7326 104
7326.4 104
7326.7 104
7327.1 104
7327.4 104
7327.8 104
7328.2 104
7328.5 104
7328.9 104
7329.3 104
7329.6 104
7329.8 104
7330 104
7330.2 104
7330.3 104
7330.5 104
7330.5 104
7330.9 104
7331.3 104
7331.6 104
7332 104
7332.4 104
7332.7 104
7333.1 104
7333.4 104
7333.8 104
7334.2 104
7334.5 104
7334.9 104
7335.3 104
7335.6 104
7336 104
7336.3 104
7336.7 104
7337.1 104
7337.4 104
7337.8 104
7338.2 104
7338.5 104
7338.9 104
7339.2 104
7339.6 104
7339.8 104
7340 104
7340.2 104
7340.3 104
7340.5 104
7340.5 104
7340.9 104
7341.3 104
7341.6 104
7342 104
7342.3 104
7342.7 104
7343.1 104
7343.4 104
7343.8 104
7344.2 104
7344.5 104
7344.9 104
7345.2 104
7345.6 104
7346 104
7346.3 104
7346.7 104
7347.1 104
7347.4 104
7347.8 104
7348.1 104
7348.5 104
7348.9 104
7349.2 104
7349.6 104
7349.8 104
7350 104
7350.1 104
7350.3 104
7350.5 104
7350.5 104
7350.9 104
7351.2 104
7351.6 104
7352 104
7352.3 104
7352.7 104
7353.1 104
7353.4 104
7353.8 104
7354.1 104
7354.5 104
7354.9 104
7355.2 104
7355.6 104
7356 104
7356.3 104
7356.7 104
7357 104
7357.4 104
7357.8 104
7358.1 104
7358.5 104
7358.9 104
7359.2 104
7359.6 104
7359.8 104
7359.9 104
7360.1 104
7360.3 104
7360.5 104
7360.5 104
7360.9 104
7361.2 104
7361.6 104
7362 104
7362.3 104
7362.7 104
7363 104
7363.4 104
7363.8 104
7364.1 104
7364.5 104
7364.9 104
7365.2 104
7365.6 104
7365.9 104
7366.3 104
7366.7 104
7367 104
7367.4 104
7367.8 104
7368.1 104
7368.5 104
7368.8 104
7369.2 104
7369.6 104
7369.8 104
7369.9 104
7370.1 104
7370.3 104
7370.5 104
7370.5 104
7370.9 104
7371.2 104
7371.6 104
7371.9 104
7372.3 104
7372.7 104
7373 104
7373.4 104
7373.8 104
7374.1 104
7374.5 104
7374.8 104
7375.2 104
7375.6 104
7375.9 104
7376.3 104
7376.7 104
7377 104
7377.4 104
7377.7 104
7378.1 104
7378.5 104
7378.8 104
7379.2 104
7379.6 104
7379.7 104
7379.9 104
7380.1 104
7380.3 104
7380.5 104
7380.5 104
7380.8 104
7381.2 104
7381.6 104
7381.9 104
7382.3 104
7382.7 104
7383 104
7383.4 104
7383.7 104
7384.1 104
7384.5 104
7384.8 104
7385.2 104
7385.6 104
7385.9 104
7386.3 104
7386.6 104
7387 104
7387.4 104
7387.7 104
7388.1 104
7388.5 104
7388.8 104
7389.2 104
7389.5 104
7389.7 104
7389.9 104
7390.1 104
7390.3 104
7390.5 104
7390.5 104
7390.8 104
7391.2 104
7391.6 104
7391.9 104
7392.3 104
7392.6 104
7393 104
7393.4 104
7393.7 104
7394.1 104
7394.5 104
7394.8 104
7395.2 104
7395.5 104
7395.9 104
7396.3 104
7396.6 104
7397 104
7397.4 104
7397.7 104
7398.1 104
7398.4 104
7398.8 104
7399.2 104
7399.5 104
7399.7 104
7399.9 104
7400.1 104
7400.3 104
7400.4 104
7400.5 104
7400.8 104
7401.2 104
7401.5 104
7401.9 104
7402.3 104
7402.6 104
7403 104
7403.4 104
7403.7 104
7404.1 104
7404.4 104
7404.8 104
7405.2 104
7405.5 104
7405.9 104
7406.3 104
7406.6 104
7407 104
7407.3 104
7407.7 104
7408.1 104
7408.4 104
7408.8 104
7409.2 104
7409.5 104
7409.7 104
7409.9 104
7410.1 104
7410.2 104
7410.4 104
7410.4 104
7410.8 104
7411.2 104
7411.5 104
7411.9 104
7412.3 104
7412.6 104
7413 104
7413.3 104
7413.7 104
7414.1 104
7414.4 104
7414.8 104
7415.2 104
7415.5 104
7415.9 104
7416.2 104
7416.6 104
7417 104
7417.3 104
7417.7 104
7418.1 104
7418.4 104
7418.8 104
7419.1 104
7419.5 104
7419.7 104
7419.9 104
7420.1 104
7420.2 104
7420.4 104
7420.4 104
7420.8 104
7421.2 104
7421.5 104
7421.9 104
7422.2 104
7422.6 104
7423 104
7423.3 104
7423.7 104
7424.1 104
7424.4 104
7424.8 104
7425.1 104
7425.5 104
7425.9 104
7426.2 104
7426.6 104
7427 104
7427.3 104
7427.7 104
7428 104
7428.4 104
7428.8 104
7429.1 104
7429.5 104
7429.7 104
7429.9 104
7430 104
7430.2 104
7430.4 104
7430.4 104
7430.8 104
7431.1 104
7431.5 104
7431.9 104
7432.2 104
7432.6 104
7433 104
7433.3 104
7433.7 104
7434 104
7434.4 104
7434.8 104
7435.1 104
7435.5 104
7435.9 104
7436.2 104
7436.6 104
7436.9 104
7437.3 104
7437.7 104
7438 104
7438.4 104
7438.8 104
7439.1 104
7439.5 104
7439.7 104
7439.8 104
7440 104
7440.2 104
7440.4 104
7440.4 104
7440.8 104
7441.1 104
7441.5 104
7441.9 104
7442.2 104
7442.6 104
7442.9 104
7443.3 104
7443.7 104
7444 104
7444.4 104
7444.8 104
7445.1 104
7445.5 104
7445.8 104
7446.2 104
7446.6 104
7446.9 104
7447.3 104
7447.7 104
7448 104
7448.4 104
7448.7 104
7449.1 104
7449.5 104
7449.6 104
7449.8 104
7450 104
7450.2 104
7450.4 104
7450.4 104
7450.7 104
7451.1 104
7451.5 104
7451.8 104
7452.2 104
7452.6 104
7452.9 104
7453.3 104
7453.7 104
7454 104
7454.4 104
7454.7 104
7455.1 104
7455.5 104
7455.8 104
7456.2 104
7456.6 104
7456.9 104
7457.3 104
7457.6 104
7458 104
7458.4 104
7458.7 104
7459.1 104
7459.5 104
7459.6 104
7459.8 104
7460 104
7460.2 104
7460.4 104
7460.4 104
7460.7 104
7461.1 104
7461.5 104
7461.8 104
7462.2 104
7462.5 104
7462.9 104
7463.3 104
7463.6 104
7464 104
7464.4 104
7464.7 104
7465.1 104
7465.5 104
7465.8 104
7466.2 104
7466.5 104
7466.9 104
7467.3 104
7467.6 104
7468 104
7468.4 104
7468.7 104
7469.1 104
7469.4 104
7469.6 104
7469.8 104
7470 104
7470.2 104
7470.4 104
7470.4 104
7470.7 104
7471.1 104
7471.4 104
7471.8 104
7472.2 104
7472.5 104
7472.9 104
7473.3 104
7473.6 104
7474 104
7474.4 104
7474.7 104
7475.1 104
7475.4 104
7475.8 104
7476.2 104
7476.5 104
7476.9 104
7477.3 104
7477.6 104
7478 104
7478.3 104
7478.7 104
7479.1 104
7479.4 104
7479.6 104
7479.8 104
7480 104
7480.2 104
7480.3 104
7480.3 104
7480.7 104
7481.1 104
7481.4 104
7481.8 104
7482.2 104
7482.5 104
7482.9 104
7483.2 104
7483.6 104
7484 104
7484.3 104
7484.7 104
7485.1 104
7485.4 104
7485.8 104
7486.2 104
7486.5 104
7486.9 104
7487.2 104
7487.6 104
7488 104
7488.3 104
7488.7 104
7489.1 104
7489.4 104
7489.6 104
7489.8 104
7490 104
7490.1 104
7490.3 104
7490.3 104
7490.7 104
7491.1 104
7491.4 104
7491.8 104
7492.1 104
7492.5 104
7492.9 104
7493.2 104
7493.6 104
7494 104
7494.3 104
7494.7 104
7495.1 104
7495.4 104
7495.8 104
7496.1 104
7496.5 104
7496.9 103
7497.2 103
7497.6 103
7498 103
7498.3 103
7498.7 103
7499 103
7499.4 103
7499.6 103
7499.8 103
7500 103
7500.1 104
7500.3 104
7500.3 104
7500.7 104
7501.1 104
7501.4 104
7501.8 104
7502.2 104
7502.5 104
7502.9 104
7503.2 104
7503.6 104
7504 104
7504.3 104
7504.7 104
7505.1 104
7505.4 104
7505.8 103
7506.1 103
7506.5 103
7506.9 103
7507.2 103
7507.6 103
7508 103
7508.3 103
7508.7 103
7509 103
7509.4 103
7509.6 103
7509.8 103
7510 103
7510.2 103
7510.3 103
7510.4 103
7510.7 103
7511.1 104
7511.4 104
7511.8 104
7512.2 104
7512.5 104
7512.9 104
7513.3 104
7513.6 104
7514 104
7514.3 104
7514.7 104
7515.1 103
7515.4 103
7515.8 103
7516.2 103
7516.5 103
7516.9 103
7517.2 103
7517.6 103
7518 103
7518.3 103
7518.7 103
7519.1 103
7519.4 103
7519.6 103
7519.8 103
7520 103
7520.2 103
7520.4 103
7520.4 103
7520.7 103
7521.1 103
7521.5 103
7521.8 104
7522.2 104
7522.6 104
7522.9 104
7523.3 104
7523.6 104
7524 104
7524.4 103
7524.7 103
7525.1 103
7525.5 103
7525.8 103
7526.2 103
7526.5 103
7526.9 103
7527.3 103
7527.6 103
7528 103
7528.4 103
7528.7 103
7529.1 103
7529.4 103
7529.6 103
7529.8 103
7530 103
7530.2 103
7530.4 103
7530.4 103
7530.8 103
7531.2 103
7531.5 103
7531.9 103
7532.2 103
7532.6 103
7533 103
7533.3 103
7533.7 103
7534.1 103
7534.4 103
7534.8 103
7535.1 103
7535.5 103
7535.9 103
7536.2 103
7536.6 103
7537 103
7537.3 103
7537.7 103
7538 103
7538.4 103
7538.8 103
7539.1 103
7539.5 103
7539.7 103
7539.9 103
7540.1 103
7540.3 103
7540.5 103
7540.5 103
7540.9 103
7541.2 103
7541.6 103
7541.9 103
7542.3 103
7542.7 103
7543 103
7543.4 103
7543.8 103
7544.1 103
7544.5 103
7544.8 103
7545.2 103
7545.6 103
7545.9 103
7546.3 103
7546.7 103
7547 103
7547.4 103
7547.7 103
7548.1 103
7548.5 103
7548.8 103
7549.2 103
7549.6 103
7549.8 103
7550 103
7550.2 103
7550.4 103
7550.6 103
7550.6 103
7550.9 103
7551.3 103
7551.7 103
7552 103
7552.4 103
7552.7 103
7553.1 103
7553.5 103
7553.8 103
7554.2 103
7554.6 103
7554.9 103
7555.3 103
7555.6 103
7556 103
7556.4 103
7556.7 103
7557.1 103
7557.5 103
7557.8 103
7558.2 103
7558.5 103
7558.9 103
7559.3 103
7559.6 103
7559.8 103
7560 103
7560.2 103
7560.4 103
7560.6 103
7560.7 103
7561 103
7561.4 103
7561.7 103
7562.1 103
7562.5 103
7562.8 103
7563.2 103
7563.6 103
7563.9 103
7564.3 103
7564.6 103
7565 103
7565.4 103
7565.7 103
7566.1 103
7566.5 103
7566.8 103
7567.2 103
7567.6 103
7567.9 103
7568.3 103
7568.6 103
7569 103
7569.4 103
7569.7 103
7569.9 103
7570.1 103
7570.3 103
7570.5 103
7570.7 103
7570.8 103
7571.1 103
7571.5 103
7571.8 103
7572.2 103
7572.6 103
7572.9 103
7573.3 103
7573.7 103
7574 103
7574.4 103
7574.7 103
7575.1 103
7575.5 103
7575.8 103
7576.2 103
7576.6 103
7576.9 103
7577.3 103
7577.6 103
7578 103
7578.4 103
7578.7 103
7579.1 103
7579.5 103
7579.8 103
7580 103
7580.2 103
7580.4 103
7580.7 103
7580.9 103
7580.9 103
7581.2 103
7581.6 103
7582 103
7582.3 103
7582.7 103
7583.1 103
7583.4 103
7583.8 103
7584.1 103
7584.5 103
7584.9 103
7585.2 103
7585.6 103
7586 103
7586.3 103
7586.7 103
7587 103
7587.4 103
7587.8 103
7588.1 103
7588.5 103
7588.9 103
7589.2 103
7589.6 103
7589.9 103
7590.2 103
7590.4 103
7590.6 103
7590.8 103
7591 103
7591 103
7591.4 103
7591.7 103
7592.1 103
7592.5 103
7592.8 103
7593.2 103
7593.5 103
7593.9 103
7594.3 103
7594.6 103
7595 103
7595.4 103
7595.7 103
7596.1 103
7596.5 103
7596.8 103
7597.2 103
7597.5 103
7597.9 103
7598.3 103
7598.6 103
7599 103
7599.4 103
7599.7 103
7600.1 103
7600.3 103
7600.5 103
7600.7 103
7600.9 103
7601.2 103
7601.2 103
7601.5 103
7601.9 103
7602.3 103
7602.6 103
7603 103
7603.3 103
7603.7 103
7604.1 103
7604.4 103
7604.8 103
7605.2 103
7605.5 103
7605.9 103
7606.2 103
7606.6 103
7607 103
7607.3 103
7607.7 103
7608.1 103
7608.4 103
7608.8 103
7609.1 103
7609.5 103
7609.9 103
7610.2 103
7610.5 103
7610.7 103
7610.9 103
7611.1 103
7611.3 103
7611.3 103
7611.7 103
7612.1 103
7612.4 103
7612.8 103
7613.2 103
7613.5 104
7613.9 104
7614.2 104
7614.6 104
7615 104
7615.3 104
7615.7 104
7616.1 104
7616.4 104
7616.8 104
7617.1 104
7617.5 104
7617.9 104
7618.2 104
7618.6 104
7619 104
7619.3 104
7619.7 104
7620 104
7620.4 104
7620.6 104
7620.8 104
7621.1 104
7621.3 104
7621.5 104
7621.5 104
7621.9 104
7622.2 104
7622.6 104
7623 104
7623.3 104
7623.7 104
7624.1 104
7624.4 104
7624.8 104
7625.1 104
7625.5 104
7625.9 104
7626.2 104
7626.6 104
7627 104
7627.3 104
7627.7 104
7628.1 104
7628.4 104
7628.8 104
7629.1 104
7629.5 104
7629.9 104
7630.2 104
7630.6 104
7630.8 104
7631 104
7631.3 104
7631.5 104
7631.7 104
7631.7 104
7632.1 105
7632.4 105
7632.8 105
7633.2 105
7633.5 105
7633.9 105
7634.3 105
7634.6 105
7635 105
7635.3 105
7635.7 105
7636.1 105
7636.4 105
7636.8 105
7637.2 105
7637.5 105
7637.9 105
7638.3 105
7638.6 105
7639 105
7639.3 105
7639.7 105
7640.1 105
7640.4 105
7640.8 105
7641 105
7641.2 105
7641.5 105
7641.7 105
7641.9 105
7641.9 105
7642.3 105
7642.7 105
7643 105
7643.4 105
7643.8 105
7644.1 105
7644.5 106
7644.8 106
7645.2 106
7645.6 106
7645.9 106
7646.3 106
7646.7 106
7647 106
7647.4 106
7647.7 106
7648.1 106
7648.5 106
7648.8 106
7649.2 106
7649.6 106
7649.9 106
7650.3 106
7650.6 106
7651 106
7651.2 106
7651.5 106
7651.7 106
7651.9 106
7652.2 106
7652.2 106
7652.5 106
7652.9 106
7653.3 106
7653.6 106
7654 106
7654.3 106
7654.7 106
7655.1 106
7655.4 106
7655.8 106
7656.2 106
7656.5 107
7656.9 107
7657.3 107
7657.6 107
7658 107
7658.3 107
7658.7 107
7659.1 107
7659.4 107
7659.8 107
7660.2 107
7660.5 107
7660.9 107
7661.2 107
7661.5 107
7661.7 107
7661.9 107
7662.2 107
7662.4 107
7662.4 107
7662.8 107
7663.1 107
7663.5 107
7663.9 107
7664.2 107
7664.6 107
7665 107
7665.3 107
7665.7 107
7666 107
7666.4 107
7666.8 107
7667.1 107
7667.5 107
7667.9 107
7668.2 107
7668.6 107
7668.9 108
7669.3 108
7669.7 108
7670 108
7670.4 108
7670.8 108
7671.1 108
7671.5 108
7671.7 108
7672 108
7672.2 108
7672.4 108
7672.7 108
7672.7 108
7673.1 108
7673.4 108
7673.8 108
7674.1 108
7674.5 108
7674.9 108
7675.2 108
7675.6 108
7676 108
7676.3 108
7676.7 108
7677 108
7677.4 108
7677.8 108
7678.1 108
7678.5 108
7678.9 108
7679.2 108
7679.6 108
7679.9 108
7680.3 108
7680.7 108
7681 108
7681.4 108
7681.8 109
7682 109
7682.2 109
7682.5 109
7682.7 109
7683 109
7683 109
7683.3 109
7683.7 109
7684.1 109
7684.4 109
7684.8 109
7685.2 109
7685.5 109
7685.9 109
7686.2 109
7686.6 109
7687 109
7687.3 109
7687.7 109
7688.1 109
7688.4 109
7688.8 109
7689.1 109
7689.5 109
7689.9 109
7690.2 109
7690.6 109
7691 109
7691.3 109
7691.7 109
7692 109
7692.3 109
7692.5 109
7692.8 109
7693 109
7693.3 109
7693.3 109
7693.6 109
7694 109
7694.4 109
7694.7 109
7695.1 109
7695.5 110
7695.8 110
7696.2 110
7696.6 110
7696.9 110
7697.3 110
7697.6 110
7698 110
7698.4 110
7698.7 110
7699.1 110
7699.5 110
7699.8 110
7700.2 110
7700.5 110
7700.9 110
7701.3 110
7701.6 110
7702 110
7702.4 110
7702.6 110
7702.8 110
7703.1 110
7703.3 110
7703.6 110
7703.6 110
7704 110
7704.3 110
7704.7 110
7705.1 110
7705.4 110
7705.8 110
7706.1 110
7706.5 110
7706.9 110
7707.2 110
7707.6 110
7708 110
7708.3 110
7708.7 110
7709 110
7709.4 110
7709.8 110
7710.1 110
7710.5 110
7710.9 110
7711.2 110
7711.6 110
7711.9 110
7712.3 110
7712.7 110
7712.9 110
7713.2 110
7713.4 110
7713.7 110
7713.9 110
7713.9 110
7714.3 110
7714.7 111
7715 111
7715.4 111
7715.8 111
7716.1 111
7716.5 111
7716.8 111
7717.2 111
7717.6 111
7717.9 111
7718.3 111
7718.7 111
7719 111
7719.4 111
7719.7 111
7720.1 111
7720.5 111
7720.8 111
7721.2 111
7721.6 111
7721.9 111
7722.3 111
7722.6 111
7723 111
7723.3 111
7723.5 111
7723.8 111
7724 111
7724.3 111
7724.3 111
7724.6 111
7725 111
7725.4 111
7725.7 111
7726.1 111
7726.5 111
7726.8 111
7727.2 111
7727.5 111
7727.9 111
7728.3 111
7728.6 111
7729 111
7729.4 111
7729.7 111
7730.1 111
7730.5 111
7730.8 111
7731.2 111
7731.5 111
7731.9 111
7732.3 111
7732.6 111
7733 111
7733.4 111
7733.6 111
7733.9 111
7734.1 111
7734.4 111
7734.6 111
7734.7 111
7735 111
7735.4 111
7735.7 111
7736.1 111
7736.5 111
7736.8 111
7737.2 111
7737.6 111
7737.9 111
7738.3 111
7738.6 111
7739 111
7739.4 111
7739.7 111
7740.1 111
7740.5 111
7740.8 111
7741.2 111
7741.5 111
7741.9 111
7742.3 111
7742.6 111
7743 111
7743.4 111
7743.7 111
7744 112
7744.2 112
7744.5 112
7744.8 112
7745 112
7745 112
7745.4 112
7745.8 112
7746.1 112
7746.5 112
7746.9 112
7747.2 112
7747.6 112
7747.9 112
7748.3 112
7748.7 112
7749 112
7749.4 112
7749.8 112
7750.1 112
7750.5 112
7750.8 112
7751.2 112
7751.6 112
7751.9 112
7752.3 112
7752.7 112
7753 112
7753.4 112
7753.7 112
7754.1 112
7754.4 112
7754.6 112
7754.9 112
7755.2 112
7755.4 112
7755.4 112
7755.8 112
7756.2 112
7756.5 112
7756.9 112
7757.3 112
7757.6 112
7758 112
7758.3 112
7758.7 112
7759.1 112
7759.4 112
7759.8 112
7760.2 112
7760.5 112
7760.9 112
7761.2 112
7761.6 112
7762 112
7762.3 112
7762.7 112
7763.1 112
7763.4 112
7763.8 112
7764.2 112
7764.5 112
7764.8 112
7765.1 112
7765.3 112
7765.6 112
7765.9 112
7765.9 112
7766.2 113
7766.6 113
7767 113
7767.3 113
7767.7 113
7768.1 113
7768.4 113
7768.8 113
7769.1 113
7769.5 113
7769.9 113
7770.2 113
7770.6 113
7771 113
7771.3 113
7771.7 113
7772 113
7772.4 113
7772.8 113
7773.1 113
7773.5 113
7773.9 113
7774.2 113
7774.6 113
7774.9 113
7775.2 113
7775.5 113
7775.8 113
7776 113
7776.3 113
7776.3 113
7776.7 113
7777.1 113
7777.4 113
7777.8 113
7778.1 113
7778.5 113
7778.9 113
7779.2 113
7779.6 113
7780 114
7780.3 114
7780.7 114
7781 114
7781.4 114
7781.8 114
7782.1 114
7782.5 114
7782.9 114
7783.2 114
7783.6 114
7783.9 114
7784.3 114
7784.7 114
7785 114
7785.4 114
7785.7 114
7785.9 114
7786.2 114
7786.5 114
7786.8 114
7786.8 114
7787.1 114
7787.5 114
7787.9 114
7788.2 114
7788.6 114
7789 114
7789.3 114
7789.7 114
7790 114
7790.4 114
7790.8 114
7791.1 114
7791.5 114
7791.9 114
7792.2 115
7792.6 115
7793 115
7793.3 115
7793.7 115
7794 115
7794.4 115
7794.8 115
7795.1 115
7795.5 115
7795.9 115
7796.1 115
7796.4 115
7796.7 115
7797 115
7797.3 115
7797.3 115
7797.6 115
7798 115
7798.4 115
7798.7 115
7799.1 115
7799.4 115
7799.8 115
7800.2 115
7800.5 115
7800.9 115
7801.3 115
7801.6 115
7802 115
7802.3 115
7802.7 115
7803.1 116
7803.4 116
7803.8 116
7804.2 116
7804.5 116
7804.9 116
7805.2 116
7805.6 116
7806 116
7806.3 116
7806.6 116
7806.9 116
7807.2 116
7807.5 116
7807.7 116
7807.8 116
7808.1 116
7808.5 116
7808.8 116
7809.2 116
7809.6 116
7809.9 116
7810.3 116
7810.7 116
7811 116
7811.4 116
7811.7 116
7812.1 116
7812.5 116
7812.8 116
7813.2 116
7813.6 117
7813.9 117
7814.3 117
7814.6 117
7815 117
7815.4 117
7815.7 117
7816.1 117
7816.5 117
7816.8 117
7817.1 117
7817.4 117
7817.7 117
7818 117
7818.3 117
7818.3 117
7818.6 117
7819 117
7819.4 117
7819.7 117
7820.1 117
7820.4 117
7820.8 117
7821.2 117
7821.5 117
7821.9 117
7822.3 117
7822.6 117
7823 117
7823.3 117
7823.7 117
7824.1 117
7824.4 118
7824.8 118
7825.2 118
7825.5 118
7825.9 118
7826.2 118
7826.6 118
7827 118
7827.3 118
7827.6 118
7827.9 118
7828.2 118
7828.5 118
7828.8 118
7828.8 118
7829.2 118
7829.5 118
7829.9 118
7830.2 118
7830.6 118
7831 118
7831.3 118
7831.7 118
7832.1 118
7832.4 118
7832.8 118
7833.2 118
7833.5 118
7833.9 118
7834.2 118
7834.6 118
7835 118
7835.3 118
7835.7 118
7836.1 118
7836.4 118
7836.8 119
7837.1 119
7837.5 119
7837.9 119
7838.2 119
7838.5 119
7838.8 119
7839 119
7839.3 119
7839.4 119
7839.7 119
7840.1 119
7840.4 119
7840.8 119
7841.2 119
7841.5 119
7841.9 119
7842.3 119
7842.6 119
7843 119
7843.3 119
7843.7 119
7844.1 119
7844.4 119
7844.8 119
7845.2 119
7845.5 119
7845.9 119
7846.2 119
7846.6 119
7847 119
7847.3 119
7847.7 119
7848.1 119
7848.4 119
7848.7 119
7849 119
7849.3 119
7849.6 119
7849.9 120
7849.9 120
7850.3 120
7850.6 120
7851 120
7851.4 120
7851.7 120
7852.1 120
7852.5 120
7852.8 120
7853.2 120
7853.5 120
7853.9 120
7854.3 120
7854.6 120
7855 120
7855.4 120
7855.7 120
7856.1 120
7856.4 120
7856.8 120
7857.2 120
7857.5 120
7857.9 120
7858.3 120
7858.6 120
7859 120
7859.3 120
7859.6 120
7859.9 120
7860.2 120
7860.5 120
7860.5 120
7860.9 120
7861.2 120
7861.6 120
7862 120
7862.3 120
7862.7 120
7863 120
7863.4 120
7863.8 120
7864.1 120
7864.5 120
7864.9 120
7865.2 120
7865.6 120
7865.9 120
7866.3 120
7866.7 120
7867 121
7867.4 121
7867.8 121
7868.1 121
7868.5 121
7868.8 121
7869.2 121
7869.6 121
7869.9 121
7870.2 121
7870.5 121
7870.8 121
7871.1 121
7871.1 121
7871.5 121
7871.8 121
7872.2 121
7872.6 121
7872.9 121
7873.3 121
7873.7 121
7874 121
7874.4 121
7874.7 121
7875.1 121
7875.5 121
7875.8 121
7876.2 121
7876.6 121
7876.9 121
7877.3 121
7877.6 121
7878 121
7878.4 121
7878.7 121
7879.1 121
7879.5 121
7879.8 121
7880.2 121
7880.5 121
7880.8 121
7881.1 121
7881.4 121
7881.7 121
7881.7 121
7882.1 121
7882.5 121
7882.8 121
7883.2 121
7883.5 121
7883.9 121
7884.3 121
7884.6 121
7885 121
7885.4 121
7885.7 121
7886.1 121
7886.4 121
7886.8 121
7887.2 121
7887.5 121
7887.9 121
7888.3 121
7888.6 121
7889 121
7889.4 121
7889.7 121
7890.1 121
7890.4 121
7890.8 121
7891.1 121
7891.4 121
7891.7 121
7892.1 122
7892.4 122
7892.4 122
7892.7 122
7893.1 122
7893.5 122
7893.8 122
7894.2 122
7894.6 122
7894.9 122
7895.3 122
7895.6 122
7896 122
7896.4 122
7896.7 122
7897.1 122
7897.5 122
7897.8 122
7898.2 122
7898.5 122
7898.9 122
7899.3 122
7899.6 122
7900 122
7900.4 122
7900.7 122
7901.1 122
7901.4 122
7901.8 122
7902.1 122
7902.4 122
7902.7 122
7903 122
7903 122
7903.4 122
7903.8 122
7904.1 122
7904.5 122
7904.9 122
7905.2 122
7905.6 122
7905.9 122
7906.3 122
7906.7 122
7907 122
7907.4 122
7907.8 122
7908.1 122
7908.5 122
7908.8 122
7909.2 122
7909.6 122
7909.9 122
7910.3 122
7910.7 122
7911 122
7911.4 122
7911.7 122
7912.1 122
7912.4 122
7912.7 122
7913.1 122
7913.4 122
7913.7 122
7913.7 122
7914.1 122
7914.5 122
7914.8 122
7915.2 122
7915.5 122
7915.9 122
7916.3 122
7916.6 122
7917 122
7917.4 122
7917.7 122
7918.1 122
7918.4 122
7918.8 122
7919.2 122
7919.5 122
7919.9 122
7920.3 122
7920.6 122
7921 122
7921.3 122
7921.7 122
7922.1 122
7922.4 122
7922.8 122
7923.1 122
7923.4 122
7923.8 122
7924.1 122
7924.4 122
7924.4 122
7924.8 122
7925.2 122
7925.5 122
7925.9 122
7926.2 122
7926.6 122
7927 122
7927.3 123
7927.7 123
7928.1 123
7928.4 123
7928.8 123
7929.2 123
7929.5 123
7929.9 123
7930.2 123
7930.6 123
7931 123
7931.3 123
7931.7 123
7932.1 123
7932.4 123
7932.8 123
7933.1 123
7933.5 123
7933.8 123
7934.2 123
7934.5 123
7934.8 123
7935.1 123
7935.2 123
7935.5 123
7935.9 123
7936.2 123
7936.6 123
7937 123
7937.3 123
7937.7 123
7938.1 123
7938.4 123
7938.8 123
7939.1 123
7939.5 123
7939.9 123
7940.2 123
7940.6 123
7941 123
7941.3 123
7941.7 123
7942 123
7942.4 123
7942.8 123
7943.1 123
7943.5 123
7943.9 123
7944.2 123
7944.6 123
7944.9 123
7945.2 123
7945.6 123
7945.9 123
7945.9 123
7946.3 123
7946.6 123
7947 123
7947.3 123
7947.7 124
7948.1 124
7948.4 124
7948.8 124
7949.2 124
7949.5 124
7949.9 124
7950.3 124
7950.6 124
7951 124
7951.3 124
7951.7 124
7952.1 124
7952.4 124
7952.8 124
7953.2 124
7953.5 124
7953.9 124
7954.2 124
7954.6 124
7955 124
7955.3 124
7955.6 124
7956 124
7956.3 124
7956.7 124
7956.7 124
7957 124
7957.4 124
7957.8 124
7958.1 124
7958.5 124
7958.8 124
7959.2 124
7959.6 124
7959.9 124
7960.3 124
7960.7 124
7961 124
7961.4 124
7961.7 125
7962.1 125
7962.5 125
7962.8 125
7963.2 125
7963.6 125
7963.9 125
7964.3 125
7964.6 125
7965 125
7965.4 125
7965.7 125
7966.1 125
7966.4 125
7966.8 125
7967.1 125
7967.4 125
7967.4 125
7967.8 125
7968.2 125
7968.5 125
7968.9 125
7969.3 125
7969.6 125
7970 125
7970.3 125
7970.7 125
7971.1 125
7971.4 125
7971.8 125
7972.2 125
7972.5 125
7972.9 125
7973.2 125
7973.6 125
7974 125
7974.3 126
7974.7 126
7975.1 126
7975.4 126
7975.8 126
7976.1 126
7976.5 126
7976.9 126
7977.2 126
7977.5 126
7977.9 126
7978.2 126
7978.2 126
7978.6 126
7979 126
7979.3 126
7979.7 126
7980.1 126
7980.4 126
7980.8 126
7981.1 126
7981.5 126
7981.9 126
7982.2 126
7982.6 126
7983 126
7983.3 126
7983.7 126
7984 126
7984.4 126
7984.8 126
7985.1 126
7985.5 126
7985.9 126
7986.2 126
7986.6 127
7986.9 127
7987.3 127
7987.7 127
7988 127
7988.4 127
7988.7 127
7989.1 127
7989.1 127
7989.4 127
7989.8 127
7990.2 127
7990.5 127
7990.9 127
7991.2 127
7991.6 127
7992 127
7992.3 127
7992.7 127
7993.1 127
7993.4 127
7993.8 127
7994.1 127
7994.5 127
7994.9 127
7995.2 127
7995.6 127
7996 127
7996.3 127
7996.7 127
7997 127
7997.4 127
7997.8 127
7998.1 127
7998.5 127
7998.8 128
7999.2 128
7999.6 128
7999.9 128
7999.9 128
8000.3 128
8000.6 128
8001 128
8001.4 128
8001.7 128
8002.1 128
8002.5 128
8002.8 128
8003.2 128
8003.5 128
8003.9 128
8004.3 128
8004.6 128
8005 128
8005.4 128
8005.7 128
8006.1 128
8006.4 128
8006.8 128
8007.2 128
8007.5 128
8007.9 128
8008.3 128
8008.6 128
8009 128
8009.3 128
8009.7 128
8010.1 128
8010.4 128
8010.8 128
8010.8 128
8011.2 128
8011.5 128
8011.9 129
8012.2 129
8012.6 129
8013 129
8013.3 129
8013.7 129
8014.1 129
8014.4 129
8014.8 129
8015.1 129
8015.5 129
8015.9 129
8016.2 129
8016.6 129
8017 129
8017.3 129
8017.7 129
8018 129
8018.4 129
8018.8 129
8019.1 129
8019.5 129
8019.9 129
8020.2 129
8020.6 129
8020.9 129
8021.3 129
8021.7 129
8021.7 129
8022 129
8022.4 129
8022.8 129
8023.1 129
8023.5 129
8023.8 129
8024.2 129
8024.6 129
8024.9 129
8025.3 129
8025.7 129
8026 129
8026.4 129
8026.7 129
8027.1 129
8027.5 129
8027.8 129
8028.2 130
8028.6 130
8028.9 130
8029.3 130
8029.7 130
8030 130
8030.4 130
8030.7 130
8031.1 130
8031.5 130
8031.8 130
8032.2 130
8032.6 130
8032.6 130
8032.9 130
8033.3 130
8033.7 130
8034 130
8034.4 130
8034.7 130
8035.1 130
8035.5 130
8035.8 130
8036.2 130
8036.6 130
8036.9 130
8037.3 130
8037.6 130
8038 130
8038.4 130
8038.7 130
8039.1 130
8039.5 130
8039.8 130
8040.2 130
8040.5 130
8040.9 130
8041.3 130
8041.6 130
8042 130
8042.4 130
8042.7 130
8043.1 130
8043.5 130
8043.5 130
8043.8 130
8044.2 130
8044.6 130
8044.9 130
8045.3 130
8045.7 130
8046 131
8046.4 131
8046.7 131
8047.1 131
8047.5 131
8047.8 131
8048.2 131
8048.6 131
8048.9 131
8049.3 131
8049.6 131
8050 131
8050.4 131
8050.7 131
8051.1 131
8051.5 131
8051.8 131
8052.2 131
8052.5 131
8052.9 131
8053.3 131
8053.7 131
8054 131
8054.4 131
8054.4 131
8054.8 131
8055.2 131
8055.5 131
8055.9 131
8056.2 131
8056.6 131
8057 131
8057.3 131
8057.7 131
8058.1 131
8058.4 131
8058.8 131
8059.1 131
8059.5 131
8059.9 131
8060.2 131
8060.6 131
8061 131
8061.3 131
8061.7 131
8062 131
8062.4 131
8062.8 131
8063.1 131
8063.5 131
8063.9 131
8064.2 131
8064.6 131
8065 131
8065.4 131
8065.4 131
8065.8 131
8066.1 131
8066.5 131
8066.8 131
8067.2 131
8067.6 131
8067.9 131
8068.3 131
8068.7 131
8069 131
8069.4 131
8069.7 131
8070.1 131
8070.5 131
8070.8 131
8071.2 131
8071.6 131
8071.9 131
8072.3 131
8072.6 131
8073 131
8073.4 131
8073.7 131
8074.1 131
8074.5 131
8074.8 131
8075.2 131
8075.6 131
8076 131
8076.4 131
8076.4 131
8076.7 131
8077.1 131
8077.5 131
8077.8 131
8078.2 132
8078.6 132
8078.9 132
8079.3 132
8079.6 132
8080 132
8080.4 132
8080.7 132
8081.1 132
8081.5 132
8081.8 132
8082.2 132
8082.6 132
8082.9 132
8083.3 132
8083.6 132
8084 132
8084.4 132
8084.7 132
8085.1 132
8085.5 132
8085.8 132
8086.2 132
8086.6 132
8087 132
8087.4 132
8087.4 132
8087.7 132
8088.1 132
8088.5 132
8088.8 132
8089.2 132
8089.6 132
8089.9 132
8090.3 132
8090.7 132
8091 132
8091.4 132
8091.7 132
8092.1 132
8092.5 132
8092.8 132
8093.2 132
8093.6 132
8093.9 132
8094.3 132
8094.6 132
8095 132
8095.4 132
8095.7 132
8096.1 132
8096.5 132
8096.8 132
8097.2 132
8097.6 132
8098 132
8098.4 132
8098.4 132
8098.8 132
8099.1 132
8099.5 132
8099.9 132
8100.2 132
8100.6 132
8101 132
8101.3 132
8101.7 132
8102 132
8102.4 132
8102.8 132
8103.1 132
8103.5 132
8103.9 132
8104.2 132
8104.6 132
8104.9 132
8105.3 132
8105.7 132
8106 132
8106.4 132
8106.8 132
8107.1 132
8107.5 132
8107.9 132
8108.3 132
8108.7 132
8109.1 132
8109.5 132
8109.5 132
8109.8 132
8110.2 132
8110.6 132
8110.9 132
8111.3 132
8111.6 132
8112 132
8112.4 132
8112.7 132
8113.1 132
8113.5 132
8113.8 132
8114.2 132
8114.5 132
8114.9 132
8115.3 132
8115.6 132
8116 132
8116.4 132
8116.7 132
8117.1 132
8117.4 132
8117.8 132
8118.2 132
8118.5 132
8118.9 133
8119.3 133
8119.7 133
8120.1 133
8120.5 133
8120.5 133
8120.9 133
8121.3 133
8121.6 133
8122 133
8122.3 133
8122.7 133
8123.1 133
8123.4 133
8123.8 133
8124.2 133
8124.5 133
8124.9 133
8125.2 133
8125.6 133
8126 133
8126.3 133
8126.7 133
8127.1 133
8127.4 133
8127.8 133
8128.2 133
8128.5 133
8128.9 133
8129.2 133
8129.6 133
8130 133
8130.4 133
8130.8 133
8131.2 133
8131.6 133
8131.6 133
8132 133
8132.3 133
8132.7 133
8133.1 133
8133.4 133
8133.8 133
8134.2 133
8134.5 133
8134.9 134
8135.3 134
8135.6 134
8136 134
8136.3 134
8136.7 134
8137.1 134
8137.4 134
8137.8 134
8138.2 134
8138.5 134
8138.9 134
8139.2 134
8139.6 134
8140 134
8140.3 134
8140.7 134
8141.1 134
8141.5 134
8141.9 134
8142.3 134
8142.7 134
8142.7 134
8143.1 134
8143.5 134
8143.8 134
8144.2 134
8144.6 134
8144.9 134
8145.3 134
8145.6 134
8146 134
8146.4 134
8146.7 134
8147.1 134
8147.5 134
8147.8 134
8148.2 134
8148.5 134
8148.9 134
8149.3 134
8149.6 134
8150 134
8150.4 134
8150.7 135
8151.1 135
8151.4 135
8151.8 135
8152.2 135
8152.6 135
8153 135
8153.5 135
8153.9 135
8153.9 135
8154.2 135
8154.6 135
8155 135
8155.3 135
8155.7 135
8156.1 135
8156.4 135
8156.8 135
8157.1 135
8157.5 135
8157.9 135
8158.2 135
8158.6 135
8159 135
8159.3 135
8159.7 135
8160 135
8160.4 135
8160.8 135
8161.1 135
8161.5 135
8161.9 135
8162.2 135
8162.6 135
8163 135
8163.4 135
8163.8 135
8164.2 136
8164.6 136
8165 136
8165.1 136
8165.4 136
8165.8 136
8166.1 136
8166.5 136
8166.9 136
8167.2 136
8167.6 136
8168 136
8168.3 136
8168.7 136
8169 136
8169.4 136
8169.8 136
8170.1 136
8170.5 136
8170.9 136
8171.2 136
8171.6 136
8171.9 136
8172.3 136
8172.7 136
8173 136
8173.4 136
8173.8 136
8174.1 136
8174.5 136
8175 136
8175.4 136
8175.8 136
8176.2 136
8176.2 136
8176.6 136
8177 136
8177.3 136
8177.7 136
8178 137
8178.4 137
8178.8 137
8179.1 137
8179.5 137
8179.9 137
8180.2 137
8180.6 137
8180.9 137
8181.3 137
8181.7 137
8182 137
8182.4 137
8182.8 137
8183.1 137
8183.5 137
8183.8 137
8184.2 137
8184.6 137
8184.9 137
8185.3 137
8185.7 137
8186.1 137
8186.6 137
8187 137
8187.4 137
8187.4 137
8187.8 137
8188.2 137
8188.5 137
8188.9 137
8189.3 137
8189.6 137
8190 137
8190.3 137
8190.7 137
8191.1 137
8191.4 137
8191.8 137
8192.2 137
8192.5 137
8192.9 137
8193.2 137
8193.6 137
8194 137
8194.3 137
8194.7 137
8195.1 137
8195.4 137
8195.8 138
8196.1 138
8196.5 138
8196.9 138
8197.4 138
8197.8 138
8198.2 138
8198.7 138
8198.7 138
8199 138
8199.4 138
8199.8 138
8200.1 138
8200.5 138
8200.8 138
8201.2 138
8201.6 138
8201.9 138
8202.3 138
8202.7 138
8203 138
8203.4 138
8203.7 138
8204.1 138
8204.5 138
8204.8 138
8205.2 138
8205.6 138
8205.9 138
8206.3 138
8206.6 138
8207 138
8207.4 138
8207.7 138
8208.2 138
8208.6 138
8209 138
8209.5 138
8209.9 138
8209.9 138
8210.3 138
8210.6 138
8211 138
8211.4 138
8211.7 138
8212.1 138
8212.5 138
8212.8 138
8213.2 138
8213.5 138
8213.9 138
8214.3 138
8214.6 138
8215 138
8215.4 138
8215.7 138
8216.1 138
8216.4 138
8216.8 138
8217.2 139
8217.5 139
8217.9 139
8218.3 139
8218.6 139
8219 139
8219.4 139
8219.9 139
8220.3 139
8220.7 139
8221.2 139
8221.2 139
8221.5 139
8221.9 139
8222.3 139
8222.6 139
8223 139
8223.4 139
8223.7 139
8224.1 139
8224.4 139
8224.8 139
8225.2 139
8225.5 139
8225.9 139
8226.3 139
8226.6 139
8227 139
8227.3 139
8227.7 139
8228.1 139
8228.4 139
8228.8 139
8229.2 139
8229.5 139
8229.9 139
8230.3 139
8230.7 139
8231.1 139
8231.6 139
8232 139
8232.5 139
8232.5 139
8232.8 139
8233.2 139
8233.6 139
8233.9 139
8234.3 139
8234.7 139
8235 139
8235.4 139
8235.7 139
8236.1 139
8236.5 139
8236.8 139
8237.2 139
8237.6 139
8237.9 139
8238.3 139
8238.6 139
8239 139
8239.4 139
8239.7 139
8240.1 139
8240.5 139
8240.8 139
8241.2 139
8241.5 139
8242 139
8242.4 139
8242.9 139
8243.3 139
8243.8 139
8243.8 139
8244.2 139
8244.5 139
8244.9 139
8245.3 139
8245.6 139
8246 139
8246.3 139
8246.7 139
8247.1 139
8247.4 139
8247.8 139
8248.2 139
8248.5 139
8248.9 139
8249.2 139
8249.6 139
8250 139
8250.3 139
8250.7 139
8251.1 139
8251.4 139
8251.8 139
8252.1 139
8252.5 139
8252.9 139
8253.3 139
8253.8 139
8254.2 139
8254.7 139
8255.1 140
8255.2 140
8255.5 140
8255.9 140
8256.2 140
8256.6 140
8257 140
8257.3 140
8257.7 140
8258.1 140
8258.4 140
8258.8 140
8259.1 140
8259.5 140
8259.9 140
8260.2 140
8260.6 140
8261 140
8261.3 140
8261.7 140
8262 140
8262.4 140
8262.8 140
8263.1 140
8263.5 140
8263.9 140
8264.2 140
8264.7 140
8265.1 140
8265.6 140
8266.1 140
8266.5 140
8266.5 140
8266.9 140
8267.2 140
8267.6 140
8268 140
8268.3 140
8268.7 140
8269.1 140
8269.4 140
8269.8 140
8270.1 140
8270.5 140
8270.9 140
8271.2 140
8271.6 140
8272 140
8272.3 140
8272.7 140
8273 140
8273.4 140
8273.8 140
8274.1 140
8274.5 140
8274.9 140
8275.2 140
8275.6 140
8276 140
8276.5 140
8277 140
8277.4 140
8277.9 140
8277.9 140
8278.3 140
8278.6 140
8279 140
8279.4 140
8279.7 140
8280.1 140
8280.4 140
8280.8 140
8281.2 140
8281.5 140
8281.9 140
8282.3 140
8282.6 140
8283 140
8283.4 140
8283.7 140
8284.1 140
8284.4 140
8284.8 140
8285.2 140
8285.5 140
8285.9 140
8286.3 140
8286.6 140
8287 140
8287.4 140
8287.9 140
8288.4 140
8288.8 140
8289.3 140
8289.3 140
8289.7 140
8290 140
8290.4 141
8290.8 141
8291.1 141
8291.5 141
8291.9 141
8292.2 141
8292.6 141
8292.9 141
8293.3 141
8293.7 141
8294 141
8294.4 141
8294.8 141
8295.1 141
8295.5 141
8295.8 141
8296.2 141
8296.6 141
8296.9 141
8297.3 141
8297.7 141
8298 141
8298.4 141
8298.9 141
8299.3 141
8299.8 141
8300.3 141
8300.7 141
8300.7 141
8301.1 141
8301.5 141
8301.8 141
8302.2 141
8302.6 141
8302.9 141
8303.3 141
8303.6 141
8304 141
8304.4 141
8304.7 141
8305.1 141
8305.5 141
8305.8 141
8306.2 141
8306.5 141
8306.9 141
8307.3 141
8307.6 141
8308 141
8308.4 141
8308.7 141
8309.1 141
8309.4 142
8309.8 142
8310.3 142
8310.8 142
8311.2 142
8311.7 142
8312.2 142
8312.2 142
8312.6 142
8312.9 142
8313.3 142
8313.7 142
8314 142
8314.4 142
8314.7 142
8315.1 142
8315.5 142
8315.8 142
8316.2 142
8316.6 142
8316.9 142
8317.3 142
8317.6 142
8318 142
8318.4 142
8318.7 142
8319.1 142
8319.5 142
8319.8 142
8320.2 142
8320.5 142
8320.9 142
8321.3 142
8321.8 142
8322.2 142
8322.7 142
8323.2 142
8323.7 142
8323.7 142
8324.1 143
8324.4 143
8324.8 143
8325.1 143
8325.5 143
8325.9 143
8326.2 143
8326.6 143
8327 143
8327.3 143
8327.7 143
8328 143
8328.4 143
8328.8 143
8329.1 143
8329.5 143
8329.9 143
8330.2 143
8330.6 143
8330.9 143
8331.3 143
8331.7 143
8332 143
8332.4 143
8332.8 143
8333.2 143
8333.7 143
8334.2 143
8334.7 143
8335.2 143
8335.2 143
8335.6 143
8335.9 143
8336.3 143
8336.7 143
8337 143
8337.4 143
8337.7 144
8338.1 144
8338.5 144
8338.8 144
8339.2 144
8339.6 144
8339.9 144
8340.3 144
8340.6 144
8341 144
8341.4 144
8341.7 144
8342.1 144
8342.5 144
8342.8 144
8343.2 144
8343.5 144
8343.9 144
8344.3 144
8344.8 144
8345.3 144
8345.7 144
8346.2 144
8346.7 144
8346.7 144
8347.1 144
8347.5 144
8347.8 144
8348.2 144
8348.5 144
8348.9 144
8349.3 144
8349.6 144
8350 144
8350.4 144
8350.7 144
8351.1 144
8351.4 144
8351.8 144
8352.2 144
8352.5 144
8352.9 144
8353.3 144
8353.6 144
8354 144
8354.3 144
8354.7 144
8355.1 145
8355.4 145
8355.8 145
8356.3 145
8356.8 145
8357.3 145
8357.8 145
8358.3 145
8358.3 145
8358.6 145
8359 145
8359.4 145
8359.7 145
8360.1 145
8360.5 145
8360.8 145
8361.2 145
8361.5 145
8361.9 145
8362.3 145
8362.6 145
8363 145
8363.4 145
8363.7 145
8364.1 145
8364.5 145
8364.8 145
8365.2 145
8365.5 145
8365.9 145
8366.3 145
8366.6 145
8367 145
8367.4 145
8367.9 145
8368.3 145
8368.8 145
8369.3 145
8369.8 145
8369.9 145
8370.2 145
8370.6 145
8370.9 145
8371.3 145
8371.7 145
8372 145
8372.4 146
8372.8 146
8373.1 146
8373.5 146
8373.8 146
8374.2 146
8374.6 146
8374.9 146
8375.3 146
8375.7 146
8376 146
8376.4 146
8376.7 146
8377.1 146
8377.5 146
8377.8 146
8378.2 146
8378.6 146
8378.9 146
8379.4 146
8379.9 146
8380.4 146
8380.9 146
8381.4 146
8381.4 146
8381.8 146
8382.2 146
8382.5 146
8382.9 146
8383.3 146
8383.6 146
8384 146
8384.3 146
8384.7 146
8385.1 146
8385.4 146
8385.8 146
8386.2 146
8386.5 146
8386.9 146
8387.3 146
8387.6 146
8388 146
8388.3 146
8388.7 146
8389.1 146
8389.4 146
8389.8 146
8390.2 146
8390.5 146
8391 146
8391.5 146
8392 146
8392.6 146
8393.1 146
8393.1 146
8393.4 146
8393.8 146
8394.2 146
8394.5 146
8394.9 146
8395.2 146
8395.6 146
8396 146
8396.3 146
8396.7 146
8397.1 147
8397.4 147
8397.8 147
8398.2 147
8398.5 147
8398.9 147
8399.2 147
8399.6 147
8400 147
8400.3 147
8400.7 147
8401.1 147
8401.4 147
8401.8 147
8402.1 147
8402.7 147
8403.2 147
8403.7 147
8404.2 147
8404.7 147
8404.7 147
8405.1 147
8405.5 147
8405.8 147
8406.2 147
8406.5 147
8406.9 147
8407.3 147
8407.6 147
8408 147
8408.4 147
8408.7 147
8409.1 147
8409.4 147
8409.8 147
8410.2 147
8410.5 147
8410.9 147
8411.3 147
8411.6 147
8412 147
8412.3 147
8412.7 147
8413.1 147
8413.4 147
8413.8 147
8414.3 147
8414.8 147
8415.4 147
8415.9 147
8416.4 147
8416.4 147
8416.8 147
8417.1 147
8417.5 147
8417.9 147
8418.2 147
8418.6 147
8418.9 147
8419.3 147
8419.7 147
8420 147
8420.4 147
8420.8 147
8421.1 147
8421.5 147
8421.8 147
8422.2 147
8422.6 147
8422.9 147
8423.3 147
8423.7 147
8424 147
8424.4 147
8424.8 147
8425.1 147
8425.5 147
8426 147
8426.5 147
8427 147
8427.6 147
8428.1 147
8428.1 147
8428.5 147
8428.8 147
8429.2 147
8429.6 147
8429.9 147
8430.3 147
8430.6 147
8431 147
8431.4 147
8431.7 147
8432.1 147
8432.5 147
8432.8 147
8433.2 147
8433.5 147
8433.9 147
8434.3 147
8434.6 147
8435 147
8435.4 147
8435.7 147
8436.1 147
8436.4 147
8436.8 147
8437.2 147
8437.7 147
8438.2 147
8438.8 147
8439.3 147
8439.8 147
8439.8 147
8440.2 147
8440.6 147
8440.9 147
8441.3 147
8441.6 147
8442 147
8442.4 147
8442.7 147
8443.1 147
8443.5 147
8443.8 147
8444.2 147
8444.5 147
8444.9 147
8445.3 147
8445.6 147
8446 147
8446.4 147
8446.7 147
8447.1 147
8447.4 147
8447.8 147
8448.2 147
8448.5 147
8448.9 147
8449.4 147
8450 147
8450.5 147
8451 147
8451.6 147
8451.6 147
8451.9 147
8452.3 147
8452.7 147
8453 147
8453.4 147
8453.8 147
8454.1 147
8454.5 147
8454.8 147
8455.2 147
8455.6 147
8455.9 147
8456.3 147
8456.7 147
8457 147
8457.4 147
8457.7 147
8458.1 147
8458.5 147
8458.8 147
8459.2 147
8459.6 147
8459.9 147
8460.3 147
8460.7 147
8461.2 147
8461.7 147
8462.3 148
8462.8 148
8463.3 148
8463.4 148
8463.7 148
8464.1 148
8464.4 148
8464.8 148
8465.2 148
8465.5 148
8465.9 148
8466.3 148
8466.6 148
8467 148
8467.3 148
8467.7 148
8468.1 148
8468.4 148
8468.8 148
8469.2 148
8469.5 148
8469.9 148
8470.2 148
8470.6 148
8471 148
8471.3 148
8471.7 148
8472.1 148
8472.4 148
8473 148
8473.5 148
8474 148
8474.6 148
8475.1 148
8475.1 148
8475.5 148
8475.9 148
8476.2 148
8476.6 148
8477 148
8477.3 148
8477.7 148
8478 148
8478.4 148
8478.8 148
8479.1 148
8479.5 148
8479.9 148
8480.2 148
8480.6 148
8481 148
8481.3 148
8481.7 148
8482 148
8482.4 148
8482.8 148
8483.1 148
8483.5 148
8483.9 148
8484.2 148
8484.8 148
8485.3 148
8485.9 148
8486.4 148
8487 148
8487 148
8487.3 148
8487.7 148
8488.1 148
8488.4 148
8488.8 148
8489.1 149
8489.5 149
8489.9 149
8490.2 149
8490.6 149
8491 149
8491.3 149
8491.7 149
8492.1 149
8492.4 149
8492.8 149
8493.1 149
8493.5 149
8493.9 149
8494.2 149
8494.6 149
8495 149
8495.3 149
8495.7 149
8496 149
8496.6 149
8497.2 149
8497.7 149
8498.3 149
8498.8 149
8498.8 149
8499.2 149
8499.6 149
8499.9 149
8500.3 149
8500.6 149
8501 149
8501.4 149
8501.7 149
8502.1 149
8502.5 149
8502.8 149
8503.2 149
8503.5 149
8503.9 149
8504.3 149
8504.6 149
8505 149
8505.4 149
8505.7 149
8506.1 149
8506.4 149
8506.8 149
8507.2 149
8507.5 149
8507.9 149
8508.5 149
8509 150
8509.6 150
8510.1 150
8510.7 150
8510.7 150
8511.1 150
8511.4 150
8511.8 150
8512.2 150
8512.5 150
8512.9 150
8513.2 150
8513.6 150
8514 150
8514.3 150
8514.7 150
8515.1 150
8515.4 150
8515.8 150
8516.1 150
8516.5 150
8516.9 150
8517.2 150
8517.6 150
8518 150
8518.3 150
8518.7 150
8519 150
8519.4 150
8519.8 150
8520.3 150
8520.9 150
8521.5 150
8522 150
8522.6 150
8522.6 150
8523 150
8523.3 150
8523.7 150
8524.1 150
8524.4 150
8524.8 150
8525.1 151
8525.5 151
8525.9 151
8526.2 151
8526.6 151
8527 151
8527.3 151
8527.7 151
8528 151
8528.4 151
8528.8 151
8529.1 151
8529.5 151
8529.9 151
8530.2 151
8530.6 151
8530.9 151
8531.3 151
8531.7 151
8532.2 151
8532.8 151
8533.4 151
8533.9 151
8534.5 151
8534.5 151
8534.9 151
8535.2 151
8535.6 151
8536 151
8536.3 151
8536.7 151
8537.1 151
8537.4 151
8537.8 151
8538.1 151
8538.5 151
8538.9 151
8539.2 151
8539.6 151
8540 151
8540.3 151
8540.7 151
8541 151
8541.4 151
8541.8 151
8542.1 151
8542.5 151
8542.9 151
8543.2 151
8543.6 151
8544.2 151
8544.7 152
8545.3 152
8545.9 152
8546.4 152
8546.5 152
8546.8 152
8547.2 152
8547.5 152
8547.9 152
8548.3 152
8548.6 152
8549 152
8549.4 152
8549.7 152
8550.1 152
8550.4 152
8550.8 152
8551.2 152
8551.5 152
8551.9 152
8552.3 152
8552.6 152
8553 152
8553.3 152
8553.7 152
8554.1 152
8554.4 152
8554.8 152
8555.2 152
8555.5 152
8556.1 152
8556.7 152
8557.3 152
8557.8 152
8558.4 152
8558.4 152
8558.8 152
8559.2 152
8559.5 152
8559.9 152
8560.2 152
8560.6 152
8561 152
8561.3 152
8561.7 152
8562.1 152
8562.4 152
8562.8 152
8563.1 152
8563.5 152
8563.9 152
8564.2 152
8564.6 152
8565 152
8565.3 152
8565.7 152
8566 152
8566.4 152
8566.8 152
8567.1 152
8567.5 153
8568.1 153
8568.7 153
8569.3 153
8569.8 153
8570.4 153
8570.4 153
8570.8 153
8571.2 153
8571.5 153
8571.9 153
8572.2 153
8572.6 153
8573 153
8573.3 153
8573.7 153
8574.1 153
8574.4 153
8574.8 153
8575.2 153
8575.5 153
8575.9 153
8576.2 153
8576.6 153
8577 153
8577.3 153
8577.7 153
8578.1 153
8578.4 153
8578.8 153
8579.1 153
8579.5 153
8580.1 153
8580.7 153
8581.3 153
8581.9 153
8582.5 153
8582.5 153
8582.8 153
8583.2 153
8583.6 153
8583.9 153
8584.3 153
8584.6 153
8585 153
8585.4 153
8585.7 153
8586.1 153
8586.5 153
8586.8 153
8587.2 153
8587.6 153
8587.9 153
8588.3 153
8588.6 153
8589 153
8589.4 153
8589.7 153
8590.1 153
8590.5 153
8590.8 153
8591.2 153
8591.5 153
8592.1 153
8592.7 153
8593.3 153
8593.9 153
8594.5 153
8594.5 153
8594.9 153
8595.2 153
8595.6 153
8596 153
8596.3 153
8596.7 153
8597.1 153
8597.4 153
8597.8 153
8598.1 154
8598.5 154
8598.9 154
8599.2 154
8599.6 154
8600 154
8600.3 154
8600.7 154
8601.1 154
8601.4 154
8601.8 154
8602.1 154
8602.5 154
8602.9 154
8603.2 154
8603.6 154
8604.2 154
8604.8 154
8605.4 154
8606 154
8606.6 154
8606.6 154
8607 154
8607.3 154
8607.7 154
8608.1 154
8608.4 154
8608.8 154
8609.1 154
8609.5 154
8609.9 154
8610.2 154
8610.6 154
8611 154
8611.3 154
8611.7 154
8612 154
8612.4 154
8612.8 154
8613.1 154
8613.5 154
8613.9 154
8614.2 154
8614.6 154
8614.9 154
8615.3 154
8615.7 154
8616.3 154
8616.9 154
8617.5 154
8618.1 154
8618.7 154
8618.7 154
8619.1 154
8619.4 154
8619.8 154
8620.2 154
8620.5 154
8620.9 154
8621.3 154
8621.6 154
8622 154
8622.3 154
8622.7 154
8623.1 154
8623.4 154
8623.8 154
8624.2 154
8624.5 154
8624.9 154
8625.2 154
8625.6 154
8626 154
8626.3 154
8626.7 154
8627.1 154
8627.4 154
8627.8 154
8628.4 154
8629 154
8629.6 154
8630.2 154
8630.8 154
8630.8 154
8631.2 154
8631.6 154
8631.9 154
8632.3 154
8632.7 154
8633 154
8633.4 154
8633.7 154
8634.1 154
8634.5 154
8634.8 154
8635.2 154
8635.6 154
8635.9 154
8636.3 154
8636.6 154
8637 154
8637.4 154
8637.7 154
8638.1 154
8638.5 154
8638.8 154
8639.2 154
8639.5 154
8639.9 154
8640.5 154
8641.1 154
8641.8 154
8642.4 154
8643 154
8643 154
8643.4 154
8643.7 154
8644.1 154
8644.4 154
8644.8 154
8645.2 154
8645.5 154
8645.9 154
8646.3 154
8646.6 154
8647 154
8647.4 154
8647.7 154
8648.1 154
8648.4 154
8648.8 154
8649.2 154
8649.5 154
8649.9 154
8650.3 154
8650.6 154
8651 154
8651.3 154
8651.7 154
8652.1 154
8652.7 154
8653.3 154
8653.9 154
8654.6 154
8655.2 154
8655.2 154
8655.6 154
8655.9 154
8656.3 154
8656.6 154
8657 154
8657.4 154
8657.7 154
8658.1 154
8658.5 154
8658.8 154
8659.2 154
8659.5 154
8659.9 154
8660.3 154
8660.6 154
8661 154
8661.4 154
8661.7 154
8662.1 154
8662.4 154
8662.8 154
8663.2 154
8663.5 154
8663.9 154
8664.3 154
8664.9 154
8665.5 154
8666.1 154
8666.8 155
8667.4 155
8667.4 155
8667.8 155
8668.1 155
8668.5 155
8668.9 155
8669.2 155
8669.6 155
8669.9 155
8670.3 155
8670.7 155
8671 155
8671.4 155
8671.8 155
8672.1 155
8672.5 155
8672.9 155
8673.2 155
8673.6 155
8673.9 155
8674.3 155
8674.7 155
8675 155
8675.4 155
8675.8 155
8676.1 155
8676.5 155
8677.1 155
8677.7 155
8678.4 155
8679 155
8679.7 155
8679.7 155
8680 155
8680.4 155
8680.8 155
8681.1 155
8681.5 155
8681.8 155
8682.2 155
8682.6 155
8682.9 155
8683.3 155
8683.7 155
8684 155
8684.4 155
8684.7 155
8685.1 155
8685.5 155
8685.8 155
8686.2 155
8686.6 155
8686.9 155
8687.3 155
8687.6 155
8688 155
8688.4 155
8688.7 155
8689.4 155
8690 155
8690.6 155
8691.3 155
8691.9 155
8691.9 155
8692.3 155
8692.7 155
8693 155
8693.4 156
8693.7 156
8694.1 156
8694.5 156
8694.8 156
8695.2 156
8695.6 156
8695.9 156
8696.3 156
8696.6 156
8697 156
8697.4 156
8697.7 156
8698.1 156
8698.5 156
8698.8 156
8699.2 156
8699.5 156
8699.9 156
8700.3 156
8700.6 156
8701 156
8701.6 156
8702.3 156
8702.9 156
8703.6 156
8704.2 156
8704.2 156
8704.6 156
8705 156
8705.3 156
8705.7 156
8706 156
8706.4 156
8706.8 156
8707.1 156
8707.5 156
8707.9 156
8708.2 156
8708.6 156
8708.9 156
8709.3 156
8709.7 156
8710 156
8710.4 156
8710.8 156
8711.1 156
8711.5 156
8711.8 156
8712.2 156
8712.6 156
8712.9 156
8713.3 156
8713.9 156
8714.6 156
8715.3 156
8715.9 156
8716.6 157
8716.6 157
8716.9 157
8717.3 157
8717.7 157
8718 157
8718.4 157
8718.7 157
8719.1 157
8719.5 157
8719.8 157
8720.2 157
8720.6 157
8720.9 157
8721.3 157
8721.6 157
8722 157
8722.4 157
8722.7 157
8723.1 157
8723.5 157
8723.8 157
8724.2 157
8724.5 157
8724.9 157
8725.3 157
8725.6 157
8726.3 157
8726.9 157
8727.6 157
8728.2 157
8728.9 157
8728.9 157
8729.3 157
8729.6 157
8730 157
8730.4 157
8730.7 157
8731.1 157
8731.4 157
8731.8 157
8732.2 157
8732.5 157
8732.9 157
8733.3 157
8733.6 157
8734 157
8734.4 157
8734.7 157
8735.1 157
8735.4 157
8735.8 157
8736.2 157
8736.5 157
8736.9 157
8737.3 157
8737.6 157
8738 157
8738.6 157
8739.3 157
8740 158
8740.6 158
8741.3 158
8741.3 158
8741.7 158
8742 158
8742.4 158
8742.7 158
8743.1 158
8743.5 158
8743.8 158
8744.2 158
8744.6 158
8744.9 158
8745.3 158
8745.6 158
8746 158
8746.4 158
8746.7 158
8747.1 158
8747.5 158
8747.8 158
8748.2 158
8748.5 158
8748.9 158
8749.3 158
8749.6 158
8750 158
8750.4 158
8751 158
8751.7 158
8752.4 158
8753 158
8753.7 158
8753.7 158
8754.1 158
8754.4 158
8754.8 158
8755.2 158
8755.5 158
8755.9 158
8756.2 158
8756.6 158
8757 158
8757.3 158
8757.7 158
8758.1 158
8758.4 158
8758.8 158
8759.1 158
8759.5 158
8759.9 158
8760.2 158
8760.6 158
8761 158
8761.3 158
8761.7 158
8762 158
8762.4 158
8762.8 158
8763.4 158
8764.1 158
8764.8 158
8765.5 158
8766.1 158
8766.1 158
8766.5 158
8766.9 159
8767.2 159
8767.6 159
8768 159
8768.3 159
8768.7 159
8769 159
8769.4 159
8769.8 159
8770.1 159
8770.5 159
8770.9 159
8771.2 159
8771.6 159
8772 159
8772.3 159
8772.7 159
8773 159
8773.4 159
8773.8 159
8774.1 159
8774.5 159
8774.9 159
8775.2 159
8775.9 159
8776.6 159
8777.3 159
8777.9 159
8778.6 159
8778.6 159
8779 159
8779.4 159
8779.7 159
8780.1 159
8780.4 159
8780.8 159
8781.2 159
8781.5 159
8781.9 159
8782.3 159
8782.6 159
8783 159
8783.3 159
8783.7 159
8784.1 159
8784.4 159
8784.8 159
8785.2 159
8785.5 159
8785.9 159
8786.2 159
8786.6 159
8787 159
8787.3 159
8787.7 159
8788.4 159
8789.1 159
8789.7 159
8790.4 159
8791.1 159
8791.1 159
8791.5 159
8791.8 159
8792.2 159
8792.6 159
8792.9 159
8793.3 159
8793.7 159
8794 159
8794.4 159
8794.7 159
8795.1 159
8795.5 159
8795.8 159
8796.2 159
8796.6 159
8796.9 159
8797.3 159
8797.6 159
8798 159
8798.4 159
8798.7 159
8799.1 159
8799.5 159
8799.8 159
8800.2 159
8800.9 159
8801.6 159
8802.2 159
8802.9 159
8803.6 159
8803.6 159
8804 159
8804.3 159
8804.7 159
8805.1 159
8805.4 159
8805.8 159
8806.2 159
8806.5 159
8806.9 159
8807.3 159
8807.6 159
8808 159
8808.3 159
8808.7 159
8809.1 159
8809.4 159
8809.8 159
8810.2 159
8810.5 159
8810.9 159
8811.2 159
8811.6 159
8812 159
8812.3 159
8812.7 159
8813.4 159
8814.1 159
8814.8 159
8815.5 159
8816.2 159
8816.2 159
8816.5 159
8816.9 159
8817.3 159
8817.6 159
8818 159
8818.3 159
8818.7 159
8819.1 159
8819.4 159
8819.8 159
8820.2 159
8820.5 159
8820.9 159
8821.2 159
8821.6 159
8822 159
8822.3 159
8822.7 159
8823.1 159
8823.4 159
8823.8 159
8824.1 159
8824.5 159
8824.9 159
8825.2 159
8825.9 159
8826.6 159
8827.3 159
8828 159
8828.7 159
8828.7 159
8829.1 159
8829.5 159
8829.8 159
8830.2 159
8830.6 159
8830.9 159
8831.3 159
8831.6 159
8832 159
8832.4 159
8832.7 159
8833.1 159
8833.5 159
8833.8 159
8834.2 159
8834.5 159
8834.9 159
8835.3 159
8835.6 159
8836 159
8836.4 159
8836.7 159
8837.1 159
8837.4 159
8837.8 159
8838.5 159
8839.2 159
8839.9 159
8840.6 159
8841.3 159
8841.3 159
8841.7 159
8842.1 159
8842.4 160
8842.8 160
8843.2 160
8843.5 160
8843.9 160
8844.3 160
8844.6 160
8845 160
8845.3 160
8845.7 160
8846.1 160
8846.4 160
8846.8 160
8847.2 160
8847.5 160
8847.9 160
8848.2 160
8848.6 160
8849 160
8849.3 160
8849.7 160
8850.1 160
8850.4 160
8851.1 160
8851.8 160
8852.6 160
8853.3 160
8854 160
8854 160
8854.4 160
8854.7 160
8855.1 160
8855.4 160
8855.8 160
8856.2 160
8856.5 160
8856.9 160
8857.3 160
8857.6 160
8858 160
8858.3 160
8858.7 160
8859.1 160
8859.4 160
8859.8 160
8860.2 160
8860.5 160
8860.9 160
8861.2 160
8861.6 160
8862 160
8862.3 160
8862.7 160
8863.1 160
8863.8 160
8864.5 160
8865.2 160
8865.9 160
8866.6 160
8866.6 160
8867 160
8867.4 160
8867.7 160
8868.1 160
8868.5 160
8868.8 160
8869.2 160
8869.6 160
8869.9 160
8870.3 160
8870.6 160
8871 160
8871.4 160
8871.7 160
8872.1 160
8872.5 160
8872.8 160
8873.2 160
8873.5 160
8873.9 160
8874.3 160
8874.6 160
8875 160
8875.4 160
8875.7 160
8876.4 160
8877.2 160
8877.9 160
8878.6 160
8879.3 160
8879.3 160
8879.7 160
8880.1 160
8880.4 161
8880.8 161
8881.2 161
8881.5 161
8881.9 161
8882.2 161
8882.6 161
8883 161
8883.3 161
8883.7 161
8884.1 161
8884.4 161
8884.8 161
8885.1 161
8885.5 161
8885.9 161
8886.2 161
8886.6 161
8887 161
8887.3 161
8887.7 161
8888 161
8888.4 161
8889.1 161
8889.9 161
8890.6 161
8891.3 161
8892.1 161
8892.1 161
8892.4 161
8892.8 161
8893.2 161
8893.5 161
8893.9 161
8894.2 161
8894.6 161
8895 161
8895.3 161
8895.7 161
8896.1 161
8896.4 161
8896.8 161
8897.1 161
8897.5 161
8897.9 161
8898.2 161
8898.6 161
8899 161
8899.3 161
8899.7 161
8900 161
8900.4 161
8900.8 161
8901.1 161
8901.9 161
8902.6 161
8903.3 161
8904.1 161
8904.8 161
8904.8 161
8905.2 162
8905.5 162
8905.9 162
8906.3 162
8906.6 162
8907 162
8907.3 162
8907.7 162
8908.1 162
8908.4 162
8908.8 162
8909.2 162
8909.5 162
8909.9 162
8910.2 162
8910.6 162
8911 162
8911.3 162
8911.7 162
8912.1 162
8912.4 162
8912.8 162
8913.2 162
8913.5 162
8913.9 162
8914.6 162
8915.4 162
8916.1 162
8916.8 162
8917.6 162
8917.6 162
8917.9 162
8918.3 162
8918.7 162
8919 162
8919.4 162
8919.8 162
8920.1 162
8920.5 162
8920.8 162
8921.2 162
8921.6 162
8921.9 162
8922.3 162
8922.7 162
8923 162
8923.4 162
8923.7 162
8924.1 162
8924.5 162
8924.8 162
8925.2 162
8925.6 162
8925.9 162
8926.3 162
8926.7 162
8927.4 162
8928.1 162
8928.9 162
8929.6 162
8930.4 163
8930.4 163
8930.8 163
8931.1 163
8931.5 163
8931.8 163
8932.2 163
8932.6 163
8932.9 163
8933.3 163
8933.7 163
8934 163
8934.4 163
8934.7 163
8935.1 163
8935.5 163
8935.8 163
8936.2 163
8936.6 163
8936.9 163
8937.3 163
8937.6 163
8938 163
8938.4 163
8938.7 163
8939.1 163
8939.5 163
8940.2 163
8941 163
8941.7 163
8942.5 163
8943.2 163
8943.2 163
8943.6 163
8944 163
8944.3 163
8944.7 163
8945.1 163
8945.4 163
8945.8 163
8946.1 163
8946.5 163
8946.9 163
8947.2 163
8947.6 163
8948 163
8948.3 163
8948.7 163
8949 163
8949.4 163
8949.8 163
8950.1 163
8950.5 163
8950.9 163
8951.2 163
8951.6 163
8951.9 163
8952.3 163
8953.1 163
8953.8 163
8954.6 163
8955.3 163
8956.1 163
8956.1 163
8956.5 163
8956.8 163
8957.2 163
8957.6 163
8957.9 163
8958.3 163
8958.7 163
8959 163
8959.4 163
8959.7 163
8960.1 163
8960.5 163
8960.8 163
8961.2 163
8961.6 163
8961.9 163
8962.3 163
8962.6 163
8963 163
8963.4 163
8963.7 163
8964.1 163
8964.5 163
8964.8 163
8965.2 164
8966 164
8966.7 164
8967.5 164
8968.2 164
8969 164
8969 164
8969.4 164
8969.7 164
8970.1 164
8970.5 164
8970.8 164
8971.2 164
8971.6 164
8971.9 164
8972.3 164
8972.6 164
8973 164
8973.4 164
8973.7 164
8974.1 164
8974.5 164
8974.8 164
8975.2 164
8975.5 164
8975.9 164
8976.3 164
8976.6 164
8977 164
8977.4 164
8977.7 164
8978.1 164
8978.9 164
8979.6 164
8980.4 164
8981.2 164
8981.9 164
8981.9 164
8982.3 164
8982.7 164
8983 164
8983.4 164
8983.8 164
8984.1 164
8984.5 164
8984.8 164
8985.2 164
8985.6 164
8985.9 164
8986.3 164
8986.7 164
8987 164
8987.4 164
8987.8 164
8988.1 164
8988.5 164
8988.8 164
8989.2 164
8989.6 164
8989.9 164
8990.3 164
8990.7 164
8991 164
8991.8 164
8992.6 164
8993.3 164
8994.1 164
8994.9 164
8994.9 164
8995.3 164
8995.6 164
8996 164
8996.4 164
8996.7 164
8997.1 164
8997.5 164
8997.8 164
8998.2 164
8998.5 164
8998.9 164
8999.3 164
8999.6 164
9000 164
9000.4 164
9000.7 164
9001.1 164
9001.4 164
9001.8 164
9002.2 164
9002.5 164
9002.9 164
9003.3 164
9003.6 164
9004 164
9004.8 164
9005.5 164
9006.3 164
9007.1 164
9007.9 164
9007.9 164
9008.3 164
9008.6 164
9009 164
9009.3 164
9009.7 164
9010.1 164
9010.4 164
9010.8 164
9011.2 164
9011.5 164
9011.9 164
9012.2 164
9012.6 164
9013 164
9013.3 164
9013.7 164
9014.1 164
9014.4 164
9014.8 164
9015.2 164
9015.5 164
9015.9 164
9016.2 164
9016.6 164
9017 164
9017.8 164
9018.5 164
9019.3 164
9020.1 164
9020.9 164
9020.9 164
9021.3 164
9021.6 164
9022 164
9022.4 164
9022.7 164
9023.1 164
9023.5 164
9023.8 164
9024.2 164
9024.5 164
9024.9 164
9025.3 164
9025.6 164
9026 164
9026.4 164
9026.7 164
9027.1 164
9027.4 164
9027.8 164
9028.2 164
9028.5 164
9028.9 164
9029.3 164
9029.6 164
9030 164
9030.8 164
9031.6 164
9032.4 164
9033.2 164
9034 164
9034 164
9034.3 164
9034.7 164
9035.1 164
9035.4 164
9035.8 164
9036.1 164
9036.5 164
9036.9 164
9037.2 164
9037.6 164
9038 164
9038.3 164
9038.7 164
9039 164
9039.4 164
9039.8 164
9040.1 164
9040.5 164
9040.9 164
9041.2 164
9041.6 164
9041.9 164
9042.3 164
9042.7 164
9043 164
9043.8 164
9044.6 164
9045.4 164
9046.2 164
9047 164
9047.1 164
9047.4 164
9047.8 164
9048.1 164
9048.5 164
9048.9 164
9049.2 164
9049.6 164
9050 164
9050.3 164
9050.7 164
9051 164
9051.4 164
9051.8 164
9052.1 164
9052.5 164
9052.9 164
9053.2 164
9053.6 164
9053.9 164
9054.3 164
9054.7 164
9055 164
9055.4 164
9055.8 164
9056.1 164
9056.9 164
9057.7 164
9058.5 164
9059.3 164
9060.2 164
9060.2 164
9060.5 164
9060.9 164
9061.3 164
9061.6 164
9062 164
9062.3 164
9062.7 164
9063.1 164
9063.4 164
9063.8 164
9064.2 164
9064.5 164
9064.9 164
9065.2 164
9065.6 164
9066 164
9066.3 164
9066.7 164
9067.1 164
9067.4 164
9067.8 164
9068.1 164
9068.5 164
9068.9 164
9069.2 164
9070 164
9070.9 164
9071.7 164
9072.5 164
9073.3 164
9073.3 164
9073.7 165
9074 165
9074.4 165
9074.8 165
9075.1 165
9075.5 165
9075.8 165
9076.2 165
9076.6 165
9076.9 165
9077.3 165
9077.7 165
9078 165
9078.4 165
9078.7 165
9079.1 165
9079.5 165
9079.8 165
9080.2 165
9080.6 165
9080.9 165
9081.3 165
9081.6 165
9082 165
9082.4 165
9083.2 165
9084 165
9084.8 165
9085.6 165
9086.5 165
9086.5 165
9086.8 165
9087.2 165
9087.6 165
9087.9 165
9088.3 165
9088.6 165
9089 165
9089.4 165
9089.7 165
9090.1 165
9090.5 165
9090.8 165
9091.2 165
9091.5 165
9091.9 165
9092.3 165
9092.6 165
9093 165
9093.4 165
9093.7 165
9094.1 165
9094.4 165
9094.8 165
9095.2 165
9095.5 165
9096.4 165
9097.2 165
9098 165
9098.8 165
9099.6 165
9099.7 165
9100 165
9100.4 165
9100.7 165
9101.1 165
9101.5 165
9101.8 165
9102.2 165
9102.6 165
9102.9 165
9103.3 165
9103.6 165
9104 165
9104.4 165
9104.7 165
9105.1 166
9105.5 166
9105.8 166
9106.2 166
9106.5 166
9106.9 166
9107.3 166
9107.6 166
9108 166
9108.4 166
9108.7 166
9109.6 166
9110.4 166
9111.2 166
9112 166
9112.9 166
9112.9 166
9113.3 166
9113.6 166
9114 166
9114.3 166
9114.7 166
9115.1 166
9115.4 166
9115.8 166
9116.2 166
9116.5 166
9116.9 166
9117.2 166
9117.6 166
9118 166
9118.3 166
9118.7 166
9119.1 166
9119.4 166
9119.8 166
9120.1 166
9120.5 166
9120.9 166
9121.2 166
9121.6 166
9122 166
9122.8 166
9123.6 166
9124.5 166
9125.3 166
9126.1 166
9126.2 166
9126.5 166
9126.9 166
9127.2 166
9127.6 166
9128 166
9128.3 166
9128.7 166
9129.1 166
9129.4 166
9129.8 166
9130.1 166
9130.5 166
9130.9 166
9131.2 166
9131.6 166
9132 166
9132.3 166
9132.7 166
9133 166
9133.4 166
9133.8 166
9134.1 166
9134.5 166
9134.9 166
9135.2 166
9136.1 166
9136.9 166
9137.8 167
9138.6 167
9139.5 167
9139.5 167
9139.8 167
9140.2 167
9140.6 167
9140.9 167
9141.3 167
9141.6 167
9142 167
9142.4 167
9142.7 167
9143.1 167
9143.5 167
9143.8 167
9144.2 167
9144.5 167
9144.9 167
9145.3 167
9145.6 167
9146 167
9146.4 167
9146.7 167
9147.1 167
9147.4 167
9147.8 167
9148.2 167
9148.5 167
9149.4 167
9150.2 167
9151.1 167
9151.9 167
9152.8 167
9152.8 167
9153.1 167
9153.5 167
9153.9 167
9154.2 167
9154.6 167
9155 167
9155.3 167
9155.7 167
9156 167
9156.4 167
9156.8 167
9157.1 167
9157.5 167
9157.9 167
9158.2 167
9158.6 167
9159 167
9159.3 167
9159.7 167
9160 167
9160.4 167
9160.8 167
9161.1 167
9161.5 167
9161.9 167
9162.7 167
9163.6 167
9164.4 167
9165.3 167
9166.1 167
9166.1 167
9166.5 167
9166.9 167
9167.2 167
9167.6 167
9168 167
9168.3 167
9168.7 167
9169 167
9169.4 167
9169.8 167
9170.1 167
9170.5 167
9170.9 167
9171.2 167
9171.6 167
9171.9 167
9172.3 167
9172.7 167
9173 167
9173.4 167
9173.8 167
9174.1 167
9174.5 167
9174.8 167
9175.2 167
9176.1 167
9176.9 167
9177.8 167
9178.7 167
9179.5 167
9179.5 167
9179.9 168
9180.3 168
9180.6 168
9181 168
9181.4 168
9181.7 168
9182.1 168
9182.4 168
9182.8 168
9183.2 168
9183.5 168
9183.9 168
9184.3 168
9184.6 168
9185 168
9185.3 168
9185.7 168
9186.1 168
9186.4 168
9186.8 168
9187.2 168
9187.5 168
9187.9 168
9188.2 168
9188.6 168
9189.5 168
9190.3 168
9191.2 168
9192.1 168
9192.9 168
9193 168
9193.3 168
9193.7 168
9194 168
9194.4 168
9194.8 168
9195.1 168
9195.5 168
9195.9 168
9196.2 168
9196.6 168
9196.9 168
9197.3 168
9197.7 168
9198 168
9198.4 168
9198.8 168
9199.1 168
9199.5 168
9199.8 168
9200.2 168
9200.6 168
9200.9 168
9201.3 168
9201.7 168
9202 168
9202.9 168
9203.8 168
9204.6 168
9205.5 168
9206.4 168
9206.4 168
9206.8 168
9207.1 168
9207.5 168
9207.9 168
9208.2 168
9208.6 168
9208.9 168
9209.3 168
9209.7 168
9210 168
9210.4 168
9210.8 168
9211.1 168
9211.5 168
9211.8 168
9212.2 168
9212.6 168
9212.9 168
9213.3 168
9213.7 168
9214 168
9214.4 168
9214.7 168
9215.1 168
9215.5 168
9216.4 168
9217.2 168
9218.1 168
9219 168
9219.9 168
9219.9 168
9220.3 168
9220.6 168
9221 168
9221.3 168
9221.7 168
9222.1 168
9222.4 168
9222.8 168
9223.2 168
9223.5 168
9223.9 168
9224.2 168
9224.6 168
9225 168
9225.3 168
9225.7 168
9226.1 168
9226.4 168
9226.8 168
9227.1 168
9227.5 168
9227.9 168
9228.2 168
9228.6 168
9229 168
9229.8 168
9230.7 168
9231.6 168
9232.5 168
9233.4 168
9233.4 168
9233.8 168
9234.1 168
9234.5 168
9234.9 168
9235.2 168
9235.6 168
9236 168
9236.3 168
9236.7 168
9237 168
9237.4 168
9237.8 168
9238.1 168
9238.5 168
9238.9 168
9239.2 168
9239.6 168
9239.9 168
9240.3 168
9240.7 168
9241 168
9241.4 168
9241.8 168
9242.1 168
9242.5 168
9243.4 168
9244.3 168
9245.2 168
9246.1 168
9247 168
9247 168
9247.3 168
9247.7 168
9248.1 168
9248.4 168
9248.8 168
9249.2 168
9249.5 168
9249.9 168
9250.2 168
9250.6 168
9251 168
9251.3 168
9251.7 168
9252.1 168
9252.4 168
9252.8 168
9253.1 168
9253.5 168
9253.9 168
9254.2 168
9254.6 168
9255 168
9255.3 168
9255.7 168
9256 168
9256.9 168
9257.8 168
9258.7 168
9259.6 168
9260.5 168
9260.6 168
9260.9 168
9261.3 168
9261.6 168
9262 168
9262.4 168
9262.7 168
9263.1 168
9263.5 168
9263.8 168
9264.2 168
9264.5 168
9264.9 168
9265.3 168
9265.6 168
9266 168
9266.4 168
9266.7 168
9267.1 168
9267.5 168
9267.8 168
9268.2 168
9268.5 168
9268.9 168
9269.3 168
9269.6 168
9270.5 168
9271.4 168
9272.4 168
9273.3 168
9274.2 168
9274.2 168
9274.5 168
9274.9 168
9275.3 168
9275.6 168
9276 168
9276.4 168
9276.7 168
9277.1 168
9277.4 168
9277.8 168
9278.2 168
9278.5 168
9278.9 168
9279.3 168
9279.6 168
9280 168
9280.3 168
9280.7 168
9281.1 168
9281.4 168
9281.8 168
9282.2 168
9282.5 168
9282.9 168
9283.2 168
9284.2 168
9285.1 168
9286 168
9286.9 168
9287.8 168
9287.8 168
9288.2 168
9288.6 168
9288.9 168
9289.3 168
9289.7 168
9290 168
9290.4 168
9290.7 168
9291.1 168
9291.5 168
9291.8 168
9292.2 168
9292.6 168
9292.9 168
9293.3 168
9293.6 168
9294 168
9294.4 168
9294.7 168
9295.1 168
9295.5 168
9295.8 168
9296.2 168
9296.5 168
9296.9 168
9297.8 168
9298.7 168
9299.7 168
9300.6 168
9301.5 168
9301.5 168
9301.9 168
9302.2 168
9302.6 168
9303 168
9303.3 168
9303.7 168
9304.1 168
9304.4 168
9304.8 168
9305.1 168
9305.5 168
9305.9 168
9306.2 168
9306.6 168
9307 168
9307.3 168
9307.7 168
9308 168
9308.4 168
9308.8 168
9309.1 168
9309.5 168
9309.9 168
9310.2 168
9310.6 168
9311.5 168
9312.4 168
9313.4 168
9314.3 168
9315.2 168
9315.2 168
9315.6 168
9316 168
9316.3 169
9316.7 169
9317 169
9317.4 169
9317.8 169
9318.1 169
9318.5 169
9318.9 169
9319.2 169
9319.6 169
9319.9 169
9320.3 169
9320.7 169
9321 169
9321.4 169
9321.8 169
9322.1 169
9322.5 169
9322.8 169
9323.2 169
9323.6 169
9323.9 169
9324.3 169
9325.2 169
9326.2 169
9327.1 169
9328 169
9329 169
9329 169
9329.3 169
9329.7 169
9330.1 169
9330.4 169
9330.8 169
9331.2 169
9331.5 169
9331.9 169
9332.2 169
9332.6 169
9333 169
9333.3 169
9333.7 169
9334.1 169
9334.4 169
9334.8 169
9335.1 169
9335.5 169
9335.9 169
9336.2 169
9336.6 169
9337 169
9337.3 169
9337.7 169
9338 169
9339 169
9339.9 169
9340.9 169
9341.8 169
9342.8 169
9342.8 169
9343.1 169
9343.5 169
9343.9 169
9344.2 169
9344.6 169
9344.9 169
9345.3 169
9345.7 169
9346 169
9346.4 169
9346.8 169
9347.1 169
9347.5 170
9347.8 170
9348.2 170
9348.6 170
9348.9 170
9349.3 170
9349.7 170
9350 170
9350.4 170
9350.7 170
9351.1 170
9351.5 170
9351.8 170
9352.8 170
9353.7 170
9354.7 170
9355.6 170
9356.6 170
9356.6 170
9357 170
9357.3 170
9357.7 170
9358.1 170
9358.4 170
9358.8 170
9359.1 170
9359.5 170
9359.9 170
9360.2 170
9360.6 170
9361 170
9361.3 170
9361.7 170
9362 170
9362.4 170
9362.8 170
9363.1 170
9363.5 170
9363.9 170
9364.2 170
9364.6 170
9364.9 170
9365.3 170
9365.7 170
9366.6 170
9367.6 170
9368.5 170
9369.5 170
9370.4 170
9370.4 170
9370.8 170
9371.2 170
9371.5 170
9371.9 170
9372.3 170
9372.6 170
9373 170
9373.3 170
9373.7 170
9374.1 170
9374.4 170
9374.8 170
9375.2 170
9375.5 170
9375.9 170
9376.3 170
9376.6 170
9377 170
9377.3 170
9377.7 170
9378.1 170
9378.4 170
9378.8 170
9379.2 170
9379.5 170
9380.5 170
9381.4 170
9382.4 170
9383.4 170
9384.3 170
9384.3 170
9384.7 170
9385.1 170
9385.4 170
9385.8 170
9386.1 170
9386.5 170
9386.9 170
9387.2 170
9387.6 170
9388 170
9388.3 170
9388.7 170
9389.1 170
9389.4 170
9389.8 170
9390.1 170
9390.5 170
9390.9 170
9391.2 170
9391.6 170
9392 170
9392.3 170
9392.7 170
9393 170
9393.4 170
9394.4 170
9395.3 170
9396.3 170
9397.3 170
9398.2 170
9398.2 170
9398.6 170
9399 170
9399.3 171
9399.7 171
9400.1 171
9400.4 171
9400.8 171
9401.1 171
9401.5 171
9401.9 171
9402.2 171
9402.6 171
9403 171
9403.3 171
9403.7 171
9404 171
9404.4 171
9404.8 171
9405.1 171
9405.5 171
9405.9 171
9406.2 171
9406.6 171
9406.9 171
9407.3 171
9408.3 171
9409.3 171
9410.2 171
9411.2 171
9412.2 171
9412.2 171
9412.5 171
9412.9 171
9413.3 171
9413.6 171
9414 171
9414.4 171
9414.7 171
9415.1 171
9415.4 171
9415.8 171
9416.2 171
9416.5 171
9416.9 171
9417.3 171
9417.6 171
9418 171
9418.4 171
9418.7 171
9419.1 171
9419.4 171
9419.8 171
9420.2 171
9420.5 171
9420.9 171
9421.3 171
9422.2 171
9423.2 171
9424.2 171
9425.2 171
9426.2 171
9426.2 171
9426.5 171
9426.9 171
9427.3 171
9427.6 171
9428 171
9428.3 171
9428.7 171
9429.1 171
9429.4 171
9429.8 171
9430.2 171
9430.5 171
9430.9 171
9431.2 171
9431.6 171
9432 171
9432.3 171
9432.7 171
9433.1 171
9433.4 171
9433.8 171
9434.1 171
9434.5 171
9434.9 171
9435.2 171
9436.2 171
9437.2 171
9438.2 171
9439.2 171
9440.2 171
9440.2 171
9440.6 171
9440.9 171
9441.3 171
9441.6 171
9442 171
9442.4 171
9442.7 171
9443.1 171
9443.5 171
9443.8 171
9444.2 171
9444.5 171
9444.9 171
9445.3 171
9445.6 171
9446 171
9446.4 171
9446.7 171
9447.1 171
9447.4 171
9447.8 171
9448.2 171
9448.5 171
9448.9 171
9449.3 171
9450.3 171
9451.2 171
9452.2 171
9453.2 171
9454.2 171
9454.2 171
9454.6 171
9455 171
9455.3 171
9455.7 171
9456 171
9456.4 171
9456.8 171
9457.1 171
9457.5 171
9457.9 171
9458.2 171
9458.6 171
9458.9 171
9459.3 171
9459.7 171
9460 171
9460.4 171
9460.8 171
9461.1 171
9461.5 171
9461.9 171
9462.2 171
9462.6 171
9462.9 171
9463.3 171
9464.3 170
9465.3 170
9466.3 170
9467.3 170
9468.3 171
9468.3 171
9468.7 171
9469 171
9469.4 171
9469.8 171
9470.1 171
9470.5 171
9470.9 171
9471.2 171
9471.6 171
9471.9 171
9472.3 171
9472.7 171
9473 171
9473.4 171
9473.8 171
9474.1 171
9474.5 171
9474.8 171
9475.2 171
9475.6 171
9475.9 171
9476.3 171
9476.7 171
9477 170
9477.4 170
9478.4 170
9479.4 170
9480.4 170
9481.4 171
9482.4 171
9482.4 171
9482.8 171
9483.2 171
9483.5 171
9483.9 171
9484.3 171
9484.6 171
9485 171
9485.3 171
9485.7 171
9486.1 171
9486.4 171
9486.8 171
9487.2 171
9487.5 171
9487.9 171
9488.2 171
9488.6 171
9489 171
9489.3 171
9489.7 171
9490.1 171
9490.4 171
9490.8 171
9491.1 171
9491.5 171
9492.5 171
9493.5 171
9494.5 171
9495.6 171
9496.6 171
9496.6 171
9496.9 171
9497.3 171
9497.7 171
9498 171
9498.4 171
9498.8 171
9499.1 171
9499.5 171
9499.8 171
9500.2 171
9500.6 171
9500.9 171
9501.3 171
9501.7 171
9502 171
9502.4 171
9502.7 171
9503.1 171
9503.5 171
9503.8 171
9504.2 171
9504.6 171
9504.9 171
9505.3 171
9505.6 171
9506.7 171
9507.7 171
9508.7 171
9509.7 171
9510.7 171
9510.8 171
9511.1 171
9511.5 171
9511.8 171
9512.2 171
9512.6 171
9512.9 171
9513.3 171
9513.7 171
9514 171
9514.4 171
9514.7 171
9515.1 171
9515.5 171
9515.8 171
9516.2 171
9516.6 171
9516.9 171
9517.3 171
9517.7 171
9518 171
9518.4 171
9518.7 171
9519.1 171
9519.5 171
9519.8 171
9520.9 171
9521.9 171
9522.9 171
9523.9 171
9525 171
9525 171
9525.3 171
9525.7 171
9526.1 171
9526.4 171
9526.8 171
9527.2 171
9527.5 171
9527.9 171
9528.2 171
9528.6 171
9529 171
9529.3 171
9529.7 171
9530.1 171
9530.4 171
9530.8 171
9531.1 171
9531.5 171
9531.9 171
9532.2 171
9532.6 171
9533 171
9533.3 171
9533.7 171
9534 171
9535.1 171
9536.1 171
9537.2 171
9538.2 171
9539.2 171
9539.2 171
9539.6 171
9540 172
9540.3 172
9540.7 172
9541.1 172
9541.4 172
9541.8 172
9542.1 172
9542.5 172
9542.9 172
9543.2 172
9543.6 172
9544 172
9544.3 172
9544.7 172
9545 172
9545.4 172
9545.8 172
9546.1 172
9546.5 172
9546.9 172
9547.2 172
9547.6 172
9547.9 172
9548.3 172
9549.4 172
9550.4 172
9551.4 172
9552.5 172
9553.5 172
9553.5 172
9553.9 172
9554.3 172
9554.6 172
9555 172
9555.4 172
9555.7 172
9556.1 172
9556.4 172
9556.8 172
9557.2 172
9557.5 172
9557.9 172
9558.3 172
9558.6 172
9559 172
9559.4 172
9559.7 172
9560.1 172
9560.4 172
9560.8 172
9561.2 172
9561.5 172
9561.9 172
9562.3 172
9562.6 172
9563.7 172
9564.7 172
9565.8 172
9566.8 172
9567.9 172
9567.9 172
9568.2 172
9568.6 172
9569 172
9569.3 172
9569.7 172
9570 172
9570.4 172
9570.8 172
9571.1 172
9571.5 172
9571.9 172
9572.2 172
9572.6 172
9572.9 172
9573.3 172
9573.7 172
9574 172
9574.4 172
9574.8 172
9575.1 172
9575.5 172
9575.8 172
9576.2 172
9576.6 172
9576.9 172
9578 172
9579.1 172
9580.1 172
9581.2 172
9582.2 172
9582.2 172
9582.6 172
9583 172
9583.3 172
9583.7 172
9584 172
9584.4 172
9584.8 172
9585.1 172
9585.5 172
9585.9 172
9586.2 172
9586.6 172
9586.9 172
9587.3 172
9587.7 172
9588 172
9588.4 172
9588.8 172
9589.1 172
9589.5 172
9589.8 172
9590.2 172
9590.6 172
9590.9 172
9591.3 172
9592.4 172
9593.4 172
9594.5 172
9595.6 172
9596.6 173
9596.6 173
9597 173
9597.4 173
9597.7 173
9598.1 173
9598.5 173
9598.8 173
9599.2 173
9599.5 173
9599.9 173
9600.3 173
9600.6 173
9601 173
9601.4 173
9601.7 173
9602.1 173
9602.4 173
9602.8 173
9603.2 173
9603.5 173
9603.9 173
9604.3 173
9604.6 173
9605 173
9605.3 173
9605.7 173
9606.8 173
9607.8 173
9608.9 173
9610 173
9611.1 173
9611.1 173
9611.4 173
9611.8 173
9612.1 173
9612.5 173
9612.9 173
9613.2 173
9613.6 173
9614 173
9614.3 173
9614.7 173
9615.1 173
9615.4 173
9615.8 173
9616.1 173
9616.5 173
9616.9 173
9617.2 173
9617.6 173
9618 173
9618.3 173
9618.7 173
9619 173
9619.4 173
9619.8 173
9620.1 173
9621.2 173
9622.3 173
9623.4 173
9624.4 173
9625.5 173
9625.5 173
9625.9 173
9626.3 173
9626.6 173
9627 173
9627.3 173
9627.7 173
9628.1 173
9628.4 173
9628.8 173
9629.2 173
9629.5 173
9629.9 173
9630.2 173
9630.6 173
9631 173
9631.3 173
9631.7 173
9632.1 173
9632.4 173
9632.8 173
9633.1 173
9633.5 173
9633.9 173
9634.2 173
9634.6 173
9635.7 173
9636.8 173
9637.9 173
9638.9 173
9640 173
9640 173
9640.4 173
9640.8 173
9641.1 173
9641.5 173
9641.8 173
9642.2 173
9642.6 173
9642.9 173
9643.3 173
9643.7 173
9644 173
9644.4 173
9644.7 173
9645.1 173
9645.5 173
9645.8 173
9646.2 173
9646.6 173
9646.9 173
9647.3 173
9647.7 173
9648 173
9648.4 173
9648.7 173
9649.1 173
9650.2 173
9651.3 173
9652.4 173
9653.5 173
9654.6 173
9654.6 173
9654.9 173
9655.3 173
9655.7 173
9656 173
9656.4 173
9656.8 173
9657.1 173
9657.5 173
9657.8 173
9658.2 173
9658.6 173
9658.9 173
9659.3 173
9659.7 173
9660 173
9660.4 173
9660.7 173
9661.1 173
9661.5 173
9661.8 173
9662.2 173
9662.6 173
9662.9 173
9663.3 173
9663.7 173
9664.7 173
9665.8 173
9666.9 173
9668 173
9669.1 173
9669.1 173
9669.5 173
9669.9 173
9670.2 173
9670.6 173
9671 173
9671.3 173
9671.7 173
9672.1 173
9672.4 173
9672.8 173
9673.1 173
9673.5 173
9673.9 173
9674.2 173
9674.6 173
9675 173
9675.3 173
9675.7 173
9676 173
9676.4 173
9676.8 173
9677.1 173
9677.5 173
9677.9 173
9678.2 173
9679.3 173
9680.4 173
9681.5 173
9682.6 173
9683.7 173
9683.8 173
9684.1 173
9684.5 173
9684.8 173
9685.2 173
9685.6 173
9685.9 173
9686.3 173
9686.7 173
9687 173
9687.4 173
9687.7 173
9688.1 173
9688.5 173
9688.8 173
9689.2 173
9689.6 173
9689.9 173
9690.3 173
9690.7 173
9691 173
9691.4 173
9691.7 173
9692.1 173
9692.5 173
9692.8 173
9693.9 173
9695 173
9696.2 173
9697.3 173
9698.4 173
9698.4 173
9698.7 173
9699.1 173
9699.5 173
9699.8 173
9700.2 173
9700.6 173
9700.9 173
9701.3 173
9701.7 173
9702 173
9702.4 173
9702.7 173
9703.1 173
9703.5 173
9703.8 173
9704.2 173
9704.6 173
9704.9 173
9705.3 173
9705.6 173
9706 173
9706.4 173
9706.7 173
9707.1 173
9707.5 173
9708.6 173
9709.7 173
9710.8 173
9711.9 173
9713 173
9713.1 173
9713.4 173
9713.8 173
9714.1 173
9714.5 173
9714.9 173
9715.2 173
9715.6 173
9716 173
9716.3 173
9716.7 173
9717 173
9717.4 173
9717.8 173
9718.1 173
9718.5 173
9718.9 173
9719.2 173
9719.6 173
9719.9 173
9720.3 173
9720.7 173
9721 173
9721.4 173
9721.8 173
9722.1 173
9723.3 173
9724.4 173
9725.5 173
9726.6 173
9727.8 173
9727.8 173
9728.1 173
9728.5 173
9728.9 173
9729.2 173
9729.6 173
9729.9 173
9730.3 173
9730.7 173
9731 173
9731.4 173
9731.8 173
9732.1 173
9732.5 173
9732.8 173
9733.2 173
9733.6 173
9733.9 173
9734.3 173
9734.7 173
9735 173
9735.4 173
9735.8 173
9736.1 173
9736.5 173
9736.8 173
9738 173
9739.1 173
9740.2 173
9741.4 173
9742.5 173
9742.5 173
9742.9 173
9743.3 173
9743.6 173
9744 173
9744.3 173
9744.7 173
9745.1 173
9745.4 173
9745.8 173
9746.2 173
9746.5 173
9746.9 173
9747.2 173
9747.6 173
9748 173
9748.3 173
9748.7 173
9749.1 173
9749.4 173
9749.8 173
9750.1 173
9750.5 173
9750.9 173
9751.2 173
9751.6 173
9752.7 173
9753.9 173
9755 173
9756.2 173
9757.3 173
9757.3 173
9757.7 173
9758.1 173
9758.4 173
9758.8 173
9759.1 173
9759.5 173
9759.9 173
9760.2 173
9760.6 173
9761 173
9761.3 173
9761.7 173
9762 173
9762.4 173
9762.8 173
9763.1 173
9763.5 173
9763.9 173
9764.2 173
9764.6 173
9764.9 173
9765.3 173
9765.7 173
9766 173
9766.4 173
9767.5 173
9768.7 173
9769.8 173
9771 173
9772.1 173
9772.1 173
9772.5 173
9772.9 173
9773.2 173
9773.6 173
9774 173
9774.3 173
9774.7 173
9775 173
9775.4 173
9775.8 174
9776.1 174
9776.5 174
9776.9 174
9777.2 174
9777.6 174
9777.9 174
9778.3 174
9778.7 174
9779 174
9779.4 174
9779.8 174
9780.1 174
9780.5 174
9780.9 174
9781.2 174
9782.4 174
9783.5 174
9784.7 174
9785.8 174
9787 174
9787 174
9787.4 174
9787.7 174
9788.1 174
9788.5 174
9788.8 174
9789.2 174
9789.5 174
9789.9 174
9790.3 174
9790.6 174
9791 174
9791.4 174
9791.7 174
9792.1 174
9792.4 174
9792.8 174
9793.2 174
9793.5 174
9793.9 174
9794.3 174
9794.6 174
9795 174
9795.3 174
9795.7 174
9796.1 174
9797.2 174
9798.4 174
9799.6 174
9800.7 174
9801.9 174
9801.9 174
9802.3 174
9802.6 174
9803 174
9803.4 174
9803.7 174
9804.1 174
9804.5 174
9804.8 174
9805.2 174
9805.5 174
9805.9 174
9806.3 174
9806.6 174
9807 174
9807.4 174
9807.7 174
9808.1 174
9808.4 174
9808.8 174
9809.2 174
9809.5 174
9809.9 174
9810.3 174
9810.6 174
9811 174
9812.1 174
9813.3 174
9814.5 174
9815.7 174
9816.8 174
9816.8 174
9817.2 174
9817.6 174
9817.9 174
9818.3 174
9818.6 174
9819 174
9819.4 174
9819.7 174
9820.1 174
9820.5 174
9820.8 174
9821.2 174
9821.6 174
9821.9 174
9822.3 174
9822.6 174
9823 174
9823.4 174
9823.7 174
9824.1 174
9824.5 174
9824.8 174
9825.2 174
9825.5 174
9825.9 174
9827.1 174
9828.3 174
9829.4 174
9830.6 174
9831.8 174
9831.8 174
9832.2 174
9832.5 174
9832.9 174
9833.3 174
9833.6 174
9834 174
9834.3 174
9834.7 174
9835.1 174
9835.4 174
9835.8 174
9836.2 174
9836.5 174
9836.9 174
9837.2 174
9837.6 174
9838 174
9838.3 174
9838.7 174
9839.1 174
9839.4 174
9839.8 174
9840.1 174
9840.5 174
9840.9 174
9842.1 174
9843.2 174
9844.4 174
9845.6 174
9846.8 174
9846.8 174
9847.2 174
9847.5 174
9847.9 174
9848.3 174
9848.6 174
9849 175
9849.4 175
9849.7 175
9850.1 175
9850.4 175
9850.8 175
9851.2 175
9851.5 175
9851.9 175
9852.3 175
9852.6 175
9853 175
9853.3 175
9853.7 175
9854.1 175
9854.4 175
9854.8 175
9855.2 175
9855.5 175
9855.9 174
9857.1 174
9858.3 174
9859.5 174
9860.7 175
9861.9 175
9861.9 175
9862.2 175
9862.6 175
9863 175
9863.3 175
9863.7 175
9864 175
9864.4 175
9864.8 175
9865.1 175
9865.5 175
9865.9 175
9866.2 175
9866.6 175
9867 175
9867.3 175
9867.7 175
9868 175
9868.4 175
9868.8 175
9869.1 175
9869.5 175
9869.9 175
9870.2 175
9870.6 175
9870.9 175
9872.1 175
9873.3 175
9874.6 175
9875.8 175
9877 175
9877 175
9877.3 175
9877.7 175
9878.1 175
9878.4 175
9878.8 175
9879.1 175
9879.5 175
9879.9 175
9880.2 175
9880.6 175
9881 175
9881.3 175
9881.7 175
9882.1 175
9882.4 175
9882.8 175
9883.1 175
9883.5 175
9883.9 175
9884.2 175
9884.6 175
9885 175
9885.3 175
9885.7 175
9886 175
9887.2 175
9888.5 175
9889.7 175
9890.9 175
9892.1 175
9892.1 175
9892.5 175
9892.8 175
9893.2 175
9893.5 175
9893.9 175
9894.3 175
9894.6 175
9895 175
9895.4 175
9895.7 175
9896.1 175
9896.4 175
9896.8 175
9897.2 175
9897.5 175
9897.9 175
9898.3 175
9898.6 175
9899 175
9899.3 175
9899.7 175
9900.1 174
9900.4 174
9900.8 174
9901.2 174
9902.4 174
9903.6 174
9904.8 174
9906 174
9907.2 174
9907.3 174
9907.6 174
9908 174
9908.3 174
9908.7 174
9909.1 174
9909.4 174
9909.8 174
9910.2 174
9910.5 174
9910.9 174
9911.2 174
9911.6 174
9912 174
9912.3 174
9912.7 174
9913.1 174
9913.4 174
9913.8 174
9914.1 174
9914.5 174
9914.9 174
9915.2 174
9915.6 174
9916 174
9916.3 174
9917.5 174
9918.8 174
9920 174
9921.2 174
9922.4 174
9922.4 174
9922.8 174
9923.2 174
9923.5 174
9923.9 174
9924.3 174
9924.6 174
9925 174
9925.3 174
9925.7 174
9926.1 174
9926.4 174
9926.8 174
9927.2 174
9927.5 174
9927.9 174
9928.2 174
9928.6 174
9929 174
9929.3 174
9929.7 174
9930.1 174
9930.4 174
9930.8 174
9931.1 174
9931.5 174
9932.7 174
9934 174
9935.2 174
9936.4 174
9937.7 174
9937.7 174
9938 174
9938.4 174
9938.8 174
9939.1 174
9939.5 174
9939.8 174
9940.2 174
9940.6 174
9940.9 174
9941.3 174
9941.7 174
9942 174
9942.4 174
9942.7 174
9943.1 174
9943.5 174
9943.8 174
9944.2 174
9944.6 174
9944.9 174
9945.3 174
9945.6 174
9946 174
9946.4 174
9946.7 174
9948 174
9949.2 174
9950.5 174
9951.7 174
9952.9 174
9952.9 174
9953.3 174
9953.7 174
9954 174
9954.4 174
9954.8 174
9955.1 174
9955.5 174
9955.8 174
9956.2 174
9956.6 174
9956.9 175
9957.3 175
9957.7 175
9958 175
9958.4 175
9958.7 175
9959.1 175
9959.5 175
9959.8 175
9960.2 175
9960.6 175
9960.9 175
9961.3 175
9961.6 175
9962 175
9963.3 174
9964.5 175
9965.8 175
9967 175
9968.2 175
9968.3 175
9968.6 175
9969 175
9969.3 175
9969.7 175
9970.1 175
9970.4 175
9970.8 175
9971.2 175
9971.5 175
9971.9 175
9972.2 175
9972.6 175
9973 175
9973.3 175
9973.7 175
9974.1 175
9974.4 175
9974.8 175
9975.1 175
9975.5 175
9975.9 175
9976.2 175
9976.6 175
9977 175
9977.3 175
9978.6 175
9979.8 175
9981.1 175
9982.4 175
9983.6 175
9983.6 175
9984 175
9984.3 175
9984.7 175
9985.1 175
9985.4 175
9985.8 175
9986.2 175
9986.5 175
9986.9 175
9987.2 175
9987.6 175
9988 175
9988.3 175
9988.7 175
9989.1 175
9989.4 175
9989.8 175
9990.1 175
9990.5 175
9990.9 175
9991.2 175
9991.6 175
9992 175
9992.3 175
9992.7 175
9994 175
9995.2 175
9996.5 175
9997.8 175
9999 175
9999 175
9999.4 175
9999.8 175
10000 175
10000 175
10001 175
10001 175
10002 175
10002 175
10002 175
10003 175
10003 175
10003 175
10004 175
10004 175
10004 175
10005 175
10005 175
10006 175
10006 175
10006 175
10007 175
10007 175
10007 175
10008 175
10008 175
10009 175
10011 175
10012 175
10013 175
10014 175
10014 175
10015 175
10015 175
10016 175
10016 175
10016 175
10017 175
10017 175
10017 176
10018 176
10018 176
10018 176
10019 176
10019 176
10020 176
10020 176
10020 176
10021 176
10021 176
10021 176
10022 176
10022 176
10022 176
10023 176
10023 176
10024 176
10025 176
10026 176
10027 176
10029 176
10030 176
10030 176
10030 176
10031 176
10031 176
10031 176
10032 176
10032 176
10032 176
10033 176
10033 176
10034 176
10034 176
10034 176
10035 176
10035 176
10035 176
10036 176
10036 176
10036 176
10037 176
10037 176
10038 176
10038 176
10038 176
10039 176
10039 176
10040 176
10042 176
10043 176
10044 176
10045 176
10045 176
10046 176
10046 176
10047 176
10047 176
10047 176
10048 176
10048 176
10048 176
10049 176
10049 176
10049 176
10050 176
10050 176
10051 176
10051 176
10051 176
10052 176
10052 176
10052 176
10053 176
10053 176
10053 176
10054 176
10054 176
10054 176
10056 176
10057 176
10058 176
10060 176
10061 176
10061 176
10061 176
10062 176
10062 176
10062 176
10063 176
10063 176
10064 176
10064 176
10064 176
10065 176
10065 176
10065 176
10066 176
10066 176
10066 176
10067 176
10067 176
10067 176
10068 176
10068 176
10069 176
10069 176
10069 176
10070 176
10070 176
10071 176
10073 176
10074 176
10075 176
10077 176
10077 176
10077 176
10077 176
10078 176
10078 176
10078 176
10079 176
10079 176
10079 176
10080 176
10080 176
10081 176
10081 176
10081 176
10082 176
10082 176
10082 176
10083 176
10083 176
10083 176
10084 176
10084 176
10085 176
10085 176
10085 176
10086 176
10087 176
10088 176
10090 176
10091 176
10092 176
10092 176
10093 176
10093 176
10093 176
10094 176
10094 176
10094 176
10095 176
10095 176
10095 176
10096 176
10096 176
10097 176
10097 176
10097 176
10098 176
10098 176
10098 176
10099 176
10099 176
10099 176
10100 176
10100 176
10101 176
10101 176
10101 176
10103 176
10104 176
10105 176
10107 176
10108 176
10108 176
10108 176
10109 176
10109 176
10109 176
10110 176
10110 176
10110 176
10111 176
10111 176
10111 176
10112 176
10112 176
10113 176
10113 176
10113 176
10114 176
10114 176
10114 176
10115 176
10115 176
10115 176
10116 176
10116 176
10117 176
10117 176
10118 176
10120 176
10121 176
10122 176
10124 176
10124 176
10124 176
10124 176
10125 176
10125 176
10125 176
10126 176
10126 176
10126 176
10127 176
10127 176
10128 176
10128 176
10128 176
10129 176
10129 176
10129 176
10130 176
10130 176
10130 176
10131 176
10131 176
10132 176
10132 176
10132 176
10133 176
10134 176
10135 176
10137 176
10138 176
10139 176
10139 176
10140 176
10140 176
10140 176
10141 176
10141 176
10141 176
10142 176
10142 176
10143 176
10143 176
10143 176
10144 176
10144 176
10144 176
10145 176
10145 176
10145 176
10146 176
10146 176
10147 176
10147 176
10147 176
10148 176
10148 176
10148 176
10150 176
10151 176
10152 176
10154 176
10155 176
10155 176
10155 176
10156 176
10156 176
10156 176
10157 176
10157 176
10158 176
10158 176
10158 176
10159 176
10159 176
10159 176
10160 176
10160 176
10160 176
10161 176
10161 176
10162 176
10162 176
10162 176
10163 176
10163 176
10163 176
10164 176
10164 176
10165 176
10167 176
10168 176
10169 176
10171 176
10171 176
10171 176
10172 176
10172 176
10172 176
10173 176
10173 176
10173 176
10174 176
10174 176
10174 176
10175 176
10175 176
10176 176
10176 176
10176 176
10177 176
10177 176
10177 176
10178 176
10178 176
10178 176
10179 176
10179 176
10180 176
10180 176
10181 176
10183 176
10184 176
10185 176
10187 176
10187 176
10187 176
10187 176
10188 176
10188 176
10189 176
10189 176
10189 176
10190 176
10190 176
10190 176
10191 176
10191 176
10191 176
10192 176
10192 176
10193 176
10193 176
10193 176
10194 176
10194 176
10194 176
10195 176
10195 176
10195 176
10196 176
10197 176
10199 176
10200 176
10201 176
10203 176
10203 176
10203 176
10203 176
10204 176
10204 176
10204 176
10205 176
10205 176
10206 176
10206 176
10206 176
10207 176
10207 176
10207 176
10208 176
10208 176
10208 176
10209 176
10209 176
10210 176
10210 176
10210 176
10211 176
10211 176
10211 176
10212 176
10213 176
10214 176
10216 176
10217 176
10219 176
10219 176
10219 176
10219 176
10220 176
10220 176
10220 176
10221 176
10221 176
10221 176
10222 176
10222 176
10223 176
10223 176
10223 176
10224 176
10224 176
10224 176
10225 176
10225 176
10225 176
10226 176
10226 176
10227 176
10227 176
10227 176
10228 176
10229 176
10230 176
10232 176
10233 176
10235 176
10235 176
10235 176
10235 176
10236 176
10236 176
10236 176
10237 176
10237 176
10237 176
10238 176
10238 176
10239 176
10239 176
10239 176
10240 176
10240 176
10240 176
10241 176
10241 176
10241 176
10242 176
10242 176
10243 176
10243 176
10243 176
10244 176
10245 176
10246 176
10248 176
10249 176
10251 176
10251 176
10251 176
10251 176
10252 176
10252 176
10252 176
10253 176
10253 176
10253 176
10254 176
10254 176
10255 176
10255 176
10255 176
10256 176
10256 176
10256 176
10257 176
10257 176
10257 176
10258 176
10258 176
10259 176
10259 176
10259 176
10260 176
10261 176
10262 176
10264 176
10265 176
10267 176
10267 176
10267 176
10267 176
10268 176
10268 176
10268 176
10269 176
10269 176
10270 176
10270 176
10270 176
10271 176
10271 176
10271 176
10272 176
10272 176
10272 176
10273 176
10273 176
10274 176
10274 176
10274 176
10275 176
10275 176
10275 176
10276 176
10277 176
10278 176
10280 176
10281 176
10283 176
10283 176
10283 176
10283 176
10284 176
10284 176
10285 176
10285 176
10285 176
10286 176
10286 176
10286 176
10287 176
10287 176
10287 176
10288 176
10288 176
10289 176
10289 176
10289 176
10290 176
10290 176
10290 176
10291 176
10291 176
10291 176
10292 176
10293 176
10295 176
10296 176
10297 176
10299 177
10299 177
10299 177
10300 177
10300 177
10300 177
10301 177
10301 177
10301 177
10302 177
10302 177
10302 177
10303 177
10303 177
10304 177
10304 177
10304 177
10305 177
10305 177
10305 177
10306 177
10306 177
10306 177
10307 177
10307 177
10308 177
10308 177
10309 177
10311 177
10312 177
10314 177
10315 177
10315 177
10315 177
10316 177
10316 177
10316 177
10317 177
10317 177
10318 177
10318 177
10318 177
10319 177
10319 177
10319 177
10320 177
10320 177
10320 177
10321 177
10321 177
10322 177
10322 177
10322 177
10323 177
10323 177
10323 177
10324 177
10324 177
10326 177
10327 177
10328 177
10330 177
10331 177
10331 177
10332 177
10332 177
10332 177
10333 177
10333 177
10333 177
10334 177
10334 177
10335 177
10335 177
10335 177
10336 177
10336 177
10336 177
10337 177
10337 177
10337 177
10338 177
10338 177
10339 177
10339 177
10339 177
10340 177
10340 177
10340 177
10342 177
10343 177
10345 177
10346 177
10348 177
10348 177
10348 177
10348 177
10349 177
10349 177
10349 177
10350 177
10350 177
10350 177
10351 177
10351 177
10352 177
10352 177
10352 177
10353 177
10353 177
10353 177
10354 177
10354 177
10354 177
10355 177
10355 177
10356 177
10356 177
10356 177
10357 177
10358 177
10359 177
10361 177
10362 177
10364 177
10364 177
10364 177
10365 177
10365 177
10365 177
10366 177
10366 177
10366 177
10367 177
10367 177
10367 177
10368 177
10368 177
10369 177
10369 177
10369 177
10370 177
10370 177
10370 177
10371 177
10371 177
10371 177
10372 177
10372 177
10373 177
10373 177
10374 177
10376 177
10377 177
10379 177
10380 177
10380 177
10381 177
10381 177
10381 177
10382 177
10382 177
10382 177
10383 177
10383 177
10383 177
10384 177
10384 177
10385 177
10385 177
10385 177
10386 177
10386 177
10386 177
10387 177
10387 177
10387 177
10388 177
10388 177
10388 177
10389 177
10389 177
10391 177
10392 177
10394 177
10395 177
10397 177
10397 177
10397 177
10397 177
10398 177
10398 177
10398 177
10399 177
10399 177
10399 177
10400 177
10400 177
10401 177
10401 177
10401 177
10402 177
10402 177
10402 177
10403 177
10403 177
10403 177
10404 177
10404 177
10405 177
10405 177
10405 177
10406 177
10407 177
10409 176
10410 176
10411 176
10413 176
10413 176
10413 176
10414 176
10414 176
10414 176
10415 176
10415 176
10415 176
10416 176
10416 176
10417 176
10417 176
10417 176
10418 176
10418 176
10418 176
10419 176
10419 176
10419 176
10420 176
10420 176
10421 176
10421 176
10421 176
10422 176
10422 176
10423 176
10425 176
10426 176
10428 176
10429 176
10429 176
10430 176
10430 176
10431 176
10431 176
10431 176
10432 176
10432 176
10432 176
10433 176
10433 176
10433 176
10434 176
10434 176
10434 176
10435 176
10435 176
10436 176
10436 176
10436 176
10437 176
10437 176
10437 176
10438 176
10438 176
10438 176
10440 176
10441 176
10443 176
10444 176
10446 176
10446 176
10446 176
10447 176
10447 176
10447 176
10448 176
10448 176
10448 176
10449 176
10449 176
10450 176
10450 176
10450 176
10451 176
10451 176
10451 176
10452 176
10452 176
10452 176
10453 176
10453 176
10454 176
10454 176
10454 176
10455 176
10455 176
10456 176
10458 176
10459 176
10461 176
10462 176
10462 176
10463 176
10463 176
10464 176
10464 176
10464 176
10465 176
10465 176
10465 176
10466 176
10466 176
10466 176
10467 176
10467 176
10468 176
10468 176
10468 176
10469 176
10469 176
10469 176
10470 176
10470 176
10470 176
10471 176
10471 176
10472 176
10473 176
10475 176
10476 176
10478 176
10479 176
10479 176
10479 176
10480 176
10480 176
10481 176
10481 176
10481 176
10482 176
10482 176
10482 176
10483 176
10483 176
10483 176
10484 176
10484 176
10485 176
10485 176
10485 176
10486 176
10486 176
10486 176
10487 176
10487 176
10487 176
10488 176
10488 176
10490 176
10491 176
10493 176
10494 176
10496 176
10496 176
10496 176
10496 176
10497 176
10497 176
10498 176
10498 176
10498 176
10499 177
10499 177
10499 177
10500 177
10500 177
10500 177
10501 177
10501 177
10502 177
10502 177
10502 177
10503 177
10503 177
10503 177
10504 177
10504 177
10504 177
10505 177
10506 177
10508 177
10509 177
10511 177
10512 177
10512 177
10513 177
10513 177
10513 177
10514 177
10514 177
10515 177
10515 177
10515 177
10516 177
10516 177
10516 177
10517 177
10517 177
10517 177
10518 177
10518 177
10519 177
10519 177
10519 177
10520 177
10520 177
10520 177
10521 177
10521 177
10521 177
10523 177
10524 177
10526 177
10528 177
10529 177
10529 177
10529 177
10530 177
10530 177
10531 177
10531 177
10531 177
10532 177
10532 177
10532 177
10533 177
10533 177
10533 177
10534 177
10534 177
10535 177
10535 177
10535 177
10536 177
10536 177
10536 177
10537 177
10537 177
10537 177
10538 177
10538 177
10540 177
10541 177
10543 177
10544 177
10546 177
10546 177
10546 177
10547 177
10547 177
10547 177
10548 177
10548 177
10548 177
10549 177
10549 177
10549 177
10550 177
10550 177
10551 177
10551 177
10551 177
10552 177
10552 177
10552 177
10553 177
10553 177
10553 177
10554 177
10554 177
10555 177
10555 177
10556 177
10558 177
10560 177
10561 177
10563 177
10563 177
10563 177
10563 177
10564 177
10564 177
10564 177
10565 177
10565 177
10566 177
10566 177
10566 177
10567 177
10567 177
10567 177
10568 177
10568 177
10568 177
10569 177
10569 177
10570 177
10570 177
10570 177
10571 177
10571 177
10571 177
10572 177
10573 177
10575 177
10576 177
10578 177
10579 177
10580 177
10580 177
10580 177
10581 177
10581 177
10581 177
10582 177
10582 177
10582 177
10583 177
10583 177
10583 177
10584 177
10584 177
10585 177
10585 177
10585 177
10586 177
10586 177
10586 177
10587 177
10587 177
10587 177
10588 177
10588 177
10589 177
10590 177
10592 177
10593 177
10595 177
10596 177
10596 177
10597 177
10597 177
10597 177
10598 177
10598 177
10599 177
10599 177
10599 177
10600 177
10600 177
10600 177
10601 177
10601 177
10601 177
10602 177
10602 177
10603 177
10603 177
10603 177
10604 177
10604 177
10604 177
10605 177
10605 177
10605 177
10607 177
10609 177
10610 177
10612 177
10613 177
10613 177
10614 177
10614 177
10614 177
10615 177
10615 177
10616 177
10616 177
10616 177
10617 177
10617 177
10617 177
10618 177
10618 177
10618 177
10619 177
10619 177
10619 177
10620 177
10620 177
10621 177
10621 177
10621 177
10622 177
10622 177
10622 177
10624 177
10626 177
10627 177
10629 177
10630 177
10630 177
10631 177
10631 177
10631 177
10632 177
10632 177
10632 177
10633 177
10633 177
10634 177
10634 177
10634 177
10635 177
10635 177
10635 177
10636 177
10636 177
10636 177
10637 177
10637 177
10638 177
10638 177
10638 177
10639 177
10639 177
10639 177
10641 177
10643 177
10644 177
10646 177
10647 177
10647 177
10648 177
10648 177
10648 177
10649 177
10649 177
10649 177
10650 177
10650 177
10651 177
10651 177
10651 177
10652 177
10652 177
10652 177
10653 177
10653 177
10653 177
10654 177
10654 177
10655 177
10655 177
10655 177
10656 177
10656 177
10656 177
10658 177
10660 177
10661 177
10663 177
10664 177
10664 177
10665 177
10665 177
10665 177
10666 177
10666 177
10667 177
10667 177
10667 177
10668 177
10668 177
10668 177
10669 177
10669 177
10669 177
10670 177
10670 177
10671 177
10671 177
10671 177
10672 177
10672 177
10672 177
10673 177
10673 177
10673 177
10675 177
10677 177
10678 177
10680 177
10681 177
10681 177
10682 177
10682 177
10683 177
10683 177
10683 177
10684 177
10684 177
10684 177
10685 177
10685 177
10685 177
10686 177
10686 177
10687 177
10687 177
10687 177
10688 177
10688 177
10688 177
10689 177
10689 177
10689 177
10690 177
10690 177
10691 177
10692 177
10694 177
10695 177
10697 177
10699 177
10699 177
10699 177
10699 177
10700 177
10700 177
10700 177
10701 177
10701 177
10702 177
10702 177
10702 177
10703 177
10703 177
10703 177
10704 177
10704 177
10704 177
10705 177
10705 177
10706 177
10706 177
10706 177
10707 177
10707 177
10707 177
10708 177
10709 177
10711 177
10713 177
10714 177
10716 177
10716 177
10716 177
10717 177
10717 177
10717 177
10718 177
10718 177
10718 177
10719 177
10719 177
10719 177
10720 177
10720 177
10721 177
10721 177
10721 177
10722 177
10722 177
10722 177
10723 177
10723 177
10723 177
10724 177
10724 177
10725 177
10725 177
10727 177
10728 177
10730 177
10731 177
10733 177
10733 177
10733 177
10734 177
10734 177
10735 177
10735 177
10735 177
10736 177
10736 177
10736 177
10737 177
10737 177
10737 177
10738 177
10738 177
10738 177
10739 177
10739 177
10740 177
10740 177
10740 177
10741 177
10741 177
10741 177
10742 177
10742 177
10744 177
10745 177
10747 177
10749 177
10750 177
10750 177
10751 177
10751 177
10751 177
10752 177
10752 177
10752 177
10753 177
10753 177
10754 177
10754 177
10754 177
10755 177
10755 177
10755 177
10756 177
10756 177
10756 177
10757 177
10757 177
10758 177
10758 177
10758 177
10759 177
10759 177
10759 177
10761 177
10763 177
10764 177
10766 177
10768 177
10768 177
10768 177
10768 177
10769 177
10769 177
10769 177
10770 177
10770 177
10771 177
10771 177
10771 177
10772 177
10772 177
10772 177
10773 177
10773 177
10773 177
10774 177
10774 177
10775 177
10775 177
10775 177
10776 177
10776 177
10776 177
10777 177
10778 177
10780 177
10782 177
10783 177
10785 177
10785 177
10785 177
10786 177
10786 177
10786 177
10787 177
10787 177
10788 177
10788 177
10788 177
10789 177
10789 177
10789 177
10790 177
10790 177
10790 177
10791 177
10791 177
10792 177
10792 177
10792 177
10793 177
10793 177
10793 177
10794 177
10794 177
10796 177
10797 177
10799 177
10801 177
10802 178
10802 178
10803 178
10803 178
10803 178
10804 178
10804 178
10805 178
10805 178
10805 178
10806 178
10806 178
10806 178
10807 178
10807 178
10807 178
10808 178
10808 178
10809 178
10809 178
10809 178
10810 178
10810 178
10810 178
10811 178
10811 178
10811 178
10813 178
10815 178
10816 178
10818 178
10820 178
10820 178
10820 178
10821 178
10821 178
10821 178
10822 178
10822 178
10822 178
10823 178
10823 178
10823 178
10824 178
10824 178
10825 178
10825 178
10825 178
10826 178
10826 178
10826 178
10827 178
10827 178
10827 178
10828 178
10828 178
10829 178
10829 178
10831 178
10832 178
10834 178
10836 178
10837 178
10837 178
10838 178
10838 178
10838 178
10839 178
10839 178
10840 178
10840 178
10840 178
10841 178
10841 178
10841 178
10842 178
10842 178
10842 178
10843 178
10843 178
10844 178
10844 178
10844 178
10845 178
10845 178
10845 178
10846 178
10846 178
10846 178
10848 178
10850 178
10852 178
10853 178
10855 178
10855 178
10855 178
10856 178
10856 178
10856 178
10857 178
10857 178
10857 178
10858 178
10858 178
10859 178
10859 178
10859 178
10860 178
10860 178
10860 178
10861 178
10861 178
10861 178
10862 178
10862 178
10863 178
10863 178
10863 178
10864 178
10864 178
10866 178
10867 178
10869 178
10871 178
10872 178
10873 178
10873 178
10873 178
10874 178
10874 178
10874 178
10875 178
10875 178
10875 178
10876 178
10876 178
10876 178
10877 178
10877 178
10878 178
10878 178
10878 178
10879 178
10879 178
10879 178
10880 178
10880 178
10880 178
10881 178
10881 178
10882 178
10883 178
10885 178
10887 178
10888 178
10890 178
10890 178
10890 178
10891 178
10891 178
10892 178
10892 178
10892 178
10893 178
10893 178
10893 178
10894 178
10894 178
10894 178
10895 178
10895 178
10896 178
10896 178
10896 178
10897 178
10897 178
10897 178
10898 178
10898 178
10898 178
10899 178
10899 178
10901 178
10903 178
10904 178
10906 178
10908 178
10908 178
10908 178
10909 178
10909 178
10909 178
10910 178
10910 178
10910 178
10911 178
10911 178
10911 178
10912 178
10912 178
10912 178
10913 178
10913 178
10914 178
10914 178
10914 178
10915 178
10915 178
10915 178
10916 178
10916 178
10916 178
10917 178
10919 178
10920 178
10922 178
10924 178
10925 178
10926 178
10926 178
10926 178
10927 178
10927 178
10927 178
10928 178
10928 178
10928 178
10929 178
10929 178
10929 178
10930 178
10930 178
10931 178
10931 178
10931 178
10932 178
10932 178
10932 178
10933 178
10933 178
10933 178
10934 178
10934 178
10935 178
10936 178
10938 178
10940 178
10942 178
10943 178
10943 178
10944 178
10944 178
10944 178
10945 178
10945 178
10945 178
10946 178
10946 178
10947 178
10947 178
10947 178
10948 178
10948 178
10948 178
10949 178
10949 178
10949 178
10950 178
10950 178
10951 177
10951 177
10951 177
10952 177
10952 177
10952 177
10954 177
10956 177
10958 177
10959 177
10961 177
10961 177
10961 177
10962 177
10962 177
10963 177
10963 177
10963 177
10964 177
10964 177
10964 177
10965 177
10965 177
10965 177
10966 177
10966 177
10967 177
10967 177
10967 177
10968 177
10968 177
10968 177
10969 177
10969 177
10969 177
10970 177
10970 177
10972 177
10974 177
10975 177
10977 177
10979 177
10979 177
10979 177
10980 177
10980 177
10980 177
10981 177
10981 177
10981 177
10982 177
10982 177
10983 177
10983 177
10983 177
10984 177
10984 177
10984 177
10985 177
10985 177
10985 177
10986 177
10986 177
10987 177
10987 177
10987 177
10988 177
10988 177
10990 177
10992 177
10993 177
10995 177
10997 177
10997 177
10997 177
10998 177
10998 177
10998 177
10999 177
10999 177
10999 177
11000 177
11000 177
11000 177
11001 177
11001 177
11002 177
11002 177
11002 177
11003 177
11003 177
11003 177
11004 177
11004 177
11004 177
11005 177
11005 177
11006 177
11006 177
11008 177
11009 177
11011 177
11013 177
11015 177
11015 177
11015 177
11016 177
11016 177
11016 177
11017 177
11017 177
11017 177
11018 177
11018 177
11018 177
11019 177
11019 177
11020 177
11020 177
11020 177
11021 177
11021 177
11021 177
11022 177
11022 177
11022 177
11023 177
11023 177
11024 177
11024 177
11026 177
11027 177
11029 177
11031 177
11033 177
11033 177
11033 177
11034 177
11034 177
11034 177
11035 177
11035 177
11035 177
11036 177
11036 177
11036 177
11037 177
11037 177
11038 177
11038 177
11038 177
11039 177
11039 177
11039 177
11040 177
11040 177
11040 177
11041 177
11041 177
11041 177
11042 177
11044 177
11045 177
11047 177
11049 177
11051 177
11051 177
11051 177
11052 177
11052 177
11052 177
11053 177
11053 177
11053 177
11054 177
11054 177
11054 177
11055 177
11055 177
11056 177
11056 177
11056 177
11057 177
11057 177
11057 177
11058 177
11058 177
11058 177
11059 177
11059 177
11060 177
11060 177
11062 177
11063 177
11065 177
11067 177
11069 177
11069 177
11069 177
11070 177
11070 177
11070 177
11071 177
11071 177
11071 177
11072 177
11072 177
11073 177
11073 177
11073 177
11074 177
11074 177
11074 177
11075 177
11075 177
11075 177
11076 177
11076 177
11077 177
11077 177
11077 177
11078 177
11078 177
11080 177
11082 177
11083 177
11085 177
11087 177
11087 177
11087 177
11088 177
11088 177
11089 177
11089 177
11089 177
11090 177
11090 177
11090 177
11091 177
11091 177
11091 177
11092 177
11092 178
11092 178
11093 178
11093 178
11094 177
11094 177
11094 177
11095 177
11095 177
11095 177
11096 177
11096 177
11098 177
11100 177
11102 177
11103 177
11105 177
11105 177
11106 178
11106 178
11106 178
11107 178
11107 178
11107 178
11108 178
11108 178
11108 178
11109 178
11109 178
11110 178
11110 178
11110 178
11111 178
11111 178
11111 178
11112 178
11112 178
11112 178
11113 178
11113 178
11114 178
11114 178
11114 178
11116 178
11118 177
11120 177
11122 178
11123 178
11123 178
11124 178
11124 178
11125 178
11125 178
11125 178
11126 178
11126 178
11126 178
11127 178
11127 178
11127 178
11128 178
11128 178
11129 178
11129 178
11129 178
11130 178
11130 178
11130 178
11131 178
11131 178
11131 178
11132 178
11132 178
11133 178
11134 178
11136 178
11138 178
11140 178
11142 178
11142 178
11142 178
11142 178
11143 178
11143 178
11144 178
11144 178
11144 178
11145 178
11145 178
11145 178
11146 178
11146 178
11146 178
11147 178
11147 178
11147 178
11148 178
11148 178
11149 178
11149 178
11149 178
11150 178
11150 178
11150 178
11151 178
11153 178
11154 178
11156 178
11158 178
11160 178
11160 178
11160 178
11161 178
11161 178
11161 178
11162 178
11162 178
11163 178
11163 178
11163 178
11164 178
11164 178
11164 178
11165 178
11165 178
11165 178
11166 178
11166 178
11167 178
11167 178
11167 178
11168 178
11168 178
11168 178
11169 178
11169 178
11171 178
11173 177
11175 177
11176 177
11178 178
11178 178
11179 178
11179 178
11179 178
11180 178
11180 178
11181 178
11181 178
11181 178
11182 178
11182 178
11182 178
11183 178
11183 178
11183 178
11184 178
11184 178
11185 178
11185 178
11185 178
11186 178
11186 178
11186 178
11187 178
11187 177
11187 177
11189 177
11191 177
11193 177
11195 177
11197 177
11197 177
11197 177
11197 177
11198 177
11198 177
11199 177
11199 177
11199 177
11200 177
11200 177
11200 177
11201 177
11201 177
11201 177
11202 177
11202 177
11203 177
11203 177
11203 177
11204 177
11204 177
11204 177
11205 177
11205 177
11205 177
11206 177
11208 177
11210 177
11211 177
11213 177
11215 177
11215 177
11216 177
11216 177
11216 177
11217 177
11217 177
11217 177
11218 177
11218 177
11218 177
11219 177
11219 177
11220 177
11220 177
11220 177
11221 177
11221 177
11221 177
11222 177
11222 177
11222 177
11223 177
11223 177
11224 177
11224 177
11224 177
11226 177
11228 177
11230 177
11232 177
11234 177
11234 177
11234 177
11234 177
11235 177
11235 177
11236 177
11236 177
11236 177
11237 177
11237 177
11237 177
11238 177
11238 177
11238 177
11239 177
11239 177
11240 177
11240 177
11240 177
11241 177
11241 177
11241 177
11242 177
11242 177
11242 177
11243 177
11245 177
11247 177
11248 177
11250 177
11252 177
11252 177
11253 177
11253 177
11253 177
11254 177
11254 177
11254 177
11255 177
11255 177
11256 177
11256 177
11256 177
11257 177
11257 177
11257 177
11258 177
11258 177
11258 177
11259 177
11259 177
11259 177
11260 177
11260 177
11261 177
11261 177
11261 177
11263 177
11265 177
11267 177
11269 177
11271 177
11271 177
11271 177
11272 177
11272 177
11272 177
11273 177
11273 177
11273 177
11274 177
11274 177
11274 177
11275 177
11275 177
11276 177
11276 177
11276 177
11277 177
11277 177
11277 177
11278 177
11278 177
11278 177
11279 177
11279 177
11280 177
11280 177
11282 177
11284 177
11286 177
11288 177
11289 177
11289 177
11290 177
11290 177
11291 177
11291 177
11291 177
11292 177
11292 177
11292 177
11293 177
11293 177
11293 177
11294 177
11294 177
11295 177
11295 177
11295 177
11296 177
11296 177
11296 177
11297 177
11297 177
11297 177
11298 177
11298 177
11299 177
11300 177
11302 177
11304 177
11306 177
11308 177
11308 177
11309 177
11309 177
11309 177
11310 177
11310 177
11310 177
11311 177
11311 177
11311 177
11312 177
11312 177
11312 177
11313 177
11313 177
11314 177
11314 177
11314 177
11315 177
11315 177
11315 177
11316 177
11316 177
11316 177
11317 177
11317 177
11319 177
11321 177
11323 177
11325 177
11327 177
11327 177
11327 177
11328 177
11328 177
11328 177
11329 177
11329 177
11329 177
11330 177
11330 177
11331 177
11331 177
11331 177
11332 177
11332 177
11332 177
11333 177
11333 177
11333 177
11334 177
11334 177
11334 177
11335 177
11335 177
11336 177
11336 177
11338 177
11340 177
11342 177
11344 177
11346 177
11346 177
11346 177
11346 177
11347 177
11347 177
11347 177
11348 177
11348 177
11349 177
11349 177
11349 177
11350 177
11350 177
11350 177
11351 177
11351 177
11351 177
11352 177
11352 177
11353 177
11353 177
11353 177
11354 177
11354 177
11354 177
11355 177
11357 177
11359 177
11361 177
11363 177
11365 177
11365 177
11365 177
11365 177
11366 177
11366 177
11366 177
11367 177
11367 177
11367 177
11368 177
11368 177
11369 177
11369 177
11369 177
11370 177
11370 177
11370 177
11371 177
11371 177
11371 177
11372 177
11372 177
11373 177
11373 177
11373 177
11374 177
11376 177
11378 177
11379 177
11381 177
11383 177
11383 177
11384 177
11384 177
11384 177
11385 177
11385 177
11386 177
11386 177
11386 177
11387 177
11387 177
11387 177
11388 177
11388 177
11388 177
11389 177
11389 177
11390 177
11390 177
11390 177
11391 177
11391 177
11391 177
11392 177
11392 177
11392 177
11394 177
11396 177
11398 177
11400 177
11402 177
11402 177
11403 177
11403 177
11403 177
11404 177
11404 177
11404 177
11405 177
11405 177
11406 177
11406 177
11406 177
11407 177
11407 177
11407 177
11408 177
11408 177
11408 177
11409 177
11409 177
11410 177
11410 177
11410 177
11411 177
11411 177
11411 177
11413 177
11415 177
11417 177
11419 177
11421 177
11421 177
11422 177
11422 177
11422 177
11423 177
11423 177
11423 177
11424 177
11424 177
11425 177
11425 177
11425 177
11426 177
11426 177
11426 177
11427 177
11427 177
11427 177
11428 177
11428 177
11429 177
11429 177
11429 177
11430 177
11430 177
11430 177
11432 177
11434 177
11436 177
11438 177
11440 177
11440 177
11441 177
11441 177
11441 177
11442 177
11442 177
11442 177
11443 177
11443 177
11444 177
11444 177
11444 177
11445 177
11445 177
11445 177
11446 177
11446 177
11446 177
11447 177
11447 177
11448 177
11448 177
11448 177
11449 177
11449 177
11449 177
11451 177
11453 177
11455 177
11457 177
11459 177
11459 177
11460 177
11460 177
11460 177
11461 177
11461 177
11462 177
11462 177
11462 177
11463 177
11463 177
11463 177
11464 177
11464 177
11464 177
11465 177
11465 177
11466 177
11466 177
11466 177
11467 177
11467 177
11467 177
11468 177
11468 177
11468 177
11470 177
11472 177
11474 177
11476 177
11479 177
11479 177
11479 177
11479 177
11480 177
11480 177
11480 177
11481 177
11481 177
11481 177
11482 177
11482 177
11483 177
11483 177
11483 177
11484 177
11484 177
11484 177
11485 177
11485 177
11485 177
11486 177
11486 177
11486 177
11487 177
11487 177
11488 177
11490 177
11492 177
11494 177
11496 177
11498 177
11498 177
11498 177
11498 177
11499 177
11499 177
11500 177
11500 177
11500 177
11501 177
11501 177
11501 177
11502 177
11502 177
11502 177
11503 177
11503 177
11503 177
11504 177
11504 177
11505 177
11505 177
11505 177
11506 177
11506 177
11506 177
11507 177
11509 177
11511 177
11513 177
11515 177
11517 177
11517 177
11517 177
11518 177
11518 177
11518 177
11519 177
11519 177
11519 177
11520 177
11520 177
11521 177
11521 177
11521 177
11522 177
11522 177
11522 177
11523 177
11523 177
11523 177
11524 177
11524 177
11525 177
11525 177
11525 177
11526 177
11526 177
11528 177
11530 177
11532 177
11534 177
11536 177
11536 177
11537 177
11537 177
11537 177
11538 177
11538 177
11538 177
11539 177
11539 177
11539 177
11540 177
11540 177
11541 177
11541 177
11541 177
11542 177
11542 177
11542 177
11543 177
11543 177
11543 177
11544 177
11544 177
11545 177
11545 177
11545 177
11547 177
11549 177
11551 177
11553 177
11555 177
11555 177
11556 177
11556 177
11557 177
11557 177
11557 177
11558 177
11558 177
11558 177
11559 177
11559 177
11559 177
11560 177
11560 177
11561 177
11561 177
11561 177
11562 177
11562 177
11562 177
11563 177
11563 177
11563 177
11564 177
11564 177
11565 177
11567 177
11569 177
11571 177
11573 177
11575 177
11575 177
11575 177
11576 177
11576 177
11576 177
11577 177
11577 177
11577 177
11578 177
11578 177
11578 177
11579 177
11579 177
11580 177
11580 177
11580 177
11581 177
11581 177
11581 177
11582 177
11582 177
11582 177
11583 177
11583 177
11584 177
11584 177
11586 177
11588 177
11590 177
11592 177
11594 177
11594 177
11595 177
11595 177
11595 177
11596 177
11596 177
11596 177
11597 177
11597 177
11598 177
11598 177
11598 177
11599 177
11599 177
11599 177
11600 177
11600 177
11600 177
11601 177
11601 177
11601 177
11602 177
11602 177
11603 177
11603 177
11603 177
11605 177
11607 177
11610 177
11612 177
11614 177
11614 177
11614 177
11614 177
11615 177
11615 177
11616 177
11616 177
11616 177
11617 177
11617 177
11617 177
11618 177
11618 177
11618 177
11619 177
11619 177
11620 177
11620 177
11620 177
11621 177
11621 177
11621 177
11622 177
11622 177
11622 177
11623 177
11625 177
11627 177
11629 177
11631 177
11633 177
11633 177
11634 177
11634 177
11634 177
11635 177
11635 177
11635 177
11636 177
11636 177
11636 177
11637 177
11637 177
11638 177
11638 177
11638 177
11639 177
11639 177
11639 177
11640 177
11640 177
11640 177
11641 177
11641 177
11642 177
11642 177
11642 177
11644 177
11646 177
11649 177
11651 177
11653 177
11653 177
11653 177
11653 177
11654 177
11654 177
11655 177
11655 177
11655 177
11656 177
11656 177
11656 177
11657 177
11657 177
11657 177
11658 177
11658 177
11659 177
11659 177
11659 177
11660 177
11660 177
11660 177
11661 177
11661 177
11661 177
11662 177
11664 177
11666 177
11668 177
11670 177
11672 177
11672 177
11673 177
11673 177
11673 177
11674 177
11674 177
11675 177
11675 177
11675 177
11676 177
11676 177
11676 177
11677 177
11677 177
11677 177
11678 177
11678 177
11679 177
11679 177
11679 177
11680 177
11680 177
11680 177
11681 177
11681 177
11681 177
11684 177
11686 177
11688 177
11690 177
11692 177
11692 177
11692 177
11693 177
11693 177
11693 177
11694 177
11694 177
11695 177
11695 177
11695 177
11696 177
11696 177
11696 177
11697 177
11697 177
11697 177
11698 177
11698 177
11699 177
11699 177
11699 177
11700 177
11700 177
11700 177
11701 177
11701 177
11703 177
11705 177
11707 177
11710 177
11712 177
11712 177
11712 177
11712 177
11713 177
11713 177
11714 177
11714 177
11714 177
11715 177
11715 177
11715 177
11716 177
11716 177
11716 177
11717 177
11717 177
11718 177
11718 177
11718 177
11719 177
11719 177
11719 177
11720 177
11720 177
11720 177
11721 177
11723 177
11725 177
11727 177
11729 177
11731 177
11731 177
11732 177
11732 177
11733 177
11733 177
11733 177
11734 177
11734 177
11734 177
11735 177
11735 177
11735 177
11736 177
11736 177
11737 177
11737 177
11737 177
11738 177
11738 177
11738 177
11739 177
11739 177
11739 177
11740 177
11740 177
11741 177
11743 177
11745 177
11747 177
11749 177
11751 177
11751 177
11752 177
11752 177
11752 177
11753 177
11753 177
11753 177
11754 177
11754 177
11755 177
11755 177
11755 177
11756 177
11756 177
11756 177
11757 177
11757 177
11757 177
11758 177
11758 177
11759 177
11759 177
11759 177
11760 177
11760 177
11760 177
11763 177
11765 177
11767 177
11769 177
11771 177
11771 177
11772 177
11772 177
11772 177
11773 177
11773 177
11773 177
11774 177
11774 177
11774 177
11775 177
11775 177
11775 177
11776 177
11776 177
11777 177
11777 177
11777 177
11778 177
11778 177
11778 177
11779 177
11779 177
11779 177
11780 177
11780 177
11782 177
11785 177
11787 177
11789 177
11791 177
11791 177
11791 177
11792 177
11792 177
11793 177
11793 177
11793 177
11794 177
11794 177
11794 177
11795 177
11795 177
11795 177
11796 177
11796 177
11797 177
11797 177
11797 177
11798 177
11798 177
11798 177
11799 177
11799 177
11799 177
11800 177
11800 177
11802 177
11804 177
11807 177
11809 177
11811 177
11811 177
11811 177
11812 177
11812 177
11812 177
11813 177
11813 177
11814 177
11814 177
11814 177
11815 177
11815 177
11815 177
11816 177
11816 177
11816 177
11817 177
11817 177
11818 177
11818 177
11818 177
11819 177
11819 177
11819 177
11820 177
11820 177
11822 177
11824 177
11827 177
11829 177
11831 177
11831 177
11831 177
11832 177
11832 177
11832 177
11833 177
11833 177
11834 177
11834 177
11834 177
11835 177
11835 177
11835 177
11836 177
11836 177
11836 177
11837 177
11837 177
11838 177
11838 177
11838 177
11839 177
11839 177
11839 177
11840 177
11840 177
11842 177
11844 177
11847 177
11849 177
11851 177
11851 177
11851 177
11852 177
11852 177
11853 177
11853 177
11853 177
11854 177
11854 177
11854 177
11855 177
11855 177
11855 177
11856 177
11856 177
11857 177
11857 177
11857 177
11858 177
11858 177
11858 176
11859 176
11859 176
11859 176
11860 176
11860 176
11862 176
11865 176
11867 176
11869 176
11871 176
11871 176
11872 176
11872 176
11872 176
11873 176
11873 176
11873 176
11874 176
11874 176
11874 176
11875 176
11875 176
11876 176
11876 176
11876 176
11877 176
11877 176
11877 176
11878 176
11878 176
11878 176
11879 176
11879 176
11880 176
11880 176
11880 176
11882 176
11885 176
11887 176
11889 176
11891 176
11891 176
11892 176
11892 176
11892 176
11893 176
11893 176
11894 176
11894 176
11894 176
11895 176
11895 176
11895 176
11896 176
11896 176
11896 176
11897 176
11897 176
11897 176
11898 176
11898 176
11899 176
11899 176
11899 176
11900 176
11900 176
11900 176
11903 176
11905 176
11907 176
11909 176
11912 176
11912 176
11912 176
11912 176
11913 176
11913 176
11913 176
11914 176
11914 176
11914 176
11915 176
11915 176
11916 176
11916 176
11916 176
11917 176
11917 176
11917 176
11918 176
11918 176
11918 176
11919 176
11919 176
11920 176
11920 176
11920 176
11921 176
11923 176
11925 176
11927 176
11930 176
11932 176
11932 176
11932 176
11933 176
11933 176
11933 176
11934 176
11934 176
11934 176
11935 176
11935 176
11935 176
11936 176
11936 176
11937 176
11937 176
11937 176
11938 176
11938 176
11938 176
11939 176
11939 176
11939 176
11940 176
11940 176
11941 176
11941 176
11943 176
11945 176
11948 176
11950 176
11952 176
11952 176
11952 176
11953 176
11953 176
11954 176
11954 176
11954 176
11955 176
11955 176
11955 176
11956 176
11956 176
11956 176
11957 176
11957 176
11958 176
11958 176
11958 176
11959 176
11959 176
11959 176
11960 176
11960 176
11960 176
11961 176
11961 176
11963 176
11966 176
11968 176
11970 176
11972 176
11972 176
11973 176
11973 176
11974 176
11974 176
11974 176
11975 176
11975 176
11975 176
11976 176
11976 176
11976 176
11977 176
11977 176
11978 176
11978 176
11978 176
11979 176
11979 176
11979 176
11980 176
11980 176
11980 176
11981 176
11981 176
11982 176
11984 176
11986 176
11988 176
11991 176
11993 176
11993 176
11993 176
11994 176
11994 176
11994 176
11995 176
11995 176
11995 176
11996 176
11996 176
11997 176
11997 176
11997 176
11998 176
11998 176
11998 176
11999 176
11999 176
11999 176
12000 176
12000 176
12001 176
12001 176
12001 176
12002 176
12002 176
12004 176
12007 176
12009 176
12011 176
12013 176
12013 176
12014 176
12014 176
12014 176
12015 176
12015 176
12016 176
12016 176
12016 176
12017 176
12017 176
12017 176
12018 176
12018 176
12018 176
12019 176
12019 176
12020 176
12020 176
12020 176
12021 176
12021 176
12021 176
12022 176
12022 176
12022 176
12025 176
12027 176
12029 176
12032 176
12034 176
12034 176
12034 176
12035 176
12035 176
12035 176
12036 176
12036 176
12036 176
12037 176
12037 176
12038 176
12038 176
12038 176
12039 176
12039 176
12039 176
12040 176
12040 176
12040 176
12041 176
12041 176
12041 176
12042 176
12042 176
12043 176
12043 176
12045 176
12048 176
12050 176
12052 176
12054 176
12054 176
12055 176
12055 176
12056 176
12056 176
12056 176
12057 176
12057 176
12057 176
12058 176
12058 176
12058 176
12059 176
12059 176
12060 176
12060 176
12060 176
12061 176
12061 176
12061 176
12062 176
12062 176
12062 176
12063 176
12063 176
12064 176
12066 176
12068 176
12070 176
12073 176
12075 176
12075 176
12075 176
12076 176
12076 176
12077 176
12077 176
12077 176
12078 176
12078 176
12078 176
12079 176
12079 176
12079 176
12080 176
12080 176
12081 176
12081 176
12081 176
12082 176
12082 176
12082 176
12083 176
12083 176
12083 176
12084 176
12084 176
12086 176
12089 176
12091 176
12093 176
12096 176
12096 176
12096 176
12096 176
12097 176
12097 176
12098 176
12098 176
12098 176
12099 176
12099 176
12099 176
12100 176
12100 176
12100 176
12101 176
12101 176
12102 176
12102 176
12102 176
12103 176
12103 176
12103 176
12104 176
12104 176
12104 176
12105 176
12107 176
12109 176
12112 176
12114 176
12116 176
12116 176
12117 176
12117 176
12118 176
12118 176
12118 176
12119 176
12119 176
12119 176
12120 176
12120 176
12120 176
12121 176
12121 176
12122 176
12122 176
12122 176
12123 176
12123 176
12123 176
12124 176
12124 176
12124 176
12125 176
12125 176
12126 176
12128 176
12130 176
12133 176
12135 176
12137 176
12137 176
12138 176
12138 176
12138 176
12139 176
12139 176
12139 176
12140 176
12140 176
12141 176
12141 176
12141 176
12142 176
12142 176
12142 176
12143 176
12143 176
12143 176
12144 176
12144 176
12145 176
12145 176
12145 176
12146 176
12146 176
12146 176
12149 176
12151 176
12153 176
12156 176
12158 176
12158 176
12158 176
12159 176
12159 176
12160 176
12160 176
12160 176
12161 176
12161 176
12161 176
12162 176
12162 176
12162 176
12163 176
12163 176
12164 176
12164 176
12164 176
12165 176
12165 176
12165 176
12166 176
12166 176
12166 176
12167 176
12167 176
12169 176
12172 176
12174 176
12177 176
12179 176
12179 176
12179 176
12180 176
12180 176
12180 176
12181 176
12181 176
12181 176
12182 176
12182 176
12183 176
12183 176
12183 176
12184 176
12184 176
12184 176
12185 176
12185 176
12185 176
12186 176
12186 176
12187 176
12187 176
12187 176
12188 176
12188 176
12190 176
12193 176
12195 176
12197 176
12200 176
12200 176
12200 176
12201 176
12201 176
12201 176
12202 176
12202 176
12202 176
12203 176
12203 176
12203 176
12204 176
12204 176
12205 176
12205 176
12205 176
12206 176
12206 176
12206 176
12207 176
12207 176
12207 176
12208 176
12208 176
12209 176
12209 176
12211 176
12214 175
12216 175
12218 176
12221 176
12221 176
12221 176
12222 176
12222 176
12222 176
12223 176
12223 176
12223 176
12224 176
12224 176
12224 176
12225 176
12225 176
12226 176
12226 176
12226 176
12227 176
12227 176
12227 176
12228 176
12228 176
12228 176
12229 176
12229 176
12230 176
12230 176
12232 176
12235 176
12237 176
12240 176
12242 176
12242 176
12242 176
12243 176
12243 176
12243 176
12244 176
12244 176
12244 176
12245 176
12245 176
12246 176
12246 176
12246 176
12247 176
12247 176
12247 176
12248 176
12248 176
12248 176
12249 176
12249 176
12250 176
12250 176
12250 176
12251 176
12251 176
12253 176
12256 176
12258 176
12261 176
12263 176
12263 176
12263 176
12264 176
12264 176
12264 176
12265 176
12265 176
12266 176
12266 176
12266 176
12267 176
12267 176
12267 176
12268 176
12268 176
12268 176
12269 176
12269 176
12270 176
12270 176
12270 176
12271 176
12271 176
12271 176
12272 176
12272 176
12274 176
12277 176
12279 176
12282 176
12284 176
12284 176
12285 176
12285 176
12285 176
12286 176
12286 176
12286 176
12287 176
12287 176
12287 176
12288 176
12288 176
12289 176
12289 176
12289 176
12290 176
12290 176
12290 176
12291 176
12291 176
12291 176
12292 176
12292 176
12293 176
12293 176
12293 176
12296 176
12298 176
12300 176
12303 176
12305 176
12305 176
12306 176
12306 176
12306 176
12307 176
12307 176
12308 176
12308 176
12308 176
12309 176
12309 176
12309 176
12310 176
12310 176
12310 176
12311 176
12311 176
12312 176
12312 176
12312 176
12313 176
12313 176
12313 176
12314 176
12314 176
12314 176
12317 176
12319 176
12322 176
12324 176
12327 176
12327 176
12327 176
12327 176
12328 176
12328 176
12328 176
12329 176
12329 176
12329 176
12330 176
12330 176
12331 176
12331 176
12331 176
12332 176
12332 176
12332 176
12333 176
12333 176
12333 176
12334 176
12334 176
12335 176
12335 176
12335 176
12336 176
12338 176
12341 176
12343 176
12345 176
12348 176
12348 176
12348 176
12349 176
12349 176
12349 176
12350 176
12350 176
12350 176
12351 176
12351 176
12352 176
12352 176
12352 176
12353 176
12353 176
12353 176
12354 176
12354 176
12354 176
12355 176
12355 176
12355 176
12356 176
12356 176
12357 176
12357 176
12359 176
12362 176
12364 176
12367 176
12369 176
12369 176
12370 176
12370 176
12370 176
12371 176
12371 176
12371 176
12372 176
12372 176
12373 176
12373 176
12373 176
12374 176
12374 176
12374 176
12375 176
12375 176
12375 176
12376 176
12376 176
12377 176
12377 176
12377 176
12378 176
12378 176
12378 176
12381 176
12383 176
12386 176
12388 176
12391 176
12391 176
12391 176
12391 176
12392 176
12392 176
12392 176
12393 176
12393 176
12394 176
12394 176
12394 176
12395 176
12395 176
12395 176
12396 176
12396 176
12396 176
12397 176
12397 176
12398 176
12398 176
12398 176
12399 176
12399 176
12399 176
12400 176
12402 176
12405 176
12407 176
12410 176
12412 176
12412 176
12413 176
12413 176
12413 176
12414 176
12414 176
12414 176
12415 176
12415 176
12415 176
12416 176
12416 176
12417 176
12417 176
12417 176
12418 176
12418 176
12418 176
12419 176
12419 176
12419 176
12420 176
12420 176
12421 176
12421 176
12421 176
12424 176
12426 176
12429 176
12431 176
12434 176
12434 176
12434 176
12434 176
12435 176
12435 176
12436 176
12436 176
12436 176
12437 176
12437 176
12437 176
12438 176
12438 176
12438 176
12439 176
12439 176
12439 176
12440 176
12440 176
12441 176
12441 176
12441 176
12442 176
12442 176
12442 176
12443 176
12445 175
12448 175
12450 175
12453 175
12455 175
12455 175
12456 175
12456 175
12456 175
12457 175
12457 175
12457 175
12458 175
12458 175
12459 175
12459 175
12459 175
12460 175
12460 175
12460 175
12461 175
12461 175
12461 175
12462 175
12462 175
12462 175
12463 175
12463 175
12464 175
12464 175
12464 175
12467 175
12469 175
12472 175
12474 175
12477 175
12477 175
12477 175
12478 175
12478 175
12478 175
12479 175
12479 175
12479 175
12480 175
12480 175
12480 175
12481 175
12481 175
12482 175
12482 175
12482 175
12483 175
12483 175
12483 175
12484 175
12484 175
12484 175
12485 175
12485 175
12486 175
12486 175
12488 175
12491 175
12493 175
12496 175
12499 175
12499 175
12499 175
12499 175
12500 175
12500 175
12500 175
12501 175
12501 175
12501 175
12502 175
12502 175
12503 175
12503 175
12503 175
12504 175
12504 175
12504 175
12505 175
12505 175
12505 175
12506 175
12506 175
12507 175
12507 175
12507 175
12508 175
12510 175
12513 175
12515 175
12518 175
12520 175
12520 175
12521 175
12521 175
12521 175
12522 175
12522 175
12522 175
12523 175
12523 175
12524 175
12524 175
12524 175
12525 175
12525 175
12525 175
12526 175
12526 175
12526 175
12527 175
12527 175
12528 175
12528 175
12528 175
12529 175
12529 175
12529 175
12532 175
12534 175
12537 175
12540 175
12542 175
12542 175
12542 175
12543 175
12543 175
12544 175
12544 175
12544 175
12545 175
12545 175
12545 175
12546 175
12546 175
12546 175
12547 175
12547 175
12548 175
12548 175
12548 175
12549 175
12549 175
12549 175
12550 175
12550 175
12550 175
12551 175
12551 175
12554 175
12556 175
12559 175
12561 175
12564 175
12564 175
12564 175
12565 175
12565 175
12565 175
12566 175
12566 175
12566 175
12567 175
12567 175
12568 175
12568 175
12568 175
12569 175
12569 175
12569 175
12570 175
12570 175
12570 175
12571 175
12571 175
12572 175
12572 175
12572 175
12573 175
12573 175
12576 175
12578 175
12581 175
12583 175
12586 175
12586 175
12586 175
12587 175
12587 175
12587 175
12588 175
12588 175
12588 175
12589 175
12589 175
12589 175
12590 175
12590 175
12591 175
12591 175
12591 175
12592 175
12592 175
12592 175
12593 175
12593 175
12593 175
12594 175
12594 175
12595 175
12595 175
12597 175
12600 175
12603 175
12605 175
12608 175
12608 175
12608 175
12608 175
12609 175
12609 175
12610 175
12610 175
12610 175
12611 175
12611 175
12611 175
12612 175
12612 175
12612 175
12613 175
12613 175
12614 175
12614 175
12614 175
12615 175
12615 175
12615 175
12616 175
12616 175
12616 175
12617 175
12619 175
12622 175
12625 175
12627 175
12630 175
12630 175
12630 175
12630 175
12631 175
12631 175
12632 175
12632 175
12632 175
12633 175
12633 175
12633 175
12634 175
12634 175
12634 175
12635 175
12635 175
12636 175
12636 175
12636 175
12637 175
12637 175
12637 175
12638 175
12638 175
12638 175
12639 175
12641 175
12644 175
12647 175
12649 175
12652 175
12652 175
12652 175
12653 175
12653 175
12653 175
12654 175
12654 175
12654 175
12655 175
12655 175
12655 175
12656 175
12656 175
12657 175
12657 175
12657 175
12658 175
12658 175
12658 175
12659 175
12659 175
12659 175
12660 175
12660 175
12661 175
12661 175
12663 175
12666 175
12669 175
12671 175
12674 175
12674 175
12674 175
12675 175
12675 175
12675 175
12676 175
12676 175
12676 175
12677 175
12677 175
12678 175
12678 175
12678 175
12679 175
12679 175
12679 175
12680 175
12680 175
12680 175
12681 175
12681 175
12682 175
12682 175
12682 175
12683 175
12683 175
12686 175
12688 175
12691 175
12693 175
12696 175
12696 175
12696 175
12697 175
12697 175
12698 175
12698 175
12698 175
12699 175
12699 175
12699 175
12700 175
12700 175
12700 175
12701 175
12701 175
12702 175
12702 175
12702 175
12703 175
12703 175
12703 175
12704 175
12704 175
12704 175
12705 175
12705 175
12708 175
12710 175
12713 175
12716 175
12718 175
12718 175
12719 175
12719 175
12719 175
12720 175
12720 175
12721 175
12721 175
12721 175
12722 175
12722 175
12722 175
12723 175
12723 175
12723 175
12724 175
12724 175
12725 175
12725 175
12725 175
12726 175
12726 175
12726 175
12727 175
12727 175
12727 175
12730 175
12733 175
12735 175
12738 175
12741 175
12741 175
12741 175
12741 175
12742 175
12742 175
12742 175
12743 175
12743 175
12744 175
12744 175
12744 175
12745 175
12745 175
12745 175
12746 175
12746 175
12746 175
12747 175
12747 175
12748 175
12748 175
12748 175
12749 175
12749 175
12749 175
12750 175
12752 175
12755 175
12758 175
12760 175
12763 175
12763 175
12763 175
12764 175
12764 175
12764 175
12765 175
12765 175
12766 175
12766 175
12766 175
12767 175
12767 175
12767 175
12768 175
12768 175
12768 175
12769 175
12769 175
12770 175
12770 175
12770 175
12771 175
12771 175
12771 175
12772 175
12772 175
12775 175
12777 175
12780 175
12783 175
12785 175
12785 175
12786 175
12786 175
12786 175
12787 175
12787 175
12788 175
12788 175
12788 175
12789 175
12789 175
12789 175
12790 175
12790 175
12790 175
12791 175
12791 175
12792 175
12792 175
12792 175
12793 175
12793 175
12793 175
12794 175
12794 175
12794 175
12797 175
12800 175
12802 175
12805 175
12808 175
12808 175
12808 175
12809 175
12809 175
12809 175
12810 175
12810 175
12810 175
12811 175
12811 175
12811 175
12812 175
12812 175
12813 175
12813 175
12813 175
12814 175
12814 175
12814 175
12815 175
12815 175
12815 175
12816 175
12816 175
12817 175
12817 175
12820 175
12822 175
12825 175
12828 175
12830 175
12830 175
12831 175
12831 175
12831 175
12832 175
12832 175
12833 175
12833 175
12833 175
12834 175
12834 175
12834 175
12835 175
12835 175
12835 175
12836 175
12836 175
12836 175
12837 175
12837 175
12838 175
12838 175
12838 175
12839 175
12839 175
12839 174
12842 174
12845 174
12847 174
12850 174
12853 174
12853 174
12853 174
12854 174
12854 174
12854 174
12855 174
12855 174
12855 174
12856 174
12856 174
12857 174
12857 174
12857 174
12858 174
12858 174
12858 174
12859 174
12859 174
12859 174
12860 174
12860 174
12861 174
12861 174
12861 174
12862 174
12862 174
12865 174
12867 174
12870 174
12873 174
12876 174
12876 174
12876 174
12876 174
12877 174
12877 174
12877 174
12878 174
12878 174
12878 174
12879 174
12879 174
12880 174
12880 174
12880 174
12881 174
12881 174
12881 174
12882 174
12882 174
12882 174
12883 174
12883 174
12884 174
12884 174
12884 174
12885 174
12887 174
12890 174
12893 174
12895 174
12898 174
12898 174
12899 174
12899 174
12899 174
12900 174
12900 174
12900 174
12901 174
12901 174
12901 174
12902 174
12902 174
12903 174
12903 174
12903 174
12904 174
12904 174
12904 174
12905 174
12905 174
12905 174
12906 174
12906 174
12907 174
12907 174
12907 174
12910 174
12913 174
12915 174
12918 174
12921 174
12921 174
12921 174
12922 174
12922 174
12922 174
12923 174
12923 174
12923 174
12924 174
12924 174
12925 174
12925 174
12925 174
12926 174
12926 174
12926 174
12927 174
12927 174
12927 174
12928 174
12928 174
12929 174
12929 174
12929 174
12930 174
12930 174
12933 174
12935 174
12938 174
12941 174
12944 174
12944 174
12944 174
12944 174
12945 174
12945 174
12946 174
12946 174
12946 174
12947 174
12947 174
12947 174
12948 174
12948 174
12948 174
12949 174
12949 174
12950 174
12950 174
12950 174
12951 174
12951 174
12951 174
12952 174
12952 174
12952 174
12953 174
12956 174
12958 174
12961 174
12964 174
12967 174
12967 174
12967 174
12967 174
12968 174
12968 174
12968 174
12969 174
12969 174
12969 174
12970 174
12970 174
12971 174
12971 174
12971 174
12972 174
12972 174
12972 174
12973 174
12973 174
12973 174
12974 174
12974 174
12975 174
12975 174
12975 174
12976 174
12978 174
12981 174
12984 174
12987 174
12989 174
12989 174
12990 174
12990 174
12991 174
12991 174
12991 174
12992 174
12992 174
12992 174
12993 174
12993 174
12993 174
12994 174
12994 174
12995 174
12995 174
12995 174
12996 174
12996 174
12996 174
12997 174
12997 174
12997 174
12998 174
12998 174
12998 174
13001 174
13004 174
13007 174
13010 174
13012 174
13012 174
13013 174
13013 174
13013 174
13014 174
13014 174
13015 174
13015 174
13015 174
13016 174
13016 174
13016 174
13017 174
13017 174
13017 174
13018 174
13018 174
13019 174
13019 174
13019 174
13020 174
13020 174
13020 174
13021 174
13021 174
13021 174
13024 174
13027 174
13030 174
13033 174
13035 174
13035 174
13036 174
13036 174
13037 174
13037 174
13037 174
13038 174
13038 174
13038 174
13039 174
13039 174
13039 174
13040 174
13040 174
13040 174
13041 174
13041 174
13042 174
13042 174
13042 174
13043 174
13043 174
13043 174
13044 174
13044 174
13044 174
13047 174
13050 174
13053 174
13056 174
13058 174
13058 174
13059 174
13059 174
13060 174
13060 174
13060 174
13061 174
13061 174
13061 174
13062 174
13062 174
13062 174
13063 174
13063 174
13064 174
13064 174
13064 174
13065 174
13065 174
13065 174
13066 174
13066 174
13066 174
13067 174
13067 174
13068 174
13070 174
13073 174
13076 174
13079 174
13082 174
13082 174
13082 174
13082 174
13083 174
13083 174
13083 174
13084 174
13084 174
13085 174
13085 174
13085 174
13086 174
13086 174
13086 174
13087 174
13087 174
13087 174
13088 174
13088 174
13088 174
13089 174
13089 174
13090 174
13090 174
13090 174
13091 174
13093 174
13096 174
13099 174
13102 174
13105 174
13105 174
13105 174
13106 174
13106 174
13106 174
13107 174
13107 174
13107 174
13108 174
13108 174
13108 174
13109 174
13109 174
13110 174
13110 174
13110 174
13111 174
13111 174
13111 174
13112 174
13112 174
13112 174
13113 174
13113 174
13114 174
13114 174
13117 174
13120 174
13122 174
13125 174
13128 174
13128 174
13128 174
13129 174
13129 174
13129 174
13130 174
13130 174
13131 174
13131 174
13131 174
13132 174
13132 174
13132 174
13133 174
13133 174
13133 174
13134 174
13134 174
13135 174
13135 174
13135 174
13136 174
13136 174
13136 174
13137 174
13137 174
13140 174
13143 174
13146 174
13148 174
13151 174
13151 174
13152 174
13152 174
13152 174
13153 174
13153 174
13153 174
13154 174
13154 174
13155 174
13155 174
13155 174
13156 174
13156 174
13156 174
13157 174
13157 174
13157 174
13158 174
13158 174
13159 174
13159 174
13159 174
13160 174
13160 174
13160 173
13163 173
13166 173
13169 173
13172 173
13175 173
13175 173
13175 173
13175 173
13176 173
13176 173
13176 173
13177 173
13177 173
13178 173
13178 173
13178 173
13179 173
13179 173
13179 173
13180 173
13180 173
13180 173
13181 173
13181 173
13182 173
13182 173
13182 173
13183 173
13183 173
13183 173
13184 173
13187 173
13189 173
13192 173
13195 173
13198 173
13198 173
13198 173
13199 173
13199 173
13200 173
13200 173
13200 173
13201 173
13201 173
13201 173
13202 173
13202 173
13202 173
13203 173
13203 173
13204 173
13204 173
13204 173
13205 173
13205 173
13205 173
13206 173
13206 173
13206 173
13207 173
13207 173
13210 173
13213 173
13216 173
13219 173
13222 173
13222 173
13222 173
13222 173
13223 173
13223 173
13223 173
13224 173
13224 173
13224 173
13225 173
13225 173
13226 173
13226 173
13226 173
13227 173
13227 173
13227 173
13228 173
13228 173
13228 173
13229 173
13229 173
13230 173
13230 173
13230 173
13231 173
13234 173
13236 173
13239 173
13242 173
13245 173
13245 173
13245 173
13246 173
13246 173
13247 173
13247 173
13247 173
13248 173
13248 173
13248 173
13249 173
13249 173
13249 173
13250 173
13250 173
13251 173
13251 173
13251 173
13252 173
13252 173
13252 173
13253 173
13253 173
13253 173
13254 173
13254 173
13257 173
13260 173
13263 173
13266 173
13269 173
13269 173
13269 173
13269 173
13270 173
13270 173
13271 173
13271 173
13271 173
13272 173
13272 173
13272 173
13273 173
13273 173
13273 173
13274 173
13274 173
13275 173
13275 173
13275 173
13276 173
13276 173
13276 173
13277 173
13277 173
13277 173
13278 173
13281 173
13284 173
13287 173
13289 173
13292 173
13292 173
13293 173
13293 173
13293 173
13294 173
13294 173
13295 173
13295 173
13295 173
13296 173
13296 173
13296 173
13297 173
13297 173
13297 173
13298 173
13298 173
13299 173
13299 173
13299 173
13300 173
13300 173
13300 173
13301 173
13301 173
13301 173
13304 173
13307 173
13310 173
13313 173
13316 173
13316 173
13316 173
13317 173
13317 173
13318 173
13318 173
13318 173
13319 173
13319 173
13319 173
13320 173
13320 173
13320 173
13321 173
13321 173
13322 173
13322 173
13322 173
13323 173
13323 173
13323 173
13324 173
13324 173
13324 173
13325 173
13325 173
13328 173
13331 173
13334 173
13337 173
13340 173
13340 173
13340 173
13341 173
13341 173
13341 173
13342 173
13342 173
13342 173
13343 173
13343 173
13343 173
13344 173
13344 173
13345 173
13345 173
13345 173
13346 173
13346 173
13346 173
13347 173
13347 173
13347 173
13348 173
13348 173
13349 173
13349 173
13352 173
13355 173
13358 173
13361 173
13364 173
13364 173
13364 173
13364 173
13365 173
13365 173
13365 173
13366 173
13366 173
13367 173
13367 173
13367 173
13368 173
13368 173
13368 173
13369 173
13369 173
13369 173
13370 173
13370 173
13371 173
13371 173
13371 173
13372 173
13372 173
13372 173
13373 173
13376 173
13379 173
13382 173
13385 173
13388 173
13388 173
13388 173
13388 173
13389 173
13389 173
13389 173
13390 173
13390 173
13390 173
13391 173
13391 173
13392 173
13392 173
13392 173
13393 173
13393 173
13393 173
13394 173
13394 173
13394 173
13395 173
13395 173
13396 173
13396 173
13396 173
13397 173
13400 173
13403 173
13406 173
13409 173
13412 173
13412 173
13412 173
13412 173
13413 173
13413 173
13413 173
13414 173
13414 173
13414 173
13415 173
13415 173
13416 173
13416 173
13416 173
13417 173
13417 173
13417 173
13418 173
13418 173
13418 173
13419 173
13419 173
13420 173
13420 173
13420 173
13421 173
13424 173
13427 173
13430 173
13433 173
13436 173
13436 173
13436 173
13436 173
13437 173
13437 173
13437 173
13438 173
13438 173
13438 173
13439 173
13439 173
13440 173
13440 173
13440 173
13441 173
13441 173
13441 173
13442 173
13442 173
13442 173
13443 173
13443 173
13444 173
13444 173
13444 173
13445 173
13448 173
13451 173
13454 173
13457 173
13460 173
13460 173
13460 173
13460 173
13461 173
13461 173
13461 173
13462 173
13462 173
13462 173
13463 173
13463 173
13464 173
13464 173
13464 173
13465 173
13465 173
13465 173
13466 173
13466 173
13466 173
13467 173
13467 173
13468 173
13468 173
13468 173
13469 173
13472 173
13475 173
13478 173
13481 173
13484 173
13484 173
13484 173
13484 173
13485 173
13485 173
13485 173
13486 173
13486 173
13487 173
13487 173
13487 173
13488 173
13488 173
13488 173
13489 173
13489 173
13489 173
13490 173
13490 173
13491 173
13491 173
13491 173
13492 173
13492 173
13492 173
13493 173
13496 173
13499 173
13502 172
13505 172
13508 173
13508 173
13508 173
13509 173
13509 173
13509 173
13510 173
13510 173
13510 173
13511 173
13511 173
13511 173
13512 173
13512 173
13513 173
13513 173
13513 173
13514 173
13514 173
13514 173
13515 173
13515 173
13515 173
13516 173
13516 173
13517 172
13517 172
13520 172
13523 172
13526 172
13529 172
13532 172
13532 172
13532 172
13533 172
13533 172
13534 172
13534 172
13534 172
13535 172
13535 172
13535 172
13536 172
13536 172
13536 172
13537 172
13537 172
13538 172
13538 172
13538 172
13539 172
13539 172
13539 172
13540 172
13540 172
13540 172
13541 172
13541 172
13544 172
13547 172
13550 172
13553 172
13556 172
13556 172
13557 172
13557 172
13557 172
13558 172
13558 172
13559 172
13559 172
13559 172
13560 172
13560 172
13560 172
13561 172
13561 172
13561 172
13562 172
13562 172
13563 172
13563 172
13563 172
13564 172
13564 172
13564 172
13565 172
13565 172
13565 172
13569 172
13572 172
13575 172
13578 172
13581 172
13581 172
13581 172
13581 172
13582 172
13582 172
13583 172
13583 172
13583 172
13584 172
13584 172
13584 172
13585 172
13585 172
13585 172
13586 172
13586 172
13587 172
13587 172
13587 172
13588 172
13588 172
13588 172
13589 172
13589 172
13589 172
13590 172
13593 172
13596 172
13599 172
13602 172
13605 172
13605 172
13606 172
13606 172
13606 172
13607 172
13607 172
13607 172
13608 172
13608 172
13608 172
13609 172
13609 172
13610 172
13610 172
13610 172
13611 172
13611 172
13611 172
13612 172
13612 172
13612 172
13613 172
13613 172
13614 172
13614 172
13614 172
13617 172
13620 172
13623 172
13627 172
13630 172
13630 172
13630 172
13630 172
13631 172
13631 172
13631 172
13632 172
13632 172
13633 172
13633 172
13633 172
13634 172
13634 172
13634 172
13635 172
13635 172
13635 172
13636 172
13636 172
13637 172
13637 172
13637 172
13638 172
13638 172
13638 172
13639 172
13642 172
13645 172
13648 172
13651 172
13654 172
13654 172
13655 172
13655 172
13655 172
13656 172
13656 172
13656 172
13657 172
13657 172
13657 172
13658 172
13658 172
13659 172
13659 172
13659 172
13660 172
13660 172
13660 172
13661 172
13661 172
13661 172
13662 172
13662 172
13663 172
13663 172
13663 172
13666 172
13669 172
13673 172
13676 172
13679 172
13679 172
13679 172
13679 172
13680 172
13680 172
13681 172
13681 172
13681 172
13682 172
13682 172
13682 172
13683 172
13683 172
13683 172
13684 172
13684 172
13685 172
13685 172
13685 172
13686 172
13686 172
13686 172
13687 172
13687 172
13687 172
13688 172
13691 172
13694 172
13697 172
13700 172
13703 172
13703 172
13704 172
13704 172
13704 172
13705 172
13705 172
13706 172
13706 172
13706 172
13707 172
13707 172
13707 172
13708 172
13708 172
13708 172
13709 172
13709 172
13710 172
13710 172
13710 172
13711 172
13711 172
13711 172
13712 172
13712 172
13712 172
13716 172
13719 172
13722 172
13725 172
13728 172
13728 172
13728 172
13729 172
13729 172
13730 172
13730 172
13730 172
13731 172
13731 172
13731 172
13732 172
13732 172
13732 172
13733 172
13733 172
13734 172
13734 172
13734 172
13735 172
13735 172
13735 172
13736 172
13736 172
13736 172
13737 172
13737 172
13740 172
13743 172
13747 172
13750 172
13753 172
13753 172
13753 172
13754 172
13754 172
13754 172
13755 172
13755 172
13755 172
13756 172
13756 172
13757 172
13757 172
13757 172
13758 172
13758 172
13758 172
13759 172
13759 172
13759 172
13760 172
13760 172
13761 172
13761 172
13761 172
13762 172
13762 172
13765 172
13768 172
13771 172
13775 172
13778 172
13778 172
13778 172
13778 172
13779 172
13779 172
13780 172
13780 172
13780 172
13781 172
13781 172
13781 172
13782 172
13782 172
13782 172
13783 172
13783 172
13784 172
13784 172
13784 172
13785 172
13785 172
13785 172
13786 172
13786 172
13786 172
13787 172
13790 172
13793 171
13796 171
13799 171
13803 172
13803 172
13803 172
13803 172
13804 172
13804 172
13804 172
13805 172
13805 172
13806 172
13806 172
13806 172
13807 172
13807 172
13807 172
13808 172
13808 172
13808 172
13809 172
13809 172
13810 172
13810 172
13810 172
13811 172
13811 172
13811 172
13812 172
13815 171
13818 171
13821 171
13824 171
13828 171
13828 171
13828 171
13828 171
13829 171
13829 171
13829 171
13830 171
13830 171
13831 171
13831 171
13831 171
13832 171
13832 171
13832 171
13833 171
13833 171
13833 171
13834 171
13834 171
13835 171
13835 171
13835 171
13836 171
13836 171
13836 171
13837 171
13840 171
13843 171
13846 171
13849 171
13853 171
13853 171
13853 171
13853 171
13854 171
13854 171
13854 171
13855 171
13855 171
13856 171
13856 171
13856 171
13857 171
13857 171
13857 171
13858 171
13858 171
13858 171
13859 171
13859 171
13860 171
13860 171
13860 171
13861 171
13861 171
13861 171
13862 171
13865 171
13868 171
13871 171
13875 171
13878 171
13878 171
13878 171
13878 171
13879 171
13879 171
13880 171
13880 171
13880 171
13881 171
13881 171
13881 171
13882 171
13882 171
13882 171
13883 171
13883 171
13884 171
13884 171
13884 171
13885 171
13885 171
13885 171
13886 171
13886 171
13886 171
13887 171
13890 171
13893 171
13896 171
13900 171
13903 171
13903 171
13903 171
13904 171
13904 171
13904 171
13905 171
13905 171
13905 171
13906 171
13906 171
13906 171
13907 171
13907 171
13908 171
13908 171
13908 171
13909 171
13909 171
13909 171
13910 171
13910 171
13910 171
13911 171
13911 171
13912 171
13912 171
13915 171
13918 171
13922 171
13925 171
13928 171
13928 171
13928 171
13929 171
13929 171
13930 171
13930 171
13930 171
13931 171
13931 171
13931 171
13932 171
13932 171
13932 171
13933 171
13933 171
13934 171
13934 171
13934 171
13935 171
13935 171
13935 171
13936 171
13936 171
13936 171
13937 171
13937 171
13940 171
13944 171
13947 171
13950 171
13953 171
13953 171
13954 171
13954 171
13954 171
13955 171
13955 171
13956 171
13956 171
13956 171
13957 171
13957 171
13957 171
13958 171
13958 171
13958 171
13959 171
13959 171
13960 171
13960 171
13960 171
13961 171
13961 171
13961 171
13962 171
13962 171
13962 171
13966 171
13969 171
13972 171
13975 171
13979 171
13979 171
13979 171
13979 171
13980 171
13980 171
13980 171
13981 171
13981 171
13982 171
13982 171
13982 171
13983 171
13983 171
13983 171
13984 171
13984 171
13984 171
13985 171
13985 171
13986 171
13986 171
13986 170
13987 170
13987 170
13987 170
13988 170
13991 170
13994 170
13998 170
14001 170
14004 170
14004 170
14004 170
14005 170
14005 170
14006 170
14006 170
14006 170
14007 170
14007 170
14007 170
14008 170
14008 170
14008 170
14009 170
14009 170
14010 170
14010 170
14010 170
14011 170
14011 170
14011 170
14012 170
14012 170
14012 170
14013 170
14013 170
14016 170
14020 170
14023 170
14026 170
14029 170
14030 170
14030 170
14030 170
14031 170
14031 170
14031 170
14032 170
14032 170
14032 170
14033 170
14033 170
14033 170
14034 170
14034 170
14035 170
14035 170
14035 170
14036 170
14036 170
14036 170
14037 170
14037 170
14037 170
14038 170
14038 170
14039 170
14042 170
14045 170
14048 170
14052 170
14055 170
14055 170
14055 170
14056 170
14056 170
14056 170
14057 170
14057 170
14058 170
14058 170
14058 170
14059 170
14059 170
14059 170
14060 170
14060 170
14060 170
14061 170
14061 170
14062 170
14062 170
14062 170
14063 170
14063 170
14063 170
14064 170
14064 170
14067 170
14071 170
14074 170
14077 170
14081 170
14081 170
14081 170
14081 170
14082 170
14082 170
14082 170
14083 170
14083 170
14083 170
14084 170
14084 170
14085 170
14085 170
14085 170
14086 170
14086 170
14086 170
14087 170
14087 170
14087 170
14088 170
14088 170
14089 170
14089 170
14089 170
14090 170
14093 170
14096 170
14100 170
14103 170
14106 170
14106 170
14107 170
14107 170
14107 170
14108 170
14108 170
14108 170
14109 170
14109 170
14110 170
14110 170
14110 170
14111 170
14111 170
14111 170
14112 170
14112 170
14112 170
14113 170
14113 170
14113 170
14114 170
14114 170
14115 170
14115 170
14115 170
14119 170
14122 170
14125 170
14129 170
14132 170
14132 170
14132 170
14133 170
14133 170
14133 170
14134 170
14134 170
14134 170
14135 170
14135 170
14136 170
14136 170
14136 170
14137 170
14137 170
14137 170
14138 170
14138 170
14138 170
14139 170
14139 170
14140 170
14140 170
14140 170
14141 170
14141 170
14144 170
14148 170
14151 170
14154 170
14158 170
14158 170
14158 170
14158 170
14159 170
14159 170
14159 170
14160 170
14160 170
14161 170
14161 170
14161 170
14162 170
14162 170
14162 170
14163 170
14163 170
14163 170
14164 170
14164 170
14165 170
14165 170
14165 170
14166 170
14166 170
14166 170
14167 170
14170 170
14173 170
14177 170
14180 170
14183 170
14184 170
14184 170
14184 170
14185 170
14185 170
14185 170
14186 170
14186 170
14186 170
14187 170
14187 170
14187 170
14188 170
14188 170
14189 170
14189 170
14189 170
14190 170
14190 170
14190 170
14191 170
14191 170
14191 170
14192 170
14192 170
14193 170
14196 170
14199 170
14203 170
14206 170
14209 170
14209 170
14210 170
14210 170
14210 170
14211 170
14211 170
14212 170
14212 170
14212 170
14213 170
14213 170
14213 170
14214 170
14214 170
14214 170
14215 170
14215 170
14216 170
14216 170
14216 170
14217 170
14217 170
14217 170
14218 170
14218 170
14218 170
14222 170
14225 170
14229 170
14232 170
14235 170
14235 170
14236 170
14236 170
14236 170
14237 170
14237 170
14237 170
14238 170
14238 170
14239 170
14239 170
14239 170
14240 170
14240 170
14240 170
14241 170
14241 170
14241 170
14242 170
14242 170
14243 170
14243 170
14243 170
14244 170
14244 170
14244 170
14248 170
14251 170
14255 170
14258 170
14261 170
14261 170
14262 170
14262 170
14262 170
14263 170
14263 170
14263 170
14264 170
14264 170
14265 170
14265 170
14265 170
14266 170
14266 170
14266 170
14267 170
14267 170
14267 170
14268 170
14268 170
14269 170
14269 170
14269 170
14270 170
14270 170
14270 170
14274 170
14277 170
14281 170
14284 170
14287 170
14287 170
14288 170
14288 170
14288 170
14289 170
14289 170
14290 170
14290 170
14290 170
14291 170
14291 170
14291 170
14292 170
14292 170
14292 170
14293 170
14293 170
14294 170
14294 170
14294 170
14295 170
14295 170
14295 170
14296 170
14296 170
14296 170
14300 170
14303 170
14307 170
14310 170
14314 170
14314 170
14314 170
14314 170
14315 170
14315 170
14315 170
14316 170
14316 170
14316 170
14317 170
14317 170
14318 170
14318 170
14318 170
14319 170
14319 170
14319 170
14320 170
14320 170
14320 170
14321 170
14321 170
14322 170
14322 170
14322 170
14323 170
14326 170
14329 170
14333 170
14336 170
14340 170
14340 170
14340 170
14340 170
14341 170
14341 170
14342 170
14342 170
14342 170
14343 170
14343 170
14343 170
14344 170
14344 170
14344 170
14345 170
14345 170
14346 170
14346 170
14346 170
14347 170
14347 170
14347 170
14348 170
14348 170
14348 170
14349 170
14352 169
14356 169
14359 169
14363 169
14366 169
14366 169
14366 169
14367 169
14367 169
14367 169
14368 169
14368 169
14369 169
14369 169
14369 169
14370 169
14370 169
14370 169
14371 169
14371 169
14371 169
14372 169
14372 169
14373 169
14373 169
14373 169
14374 169
14374 169
14374 169
14375 169
14375 169
14379 169
14382 169
14385 169
14389 169
14392 169
14392 169
14393 169
14393 169
14393 169
14394 169
14394 169
14395 169
14395 169
14395 169
14396 169
14396 169
14396 169
14397 169
14397 169
14397 169
14398 169
14398 169
14399 169
14399 169
14399 169
14400 169
14400 169
14400 169
14401 169
14401 169
14401 169
14405 169
14408 169
14412 169
14415 169
14419 169
14419 169
14419 169
14419 169
14420 169
14420 169
14421 169
14421 169
14421 169
14422 169
14422 169
14422 169
14423 169
14423 169
14423 169
14424 169
14424 169
14425 169
14425 169
14425 169
14426 169
14426 169
14426 169
14427 169
14427 169
14427 169
14428 169
14431 169
14435 169
14438 169
14442 169
14445 169
14445 169
14446 169
14446 169
14446 169
14447 169
14447 169
14447 169
14448 169
14448 169
14448 169
14449 169
14449 169
14450 169
14450 169
14450 169
14451 169
14451 169
14451 169
14452 169
14452 169
14452 169
14453 169
14453 169
14454 169
14454 169
14454 169
14458 169
14461 169
14465 169
14468 169
14472 169
14472 169
14472 169
14472 169
14473 169
14473 169
14474 169
14474 169
14474 169
14475 169
14475 169
14475 169
14476 169
14476 169
14476 169
14477 169
14477 169
14478 169
14478 169
14478 169
14479 169
14479 169
14479 169
14480 169
14480 169
14480 169
14481 169
14484 169
14488 169
14491 169
14495 169
14498 169
14498 169
14499 169
14499 169
14499 169
14500 169
14500 169
14500 169
14501 169
14501 169
14502 169
14502 169
14502 169
14503 169
14503 169
14503 169
14504 169
14504 169
14504 169
14505 169
14505 169
14506 169
14506 169
14506 169
14507 169
14507 169
14507 169
14511 169
14514 169
14518 169
14521 169
14525 169
14525 169
14525 169
14526 169
14526 169
14526 169
14527 169
14527 169
14528 169
14528 169
14528 169
14529 169
14529 169
14529 169
14530 169
14530 169
14530 169
14531 169
14531 169
14532 169
14532 169
14532 169
14533 169
14533 169
14533 169
14534 169
14534 169
14538 169
14541 169
14545 169
14548 169
14552 169
14552 169
14552 169
14552 169
14553 169
14553 169
14554 169
14554 169
14554 169
14555 169
14555 169
14555 169
14556 169
14556 169
14556 169
14557 169
14557 169
14557 169
14558 169
14558 169
14559 169
14559 169
14559 169
14560 169
14560 169
14560 169
14561 169
14564 169
14568 169
14571 169
14575 169
14578 169
14578 169
14579 169
14579 169
14580 169
14580 169
14580 169
14581 169
14581 169
14581 169
14582 169
14582 169
14582 169
14583 169
14583 169
14584 169
14584 169
14584 169
14585 169
14585 169
14585 169
14586 169
14586 169
14586 169
14587 169
14587 169
14587 169
14591 169
14595 169
14598 169
14602 169
14605 169
14605 169
14606 169
14606 169
14606 169
14607 169
14607 169
14607 169
14608 169
14608 169
14609 169
14609 169
14609 169
14610 169
14610 169
14610 169
14611 169
14611 169
14611 169
14612 169
14612 169
14613 169
14613 169
14613 169
14614 169
14614 169
14614 169
14618 169
14621 169
14625 169
14629 169
14632 169
14632 169
14633 169
14633 169
14633 169
14634 169
14634 169
14634 169
14635 169
14635 169
14635 169
14636 169
14636 169
14636 169
14637 169
14637 169
14638 169
14638 169
14638 169
14639 169
14639 169
14639 169
14640 169
14640 169
14640 169
14641 169
14641 169
14645 169
14648 169
14652 169
14656 169
14659 169
14659 169
14659 169
14660 169
14660 169
14661 169
14661 169
14661 169
14662 169
14662 169
14662 169
14663 169
14663 169
14663 169
14664 169
14664 169
14665 169
14665 169
14665 169
14666 169
14666 169
14666 169
14667 169
14667 169
14667 169
14668 169
14668 169
14672 169
14675 169
14679 169
14683 169
14686 169
14686 169
14687 169
14687 169
14687 169
14688 169
14688 169
14688 169
14689 169
14689 169
14689 169
14690 169
14690 169
14691 169
14691 169
14691 169
14692 169
14692 169
14692 169
14693 169
14693 169
14693 169
14694 169
14694 169
14694 169
14695 169
14695 169
14699 169
14702 168
14706 168
14710 168
14713 168
14713 168
14714 168
14714 168
14714 168
14715 168
14715 168
14715 168
14716 168
14716 168
14717 168
14717 168
14717 168
14718 168
14718 168
14718 168
14719 168
14719 168
14719 168
14720 168
14720 168
14721 168
14721 168
14721 168
14722 168
14722 168
14722 168
14726 168
14730 168
14733 168
14737 168
14740 168
14740 168
14741 168
14741 168
14742 168
14742 168
14742 168
14743 168
14743 168
14743 168
14744 168
14744 168
14744 168
14745 168
14745 168
14746 168
14746 168
14746 168
14747 168
14747 168
14747 168
14748 168
14748 168
14748 168
14749 168
14749 168
14749 168
14753 168
14757 168
14760 168
14764 168
14768 168
14768 168
14768 168
14768 168
14769 168
14769 168
14769 168
14770 168
14770 168
14771 168
14771 168
14771 168
14772 168
14772 168
14772 168
14773 168
14773 168
14773 168
14774 168
14774 168
14775 168
14775 168
14775 168
14776 168
14776 168
14776 168
14777 168
14780 168
14784 168
14788 168
14791 168
14795 168
14795 168
14795 168
14796 168
14796 168
14796 168
14797 168
14797 168
14797 168
14798 168
14798 168
14799 168
14799 168
14799 168
14800 168
14800 168
14800 168
14801 168
14801 168
14801 168
14802 168
14802 168
14803 168
14803 168
14803 168
14804 168
14804 168
14808 168
14811 168
14815 168
14819 168
14822 168
14822 168
14823 168
14823 168
14823 168
14824 168
14824 168
14824 168
14825 168
14825 168
14826 168
14826 168
14826 168
14827 168
14827 168
14827 168
14828 168
14828 168
14828 168
14829 168
14829 168
14830 168
14830 168
14830 168
14831 168
14831 168
14831 168
14835 168
14839 168
14842 168
14846 168
14850 168
14850 168
14850 168
14850 168
14851 168
14851 168
14852 168
14852 168
14852 168
14853 168
14853 168
14853 168
14854 168
14854 168
14854 168
14855 168
14855 168
14855 168
14856 168
14856 168
14857 168
14857 168
14857 168
14858 168
14858 168
14858 168
14859 168
14862 168
14866 167
14870 167
14873 167
14877 168
14877 168
14878 168
14878 168
14878 168
14879 168
14879 168
14879 168
14880 168
14880 168
14880 168
14881 168
14881 168
14882 168
14882 168
14882 168
14883 168
14883 168
14883 168
14884 168
14884 168
14884 168
14885 168
14885 168
14886 168
14886 168
14886 168
14890 167
14894 167
14897 167
14901 167
14905 167
14905 167
14905 167
14905 167
14906 167
14906 167
14907 167
14907 167
14907 167
14908 167
14908 167
14908 167
14909 167
14909 167
14909 167
14910 167
14910 167
14911 167
14911 167
14911 167
14912 167
14912 167
14912 167
14913 167
14913 167
14913 167
14914 167
14918 167
14921 167
14925 167
14929 167
14932 167
14932 167
14933 167
14933 167
14933 167
14934 167
14934 167
14935 167
14935 167
14935 167
14936 167
14936 167
14936 167
14937 167
14937 167
14937 167
14938 167
14938 167
14939 167
14939 167
14939 167
14940 167
14940 167
14940 167
14941 167
14941 167
14941 167
14945 167
14949 167
14953 167
14956 167
14960 167
14960 167
14960 167
14961 167
14961 167
14962 167
14962 167
14962 167
14963 167
14963 167
14963 167
14964 167
14964 167
14964 167
14965 167
14965 167
14966 167
14966 167
14966 167
14967 167
14967 167
14967 167
14968 167
14968 167
14968 167
14969 167
14969 167
14973 167
14977 167
14980 167
14984 167
14988 167
14988 167
14988 167
14989 167
14989 167
14989 167
14990 167
14990 167
14990 167
14991 167
14991 167
14991 167
14992 167
14992 167
14993 167
14993 167
14993 167
14994 167
14994 167
14994 167
14995 167
14995 167
14995 167
14996 167
14996 167
14997 167
14997 167
15001 167
15004 167
15008 167
15012 167
15016 167
15016 167
15016 167
15016 167
15017 167
15017 167
15017 167
15018 167
15018 167
15019 167
15019 167
15019 167
15020 167
15020 167
15020 167
15021 167
15021 167
15021 167
15022 167
15022 167
15023 167
15023 167
15023 167
15024 167
15024 167
15024 167
15025 167
15028 167
15032 167
15036 167
15040 167
15043 167
15043 167
15044 167
15044 167
15045 167
15045 167
15045 167
15046 167
15046 167
15046 167
15047 167
15047 167
15047 167
15048 167
15048 167
15049 167
15049 167
15049 167
15050 167
15050 167
15050 167
15051 167
15051 167
15051 167
15052 167
15052 167
15053 167
15056 167
15060 167
15064 167
15068 167
15071 167
15071 167
15072 167
15072 167
15073 167
15073 167
15073 167
15074 167
15074 167
15074 167
15075 167
15075 167
15075 167
15076 167
15076 167
15077 167
15077 167
15077 167
15078 167
15078 167
15078 167
15079 167
15079 167
15079 167
15080 167
15080 167
15081 167
15084 167
15088 167
15092 167
15096 167
15099 167
15099 167
15100 167
15100 167
15101 167
15101 167
15101 167
15102 167
15102 167
15102 167
15103 167
15103 167
15103 167
15104 167
15104 167
15105 167
15105 167
15105 167
15106 167
15106 167
15106 167
15107 167
15107 167
15107 167
15108 167
15108 167
15109 167
15112 167
15116 167
15120 167
15124 167
15128 167
15128 167
15128 167
15128 167
15129 167
15129 167
15129 167
15130 167
15130 167
15130 167
15131 167
15131 167
15132 167
15132 167
15132 167
15133 167
15133 167
15133 167
15134 167
15134 167
15134 167
15135 167
15135 167
15136 167
15136 167
15136 167
15137 167
15140 167
15144 167
15148 167
15152 167
15156 167
15156 167
15156 167
15156 167
15157 167
15157 167
15158 167
15158 167
15158 167
15159 167
15159 167
15159 167
15160 167
15160 167
15160 167
15161 167
15161 167
15162 167
15162 167
15162 167
15163 167
15163 167
15163 167
15164 167
15164 167
15164 167
15165 167
15169 167
15172 167
15176 167
15180 167
15184 167
15184 167
15184 167
15185 167
15185 167
15185 167
15186 167
15186 167
15186 167
15187 167
15187 167
15188 167
15188 167
15188 167
15189 167
15189 167
15189 167
15190 167
15190 167
15190 167
15191 167
15191 167
15192 167
15192 167
15192 167
15193 167
15193 167
15197 167
15201 167
15205 166
15208 166
15212 166
15212 166
15213 166
15213 166
15213 166
15214 167
15214 167
15214 167
15215 167
15215 167
15215 167
15216 167
15216 167
15217 167
15217 167
15217 167
15218 166
15218 166
15218 166
15219 166
15219 166
15219 166
15220 166
15220 166
15221 166
15221 166
15221 166
15225 166
15229 166
15233 166
15237 166
15241 166
15241 166
15241 166
15241 166
15242 166
15242 166
15242 166
15243 166
15243 166
15243 166
15244 166
15244 166
15245 166
15245 166
15245 166
15246 166
15246 166
15246 166
15247 166
15247 166
15247 166
15248 166
15248 166
15249 166
15249 166
15249 166
15250 166
15253 166
15257 166
15261 166
15265 166
15269 166
15269 166
15269 166
15270 166
15270 166
15270 166
15271 166
15271 166
15271 166
15272 166
15272 166
15273 166
15273 166
15273 166
15274 166
15274 166
15274 166
15275 166
15275 166
15275 166
15276 166
15276 166
15277 166
15277 166
15277 166
15278 166
15278 166
15282 166
15286 166
15290 166
15294 166
15297 166
15297 166
15298 166
15298 166
15299 166
15299 166
15299 166
15300 166
15300 166
15300 166
15301 166
15301 166
15301 166
15302 166
15302 166
15303 166
15303 166
15303 166
15304 166
15304 166
15304 166
15305 166
15305 166
15305 166
15306 166
15306 166
15307 166
15310 166
15314 166
15318 166
15322 166
15326 166
15326 166
15326 166
15327 166
15327 166
15327 166
15328 166
15328 166
15329 166
15329 166
15329 166
15330 166
15330 166
15330 166
15331 166
15331 166
15331 166
15332 166
15332 166
15332 166
15333 166
15333 166
15334 166
15334 166
15334 166
15335 166
15335 166
15339 166
15343 166
15347 166
15351 166
15355 166
15355 166
15355 166
15355 166
15356 166
15356 166
15356 166
15357 166
15357 166
15357 166
15358 166
15358 166
15359 166
15359 166
15359 166
15360 166
15360 166
15360 166
15361 166
15361 166
15361 166
15362 166
15362 166
15363 166
15363 166
15363 166
15364 166
15368 166
15371 166
15375 166
15379 166
15383 166
15383 166
15384 166
15384 166
15384 166
15385 166
15385 166
15385 166
15386 166
15386 166
15387 166
15387 166
15387 166
15388 166
15388 166
15388 166
15389 166
15389 166
15389 166
15390 166
15390 166
15391 166
15391 166
15391 166
15392 166
15392 166
15392 166
15396 166
15400 166
15404 166
15408 166
15412 166
15412 166
15412 166
15413 166
15413 166
15413 166
15414 166
15414 166
15415 166
15415 166
15415 166
15416 166
15416 166
15416 166
15417 166
15417 166
15417 166
15418 166
15418 166
15419 166
15419 166
15419 166
15420 166
15420 166
15420 166
15421 166
15421 166
15425 166
15429 166
15433 166
15437 166
15441 166
15441 166
15441 166
15442 166
15442 166
15442 166
15443 166
15443 166
15443 166
15444 166
15444 166
15444 166
15445 166
15445 166
15446 166
15446 166
15446 166
15447 166
15447 166
15447 166
15448 166
15448 166
15448 166
15449 166
15449 166
15450 166
15450 166
15454 166
15458 166
15462 166
15466 166
15470 166
15470 166
15470 166
15470 166
15471 166
15471 166
15471 166
15472 166
15472 166
15473 166
15473 166
15473 166
15474 166
15474 166
15474 166
15475 166
15475 166
15475 166
15476 166
15476 166
15477 166
15477 166
15477 166
15478 166
15478 166
15478 166
15479 166
15483 166
15487 166
15491 166
15495 166
15499 166
15499 166
15499 166
15499 166
15500 166
15500 166
15500 166
15501 166
15501 166
15502 166
15502 166
15502 166
15503 166
15503 166
15503 166
15504 166
15504 166
15504 166
15505 166
15505 166
15506 166
15506 166
15506 166
15507 166
15507 166
15507 166
15508 166
15512 166
15516 166
15520 166
15524 166
15528 166
15528 166
15528 166
15528 166
15529 166
15529 166
15530 166
15530 166
15530 166
15531 166
15531 166
15531 166
15532 166
15532 166
15532 166
15533 166
15533 166
15534 166
15534 166
15534 166
15535 166
15535 166
15535 166
15536 166
15536 166
15536 166
15537 166
15541 166
15545 166
15549 166
15553 166
15557 166
15557 166
15557 166
15558 166
15558 166
15558 166
15559 166
15559 166
15559 166
15560 166
15560 166
15560 166
15561 166
15561 166
15561 166
15562 166
15562 166
15563 166
15563 166
15563 166
15564 166
15564 166
15564 166
15565 166
15565 166
15565 166
15566 166
15570 166
15574 166
15578 166
15582 166
15586 166
15586 166
15586 166
15587 166
15587 166
15587 166
15588 166
15588 166
15588 166
15589 166
15589 166
15590 166
15590 166
15590 166
15591 166
15591 166
15591 166
15592 166
15592 166
15592 166
15593 166
15593 166
15594 166
15594 166
15594 166
15595 166
15595 166
15599 166
15603 166
15607 166
15611 166
15615 166
15615 166
15616 166
15616 166
15616 166
15617 166
15617 166
15617 166
15618 166
15618 166
15618 166
15619 166
15619 166
15619 166
15620 166
15620 166
15621 166
15621 166
15621 166
15622 166
15622 165
15622 165
15623 165
15623 165
15623 165
15624 165
15624 165
15628 165
15632 165
15636 165
15640 165
15644 165
15644 165
15645 165
15645 165
15646 165
15646 165
15646 165
15647 165
15647 165
15647 165
15648 165
15648 165
15648 165
15649 165
15649 165
15649 165
15650 165
15650 165
15651 165
15651 165
15651 165
15652 165
15652 165
15652 165
15653 165
15653 165
15653 165
15658 165
15662 165
15666 165
15670 165
15674 165
15674 165
15674 165
15675 165
15675 165
15675 165
15676 165
15676 165
15676 165
15677 165
15677 165
15677 165
15678 165
15678 165
15678 165
15679 165
15679 165
15680 165
15680 165
15680 165
15681 165
15681 165
15681 165
15682 165
15682 165
15682 165
15683 165
15687 165
15691 165
15695 165
15699 165
15703 165
15703 165
15704 165
15704 165
15704 165
15705 165
15705 165
15705 165
15706 165
15706 165
15706 165
15707 165
15707 165
15708 165
15708 165
15708 165
15709 165
15709 165
15709 165
15710 165
15710 165
15710 165
15711 165
15711 165
15712 165
15712 165
15712 165
15716 165
15720 165
15725 165
15729 165
15733 165
15733 165
15733 165
15733 165
15734 165
15734 165
15735 165
15735 165
15735 165
15736 165
15736 165
15736 165
15737 165
15737 165
15737 165
15738 165
15738 165
15739 165
15739 165
15739 165
15740 165
15740 165
15740 165
15741 165
15741 165
15741 165
15742 165
15746 165
15750 165
15754 165
15758 165
15762 165
15762 165
15763 165
15763 165
15763 165
15764 165
15764 165
15765 165
15765 165
15765 165
15766 165
15766 165
15766 165
15767 165
15767 165
15767 165
15768 165
15768 165
15769 165
15769 165
15769 165
15770 165
15770 165
15770 165
15771 165
15771 165
15771 165
15776 165
15780 165
15784 164
15788 165
15792 165
15792 165
15792 165
15793 165
15793 165
15793 165
15794 165
15794 165
15795 165
15795 165
15795 165
15796 165
15796 165
15796 165
15797 165
15797 165
15797 165
15798 165
15798 165
15799 165
15799 165
15799 165
15800 165
15800 165
15800 165
15801 165
15801 165
15805 164
15809 164
15813 164
15818 164
15822 164
15822 164
15822 164
15822 164
15823 164
15823 164
15823 164
15824 164
15824 164
15825 164
15825 164
15825 164
15826 164
15826 164
15826 164
15827 164
15827 164
15827 164
15828 164
15828 164
15829 164
15829 164
15829 164
15830 164
15830 164
15830 164
15831 164
15835 164
15839 164
15843 164
15847 164
15851 164
15851 164
15852 164
15852 164
15853 164
15853 164
15853 164
15854 164
15854 164
15854 164
15855 164
15855 164
15855 164
15856 164
15856 164
15856 164
15857 164
15857 164
15858 164
15858 164
15858 164
15859 164
15859 164
15859 164
15860 164
15860 164
15860 164
15865 164
15869 164
15873 164
15877 164
15881 164
15881 164
15882 164
15882 164
15882 164
15883 164
15883 164
15883 164
15884 164
15884 164
15885 164
15885 164
15885 164
15886 164
15886 164
15886 164
15887 164
15887 164
15887 164
15888 164
15888 164
15889 164
15889 164
15889 164
15890 164
15890 164
15890 164
15894 164
15899 164
15903 164
15907 164
15911 164
15911 164
15912 164
15912 164
15912 164
15913 164
15913 164
15913 164
15914 164
15914 164
15914 164
15915 164
15915 164
15916 164
15916 164
15916 164
15917 164
15917 164
15917 164
15918 164
15918 164
15918 164
15919 164
15919 164
15920 164
15920 164
15920 164
15924 164
15929 164
15933 164
15937 164
15941 164
15941 164
15942 164
15942 164
15942 164
15943 164
15943 164
15943 164
15944 164
15944 164
15944 164
15945 164
15945 164
15946 164
15946 164
15946 164
15947 164
15947 164
15947 164
15948 164
15948 164
15948 164
15949 164
15949 164
15950 164
15950 164
15950 164
15954 164
15959 164
15963 164
15967 164
15971 164
15971 164
15972 164
15972 164
15972 164
15973 164
15973 164
15973 164
15974 164
15974 164
15974 164
15975 164
15975 164
15976 164
15976 164
15976 164
15977 164
15977 164
15977 164
15978 164
15978 164
15978 164
15979 164
15979 164
15980 164
15980 164
15980 164
15985 164
15989 164
15993 164
15997 164
16001 164
16001 164
16002 164
16002 164
16002 164
16003 164
16003 164
16004 164
16004 164
16004 164
16005 164
16005 164
16005 164
16006 164
16006 164
16006 164
16007 164
16007 164
16008 164
16008 164
16008 164
16009 164
16009 164
16009 164
16010 164
16010 164
16010 164
16015 164
16019 164
16023 164
16027 164
16032 164
16032 164
16032 164
16032 164
16033 164
16033 164
16033 164
16034 164
16034 164
16034 164
16035 164
16035 164
16036 164
16036 164
16036 164
16037 164
16037 164
16037 164
16038 164
16038 164
16038 164
16039 164
16039 164
16040 164
16040 164
16040 164
16041 164
16045 164
16049 164
16053 164
16058 164
16062 164
16062 164
16062 164
16063 164
16063 164
16063 164
16064 164
16064 164
16064 164
16065 164
16065 164
16065 164
16066 164
16066 164
16067 164
16067 164
16067 164
16068 164
16068 164
16068 164
16069 164
16069 164
16069 164
16070 164
16070 164
16070 164
16071 164
16075 164
16079 164
16084 164
16088 164
16092 164
16092 164
16092 164
16093 164
16093 164
16094 164
16094 164
16094 164
16095 164
16095 164
16095 164
16096 164
16096 164
16096 164
16097 164
16097 164
16098 164
16098 164
16098 164
16099 164
16099 164
16099 164
16100 164
16100 164
16100 164
16101 164
16101 164
16105 164
16110 164
16114 163
16118 163
16123 163
16123 163
16123 163
16123 163
16124 163
16124 163
16124 163
16125 163
16125 163
16125 163
16126 163
16126 163
16127 163
16127 163
16127 163
16128 163
16128 163
16128 163
16129 163
16129 163
16129 163
16130 163
16130 163
16131 163
16131 163
16131 163
16132 163
16136 163
16140 163
16144 163
16149 163
16153 163
16153 163
16153 163
16154 163
16154 163
16154 163
16155 163
16155 163
16156 163
16156 163
16156 163
16157 163
16157 163
16157 163
16158 163
16158 163
16158 163
16159 163
16159 163
16160 163
16160 163
16160 163
16161 163
16161 163
16161 163
16162 163
16162 163
16166 163
16171 163
16175 163
16179 163
16184 163
16184 163
16184 163
16184 163
16185 163
16185 163
16185 163
16186 163
16186 163
16186 163
16187 163
16187 163
16188 163
16188 163
16188 163
16189 163
16189 163
16189 163
16190 163
16190 163
16190 163
16191 163
16191 163
16192 163
16192 163
16192 163
16193 163
16197 163
16201 163
16206 163
16210 163
16214 163
16214 163
16215 163
16215 163
16215 163
16216 163
16216 163
16216 163
16217 163
16217 163
16217 163
16218 163
16218 163
16219 163
16219 163
16219 163
16220 163
16220 163
16220 163
16221 163
16221 163
16221 163
16222 163
16222 163
16223 163
16223 163
16223 163
16228 163
16232 163
16236 163
16241 163
16245 163
16245 163
16245 163
16246 163
16246 163
16246 163
16247 163
16247 163
16247 163
16248 163
16248 163
16249 163
16249 163
16249 163
16250 163
16250 163
16250 163
16251 163
16251 163
16251 163
16252 163
16252 163
16253 163
16253 163
16253 163
16254 163
16254 163
16258 163
16263 163
16267 163
16271 163
16276 163
16276 163
16276 163
16276 163
16277 163
16277 163
16277 163
16278 163
16278 163
16279 163
16279 163
16279 163
16280 163
16280 163
16280 163
16281 163
16281 163
16281 163
16282 163
16282 163
16283 163
16283 163
16283 163
16284 163
16284 163
16284 163
16285 163
16289 163
16293 163
16298 163
16302 163
16306 163
16306 163
16307 163
16307 163
16308 163
16308 163
16308 163
16309 163
16309 163
16309 163
16310 163
16310 163
16310 163
16311 163
16311 163
16312 163
16312 163
16312 163
16313 163
16313 163
16313 163
16314 163
16314 163
16314 163
16315 163
16315 163
16316 163
16320 163
16324 163
16329 163
16333 163
16337 163
16337 163
16338 163
16338 163
16338 163
16339 163
16339 163
16340 163
16340 163
16340 163
16341 163
16341 163
16341 163
16342 163
16342 163
16342 163
16343 163
16343 163
16344 163
16344 163
16344 163
16345 163
16345 163
16345 163
16346 163
16346 163
16346 163
16351 163
16355 163
16360 163
16364 163
16368 163
16368 163
16369 163
16369 163
16369 163
16370 163
16370 163
16371 163
16371 163
16371 163
16372 163
16372 163
16372 163
16373 163
16373 163
16373 163
16374 163
16374 163
16375 163
16375 163
16375 163
16376 163
16376 163
16376 163
16377 163
16377 163
16377 163
16382 163
16386 163
16391 163
16395 163
16399 163
16399 163
16400 163
16400 163
16401 163
16401 163
16401 163
16402 163
16402 163
16402 163
16403 163
16403 163
16403 163
16404 163
16404 163
16405 163
16405 163
16405 163
16406 163
16406 163
16406 163
16407 163
16407 163
16407 163
16408 163
16408 163
16409 163
16413 163
16417 162
16422 162
16426 162
16431 163
16431 163
16431 163
16431 163
16432 163
16432 163
16432 163
16433 163
16433 163
16433 163
16434 163
16434 163
16435 163
16435 163
16435 163
16436 163
16436 163
16436 163
16437 163
16437 163
16437 163
16438 163
16438 163
16439 163
16439 163
16439 163
16440 163
16444 162
16448 162
16453 162
16457 162
16462 162
16462 162
16462 162
16462 162
16463 162
16463 162
16464 162
16464 162
16464 162
16465 162
16465 162
16465 162
16466 162
16466 162
16466 162
16467 162
16467 162
16468 162
16468 162
16468 162
16469 162
16469 162
16469 162
16470 162
16470 162
16470 162
16471 162
16475 162
16480 162
16484 162
16489 162
16493 162
16493 162
16493 162
16494 162
16494 162
16494 162
16495 162
16495 162
16496 162
16496 162
16496 162
16497 162
16497 162
16497 162
16498 162
16498 162
16498 162
16499 162
16499 162
16499 162
16500 162
16500 162
16501 162
16501 162
16501 162
16502 162
16502 162
16506 162
16511 162
16515 162
16520 162
16524 162
16524 162
16525 162
16525 162
16525 162
16526 162
16526 162
16526 162
16527 162
16527 162
16528 162
16528 162
16528 162
16529 162
16529 162
16529 162
16530 162
16530 162
16530 162
16531 162
16531 162
16532 162
16532 162
16532 162
16533 162
16533 162
16533 162
16538 162
16542 162
16547 162
16551 162
16556 162
16556 162
16556 162
16556 162
16557 162
16557 162
16557 162
16558 162
16558 162
16559 162
16559 162
16559 162
16560 162
16560 162
16560 162
16561 162
16561 162
16561 162
16562 162
16562 162
16563 162
16563 162
16563 162
16564 162
16564 162
16564 162
16565 162
16569 162
16574 162
16578 162
16583 162
16587 162
16587 162
16588 162
16588 162
16588 162
16589 162
16589 162
16589 162
16590 162
16590 162
16590 162
16591 162
16591 162
16592 162
16592 162
16592 162
16593 162
16593 162
16593 162
16594 162
16594 162
16594 162
16595 162
16595 162
16596 162
16596 162
16596 162
16601 162
16605 162
16610 162
16614 162
16619 162
16619 162
16619 162
16619 162
16620 162
16620 162
16621 162
16621 162
16621 162
16622 162
16622 162
16622 162
16623 162
16623 162
16623 162
16624 162
16624 162
16625 162
16625 162
16625 162
16626 162
16626 162
16626 162
16627 162
16627 162
16627 162
16628 162
16632 162
16637 162
16641 161
16646 161
16650 161
16650 161
16651 162
16651 162
16651 162
16652 162
16652 162
16653 162
16653 162
16653 162
16654 162
16654 162
16654 162
16655 162
16655 162
16655 162
16656 162
16656 162
16657 162
16657 162
16657 162
16658 162
16658 161
16658 161
16659 161
16659 161
16659 161
16664 161
16668 161
16673 161
16677 161
16682 161
16682 161
16682 161
16683 161
16683 161
16683 161
16684 161
16684 161
16685 161
16685 161
16685 161
16686 161
16686 161
16686 161
16687 161
16687 161
16687 161
16688 161
16688 161
16689 161
16689 161
16689 161
16690 161
16690 161
16690 161
16691 161
16691 161
16696 161
16700 161
16705 161
16709 161
16714 161
16714 161
16714 161
16715 161
16715 161
16715 161
16716 161
16716 161
16716 161
16717 161
16717 161
16717 161
16718 161
16718 161
16719 161
16719 161
16719 161
16720 161
16720 161
16720 161
16721 161
16721 161
16721 161
16722 161
16722 161
16723 161
16723 161
16727 161
16732 161
16737 161
16741 161
16746 161
16746 161
16746 161
16746 161
16747 161
16747 161
16747 161
16748 161
16748 161
16749 161
16749 161
16749 161
16750 161
16750 161
16750 161
16751 161
16751 161
16751 161
16752 161
16752 161
16753 161
16753 161
16753 161
16754 161
16754 161
16754 161
16755 161
16759 161
16764 161
16768 161
16773 161
16778 161
16778 161
16778 161
16778 161
16779 161
16779 161
16779 161
16780 161
16780 161
16780 161
16781 161
16781 161
16782 161
16782 161
16782 161
16783 161
16783 161
16783 161
16784 161
16784 161
16784 161
16785 161
16785 161
16785 161
16786 161
16786 161
16787 161
16791 161
16796 161
16800 161
16805 161
16809 161
16810 161
16810 161
16810 161
16811 161
16811 161
16811 161
16812 161
16812 161
16812 161
16813 161
16813 161
16813 161
16814 161
16814 161
16815 161
16815 161
16815 161
16816 161
16816 161
16816 161
16817 161
16817 161
16817 161
16818 161
16818 161
16819 161
16823 161
16828 161
16832 161
16837 161
16842 161
16842 161
16842 161
16842 161
16843 161
16843 161
16843 161
16844 161
16844 161
16844 161
16845 161
16845 161
16846 161
16846 161
16846 161
16847 161
16847 161
16847 161
16848 161
16848 161
16848 161
16849 161
16849 161
16850 161
16850 161
16850 161
16851 161
16855 161
16860 161
16864 161
16869 161
16874 161
16874 161
16874 161
16874 161
16875 161
16875 161
16876 161
16876 161
16876 161
16877 161
16877 161
16877 161
16878 161
16878 161
16878 161
16879 161
16879 161
16880 161
16880 161
16880 161
16881 161
16881 161
16881 161
16882 161
16882 161
16882 161
16883 161
16887 161
16892 161
16897 161
16901 161
16906 161
16906 161
16906 161
16907 161
16907 161
16907 161
16908 161
16908 161
16908 161
16909 161
16909 161
16910 161
16910 161
16910 161
16911 161
16911 161
16911 161
16912 161
16912 161
16912 161
16913 161
16913 161
16914 161
16914 161
16914 161
16915 161
16915 161
16920 161
16924 161
16929 161
16934 161
16938 161
16938 161
16939 161
16939 161
16939 161
16940 161
16940 161
16940 161
16941 161
16941 161
16941 161
16942 161
16942 161
16943 161
16943 161
16943 161
16944 161
16944 161
16944 161
16945 161
16945 161
16945 161
16946 161
16946 161
16947 161
16947 161
16947 161
16952 161
16957 161
16961 161
16966 161
16971 161
16971 161
16971 161
16971 161
16972 161
16972 161
16972 161
16973 161
16973 161
16973 161
16974 161
16974 161
16975 161
16975 161
16975 161
16976 161
16976 161
16976 161
16977 161
16977 161
16977 161
16978 161
16978 161
16979 161
16979 161
16979 161
16980 161
16984 161
16989 161
16994 161
16998 161
17003 161
17003 161
17003 161
17004 161
17004 161
17004 161
17005 161
17005 161
17006 161
17006 161
17006 161
17007 161
17007 161
17007 161
17008 161
17008 161
17008 161
17009 161
17009 161
17010 161
17010 161
17010 161
17011 161
17011 161
17011 161
17012 161
17012 161
17017 161
17021 161
17026 161
17031 161
17035 161
17035 161
17036 161
17036 161
17037 161
17037 161
17037 161
17038 161
17038 161
17038 161
17039 161
17039 161
17039 161
17040 161
17040 161
17041 161
17041 161
17041 161
17042 161
17042 161
17042 161
17043 161
17043 161
17043 161
17044 161
17044 161
17045 161
17049 161
17054 161
17059 161
17063 161
17068 161
17068 161
17068 161
17069 161
17069 161
17070 161
17070 161
17070 161
17071 161
17071 161
17071 161
17072 161
17072 161
17072 161
17073 161
17073 161
17074 161
17074 161
17074 161
17075 161
17075 161
17075 161
17076 161
17076 161
17076 160
17077 160
17077 160
17082 160
17087 160
17091 160
17096 160
17101 160
17101 160
17101 160
17101 160
17102 160
17102 160
17103 160
17103 160
17103 160
17104 160
17104 160
17104 160
17105 160
17105 160
17105 160
17106 160
17106 160
17107 160
17107 160
17107 160
17108 160
17108 160
17108 160
17109 160
17109 160
17109 160
17110 160
17115 160
17119 160
17124 160
17129 160
17133 160
17134 160
17134 160
17134 160
17135 160
17135 160
17135 160
17136 160
17136 160
17136 160
17137 160
17137 160
17137 160
17138 160
17138 160
17139 160
17139 160
17139 160
17140 160
17140 160
17140 160
17141 160
17141 160
17141 160
17142 160
17142 160
17143 160
17147 160
17152 160
17157 160
17162 160
17166 160
17166 160
17167 160
17167 160
17167 160
17168 160
17168 160
17168 160
17169 160
17169 160
17170 160
17170 160
17170 160
17171 160
17171 160
17171 160
17172 160
17172 160
17172 160
17173 160
17173 160
17174 160
17174 160
17174 160
17175 160
17175 160
17175 160
17180 160
17185 160
17190 160
17194 160
17199 160
17199 160
17200 160
17200 160
17200 160
17201 160
17201 160
17201 160
17202 160
17202 160
17202 160
17203 160
17203 160
17203 160
17204 160
17204 160
17205 160
17205 160
17205 160
17206 160
17206 160
17206 160
17207 160
17207 160
17207 160
17208 160
17208 160
17213 160
17218 160
17223 160
17227 160
17232 160
17232 160
17232 160
17233 160
17233 160
17234 160
17234 160
17234 160
17235 160
17235 160
17235 160
17236 160
17236 160
17236 160
17237 160
17237 160
17238 160
17238 160
17238 160
17239 160
17239 160
17239 160
17240 160
17240 160
17240 160
17241 160
17241 160
17246 160
17251 159
17255 159
17260 159
17265 159
17265 159
17265 159
17266 159
17266 159
17267 159
17267 159
17267 159
17268 159
17268 159
17268 159
17269 159
17269 159
17269 159
17270 159
17270 159
17271 159
17271 159
17271 159
17272 159
17272 159
17272 159
17273 159
17273 159
17273 159
17274 159
17274 159
17279 159
17284 159
17289 159
17293 159
17298 159
17298 159
17299 159
17299 159
17299 159
17300 159
17300 159
17300 159
17301 159
17301 159
17301 159
17302 159
17302 159
17303 159
17303 159
17303 159
17304 159
17304 159
17304 159
17305 159
17305 159
17305 159
17306 159
17306 159
17307 159
17307 159
17307 159
17312 159
17317 159
17322 159
17327 159
17331 159
17331 159
17332 159
17332 159
17332 159
17333 159
17333 159
17334 159
17334 159
17334 159
17335 159
17335 159
17335 159
17336 159
17336 159
17336 159
17337 159
17337 159
17338 159
17338 159
17338 159
17339 159
17339 159
17339 159
17340 159
17340 159
17340 159
17345 159
17350 159
17355 159
17360 159
17365 159
17365 159
17365 159
17365 159
17366 159
17366 159
17366 159
17367 159
17367 159
17367 159
17368 159
17368 159
17369 159
17369 159
17369 159
17370 159
17370 159
17370 159
17371 159
17371 159
17371 159
17372 159
17372 159
17373 159
17373 159
17373 159
17374 159
17379 159
17383 159
17388 159
17393 159
17398 159
17398 159
17398 159
17399 159
17399 159
17399 159
17400 159
17400 159
17400 159
17401 159
17401 159
17402 159
17402 159
17402 159
17403 159
17403 159
17403 159
17404 159
17404 159
17404 159
17405 159
17405 159
17406 159
17406 159
17406 159
17407 159
17407 159
17412 159
17417 159
17422 159
17426 159
17431 159
17431 159
17432 159
17432 159
17432 159
17433 159
17433 159
17433 159
17434 159
17434 159
17435 159
17435 159
17435 159
17436 159
17436 159
17436 159
17437 159
17437 159
17437 159
17438 159
17438 159
17439 159
17439 159
17439 159
17440 159
17440 159
17440 159
17445 159
17450 159
17455 159
17460 159
17465 159
17465 159
17465 159
17465 159
17466 159
17466 159
17467 159
17467 159
17467 159
17468 159
17468 159
17468 159
17469 159
17469 159
17469 159
17470 159
17470 159
17471 159
17471 159
17471 159
17472 159
17472 159
17472 159
17473 159
17473 159
17473 159
17474 159
17479 159
17484 159
17488 159
17493 159
17498 159
17498 159
17499 159
17499 159
17499 159
17500 159
17500 159
17500 159
17501 159
17501 159
17502 159
17502 159
17502 159
17503 159
17503 159
17503 159
17504 159
17504 159
17504 159
17505 159
17505 159
17506 159
17506 159
17506 159
17507 159
17507 159
17507 159
17512 159
17517 159
17522 159
17527 159
17532 159
17532 159
17532 159
17533 159
17533 159
17533 159
17534 159
17534 159
17534 159
17535 159
17535 159
17536 159
17536 159
17536 159
17537 159
17537 159
17537 159
17538 159
17538 159
17538 159
17539 159
17539 159
17540 159
17540 159
17540 159
17541 159
17541 159
17546 159
17551 159
17556 159
17561 159
17566 159
17566 159
17566 159
17566 159
17567 159
17567 159
17567 159
17568 159
17568 159
17569 159
17569 159
17569 159
17570 159
17570 159
17570 159
17571 159
17571 159
17571 159
17572 159
17572 159
17573 159
17573 159
17573 159
17574 159
17574 159
17574 159
17575 159
17580 159
17585 158
17590 158
17594 158
17599 158
17599 158
17600 158
17600 158
17601 158
17601 158
17601 158
17602 158
17602 158
17602 158
17603 158
17603 158
17603 158
17604 158
17604 158
17604 158
17605 158
17605 158
17606 158
17606 158
17606 158
17607 158
17607 158
17607 158
17608 158
17608 158
17608 158
17613 158
17618 158
17623 158
17628 158
17633 158
17633 158
17634 158
17634 158
17634 158
17635 158
17635 158
17635 158
17636 158
17636 158
17637 158
17637 158
17637 158
17638 158
17638 158
17638 158
17639 158
17639 158
17639 158
17640 158
17640 158
17641 158
17641 158
17641 158
17642 158
17642 158
17642 158
17647 158
17652 158
17657 158
17662 158
17667 158
17667 158
17668 158
17668 158
17668 158
17669 158
17669 158
17669 158
17670 158
17670 158
17670 158
17671 158
17671 158
17672 158
17672 158
17672 158
17673 158
17673 158
17673 158
17674 158
17674 158
17674 158
17675 158
17675 158
17676 158
17676 158
17676 158
17681 158
17686 158
17691 158
17696 158
17701 158
17701 158
17702 158
17702 158
17702 158
17703 158
17703 158
17703 158
17704 158
17704 158
17704 158
17705 158
17705 158
17706 158
17706 158
17706 158
17707 158
17707 158
17707 158
17708 158
17708 158
17708 158
17709 158
17709 158
17710 158
17710 158
17710 158
17715 158
17720 158
17725 158
17730 158
17735 158
17735 158
17736 158
17736 158
17736 158
17737 158
17737 158
17737 158
17738 158
17738 158
17739 158
17739 158
17739 158
17740 158
17740 158
17740 158
17741 158
17741 158
17741 158
17742 158
17742 158
17743 158
17743 158
17743 158
17744 158
17744 158
17744 158
17749 158
17754 158
17759 158
17764 158
17769 158
17769 158
17770 158
17770 158
17771 158
17771 158
17771 158
17772 158
17772 158
17772 158
17773 158
17773 158
17773 158
17774 158
17774 158
17774 158
17775 158
17775 158
17776 158
17776 158
17776 158
17777 158
17777 158
17777 158
17778 158
17778 158
17778 158
17784 158
17789 158
17794 158
17799 158
17804 158
17804 158
17804 158
17804 158
17805 158
17805 158
17805 158
17806 158
17806 158
17807 158
17807 158
17807 158
17808 158
17808 158
17808 158
17809 158
17809 158
17809 158
17810 158
17810 158
17811 158
17811 158
17811 158
17812 158
17812 158
17812 158
17813 158
17818 158
17823 158
17828 158
17833 158
17838 158
17838 158
17838 158
17839 158
17839 158
17839 158
17840 158
17840 158
17841 158
17841 158
17841 158
17842 158
17842 158
17842 158
17843 158
17843 158
17843 158
17844 158
17844 158
17845 158
17845 158
17845 158
17846 158
17846 158
17846 158
17847 158
17847 158
17852 158
17857 158
17862 158
17867 158
17872 158
17872 158
17873 158
17873 158
17873 158
17874 158
17874 158
17875 158
17875 158
17875 158
17876 158
17876 158
17876 158
17877 158
17877 158
17877 158
17878 158
17878 158
17879 158
17879 158
17879 158
17880 158
17880 158
17880 158
17881 158
17881 158
17881 158
17887 158
17892 157
17897 157
17902 157
17907 157
17907 157
17907 157
17908 157
17908 157
17908 157
17909 157
17909 157
17909 157
17910 157
17910 157
17910 157
17911 157
17911 157
17912 157
17912 157
17912 157
17913 157
17913 157
17913 157
17914 157
17914 157
17914 157
17915 157
17915 157
17916 157
17916 157
17921 157
17926 157
17931 157
17936 157
17941 157
17941 157
17942 157
17942 157
17943 157
17943 157
17943 157
17944 157
17944 157
17944 157
17945 157
17945 157
17945 157
17946 157
17946 157
17946 157
17947 157
17947 157
17948 157
17948 157
17948 157
17949 157
17949 157
17949 157
17950 157
17950 157
17950 157
17956 157
17961 157
17966 157
17971 157
17976 157
17976 157
17976 157
17977 157
17977 157
17977 157
17978 157
17978 157
17979 157
17979 157
17979 157
17980 157
17980 157
17980 157
17981 157
17981 157
17981 157
17982 157
17982 157
17983 157
17983 157
17983 157
17984 157
17984 157
17984 157
17985 157
17985 157
17990 157
17995 157
18000 157
18006 157
18011 157
18011 157
18011 157
18011 157
18012 157
18012 157
18013 157
18013 157
18013 157
18014 157
18014 157
18014 157
18015 157
18015 157
18015 157
18016 157
18016 157
18016 157
18017 157
18017 157
18018 157
18018 157
18018 157
18019 157
18019 157
18019 157
18020 157
18025 157
18030 157
18035 157
18040 157
18045 157
18045 157
18046 157
18046 157
18047 157
18047 157
18047 157
18048 157
18048 157
18048 157
18049 157
18049 157
18049 157
18050 157
18050 157
18051 157
18051 157
18051 157
18052 157
18052 157
18052 157
18053 157
18053 157
18053 157
18054 157
18054 157
18055 157
18060 157
18065 157
18070 157
18075 157
18080 157
18080 157
18081 157
18081 157
18081 157
18082 157
18082 157
18083 157
18083 157
18083 157
18084 157
18084 157
18084 157
18085 157
18085 157
18085 157
18086 157
18086 157
18086 157
18087 157
18087 157
18088 157
18088 157
18088 157
18089 157
18089 157
18089 157
18095 157
18100 157
18105 157
18110 157
18115 157
18115 157
18116 157
18116 157
18116 157
18117 157
18117 157
18117 157
18118 157
18118 157
18118 157
18119 157
18119 157
18120 157
18120 157
18120 157
18121 157
18121 157
18121 157
18122 157
18122 157
18122 157
18123 157
18123 157
18124 157
18124 157
18124 157
18129 157
18135 157
18140 157
18145 157
18150 157
18150 157
18151 157
18151 157
18151 157
18152 157
18152 157
18152 157
18153 157
18153 157
18153 157
18154 157
18154 157
18155 157
18155 157
18155 157
18156 157
18156 157
18156 157
18157 157
18157 157
18157 157
18158 157
18158 157
18159 157
18159 157
18159 157
18164 157
18170 156
18175 156
18180 156
18185 156
18185 156
18186 156
18186 156
18186 156
18187 156
18187 156
18187 156
18188 156
18188 156
18189 156
18189 156
18189 156
18190 156
18190 156
18190 156
18191 156
18191 156
18191 156
18192 156
18192 156
18193 156
18193 156
18193 156
18194 156
18194 156
18194 156
18200 156
18205 156
18210 156
18215 156
18220 156
18220 156
18221 156
18221 156
18222 156
18222 156
18222 156
18223 156
18223 156
18223 156
18224 156
18224 156
18224 156
18225 156
18225 156
18226 156
18226 156
18226 156
18227 156
18227 156
18227 156
18228 156
18228 156
18228 156
18229 156
18229 156
18230 156
18235 156
18240 156
18245 156
18250 156
18256 156
18256 156
18256 156
18256 156
18257 156
18257 156
18257 156
18258 156
18258 156
18259 156
18259 156
18259 156
18260 156
18260 156
18260 156
18261 156
18261 156
18261 156
18262 156
18262 156
18263 156
18263 156
18263 156
18264 156
18264 156
18264 156
18265 156
18270 156
18275 156
18280 156
18286 156
18291 156
18291 156
18291 156
18292 156
18292 156
18292 156
18293 156
18293 156
18294 156
18294 156
18294 156
18295 156
18295 156
18295 156
18296 156
18296 156
18296 156
18297 156
18297 156
18298 156
18298 156
18298 156
18299 156
18299 156
18299 156
18300 156
18300 156
18305 156
18311 156
18316 156
18321 156
18326 156
18326 156
18327 156
18327 156
18327 156
18328 156
18328 156
18329 156
18329 156
18329 156
18330 156
18330 156
18330 156
18331 156
18331 156
18331 156
18332 156
18332 156
18333 156
18333 156
18333 156
18334 156
18334 156
18334 156
18335 156
18335 156
18335 156
18341 156
18346 156
18351 156
18357 156
18362 156
18362 156
18362 156
18363 156
18363 156
18363 156
18364 156
18364 156
18364 156
18365 156
18365 156
18366 156
18366 156
18366 156
18367 156
18367 156
18367 156
18368 156
18368 156
18368 156
18369 156
18369 156
18369 156
18370 156
18370 156
18371 156
18371 156
18376 156
18382 156
18387 156
18392 156
18397 156
18397 156
18398 156
18398 156
18399 156
18399 156
18399 156
18400 156
18400 156
18400 156
18401 156
18401 156
18401 156
18402 156
18402 156
18402 156
18403 156
18403 156
18404 156
18404 156
18404 156
18405 156
18405 156
18405 156
18406 156
18406 156
18406 156
18412 156
18417 156
18422 156
18428 156
18433 156
18433 156
18433 156
18434 156
18434 156
18435 156
18435 156
18435 156
18436 156
18436 156
18436 156
18437 156
18437 156
18437 156
18438 156
18438 156
18438 156
18439 156
18439 156
18440 156
18440 156
18440 156
18441 156
18441 156
18441 156
18442 156
18442 156
18447 156
18453 156
18458 156
18463 156
18469 156
18469 156
18469 156
18470 156
18470 156
18470 156
18471 156
18471 156
18471 156
18472 156
18472 156
18472 156
18473 156
18473 156
18473 156
18474 156
18474 156
18475 156
18475 156
18475 156
18476 156
18476 156
18476 156
18477 156
18477 156
18477 156
18478 156
18483 156
18489 156
18494 156
18499 156
18505 156
18505 156
18505 156
18505 156
18506 156
18506 156
18506 156
18507 156
18507 156
18507 156
18508 156
18508 156
18509 156
18509 156
18509 156
18510 156
18510 156
18510 156
18511 156
18511 156
18511 156
18512 156
18512 156
18513 156
18513 156
18513 156
18514 156
18519 156
18524 156
18530 156
18535 156
18540 156
18540 156
18541 156
18541 156
18541 156
18542 156
18542 156
18543 156
18543 156
18543 156
18544 156
18544 156
18544 156
18545 156
18545 156
18545 156
18546 156
18546 156
18547 156
18547 156
18547 156
18548 156
18548 156
18548 156
18549 156
18549 156
18549 156
18555 156
18560 156
18566 156
18571 156
18576 156
18576 156
18577 156
18577 156
18577 156
18578 156
18578 156
18579 156
18579 156
18579 156
18580 156
18580 156
18580 156
18581 156
18581 156
18581 156
18582 156
18582 156
18583 156
18583 156
18583 156
18584 156
18584 156
18584 156
18585 156
18585 156
18585 156
18591 156
18596 155
18602 155
18607 155
18612 156
18612 156
18613 156
18613 156
18613 156
18614 156
18614 156
18615 156
18615 156
18615 156
18616 156
18616 156
18616 156
18617 156
18617 156
18617 156
18618 156
18618 156
18619 156
18619 156
18619 156
18620 156
18620 156
18620 156
18621 156
18621 156
18621 156
18627 155
18632 155
18638 155
18643 155
18649 155
18649 155
18649 155
18649 155
18650 155
18650 155
18650 155
18651 155
18651 155
18651 155
18652 155
18652 155
18653 155
18653 155
18653 155
18654 155
18654 155
18654 155
18655 155
18655 155
18655 155
18656 155
18656 155
18657 155
18657 155
18657 155
18658 155
18663 155
18668 155
18674 155
18679 155
18685 155
18685 155
18685 155
18685 155
18686 155
18686 155
18687 155
18687 155
18687 155
18688 155
18688 155
18688 155
18689 155
18689 155
18689 155
18690 155
18690 155
18691 155
18691 155
18691 155
18692 155
18692 155
18692 155
18693 155
18693 155
18693 155
18694 155
18699 155
18705 155
18710 155
18715 155
18721 155
18721 155
18721 155
18722 155
18722 155
18722 155
18723 155
18723 155
18723 155
18724 155
18724 155
18725 155
18725 155
18725 155
18726 155
18726 155
18726 155
18727 155
18727 155
18727 155
18728 155
18728 155
18729 155
18729 155
18729 155
18730 155
18730 155
18735 155
18741 155
18746 155
18752 155
18757 155
18757 155
18758 155
18758 155
18758 155
18759 155
18759 155
18759 155
18760 155
18760 155
18761 155
18761 155
18761 155
18762 155
18762 155
18762 155
18763 155
18763 155
18763 155
18764 155
18764 155
18765 155
18765 155
18765 155
18766 155
18766 155
18766 155
18772 155
18777 155
18783 155
18788 155
18794 155
18794 155
18794 155
18794 155
18795 155
18795 155
18795 155
18796 155
18796 155
18797 155
18797 155
18797 155
18798 155
18798 155
18798 155
18799 155
18799 155
18799 155
18800 155
18800 155
18801 155
18801 155
18801 155
18802 155
18802 155
18802 155
18803 155
18808 155
18814 154
18819 154
18825 154
18830 154
18830 154
18831 154
18831 154
18831 154
18832 154
18832 154
18832 154
18833 154
18833 154
18833 154
18834 154
18834 154
18835 154
18835 154
18835 154
18836 154
18836 154
18836 154
18837 154
18837 154
18837 154
18838 154
18838 154
18839 154
18839 154
18839 154
18845 154
18850 154
18856 154
18861 154
18867 154
18867 154
18867 154
18867 154
18868 154
18868 154
18869 154
18869 154
18869 154
18870 154
18870 154
18870 154
18871 154
18871 154
18871 154
18872 154
18872 154
18873 154
18873 154
18873 154
18874 154
18874 154
18874 154
18875 154
18875 154
18875 154
18876 154
18881 154
18887 154
18892 154
18898 154
18903 154
18903 154
18904 154
18904 154
18905 154
18905 154
18905 154
18906 154
18906 154
18906 154
18907 154
18907 154
18907 154
18908 154
18908 154
18909 154
18909 154
18909 154
18910 154
18910 154
18910 154
18911 154
18911 154
18911 154
18912 154
18912 154
18913 154
18918 154
18924 154
18929 154
18935 154
18940 154
18940 154
18941 154
18941 154
18941 154
18942 154
18942 154
18942 154
18943 154
18943 154
18943 154
18944 154
18944 154
18945 154
18945 154
18945 154
18946 154
18946 154
18946 154
18947 154
18947 154
18947 154
18948 154
18948 154
18949 154
18949 154
18949 154
18955 154
18960 154
18966 154
18971 154
18977 154
18977 154
18977 154
18978 154
18978 154
18978 154
18979 154
18979 154
18980 154
18980 154
18980 154
18981 154
18981 154
18981 154
18982 154
18982 154
18982 154
18983 154
18983 154
18984 154
18984 154
18984 154
18985 154
18985 154
18985 154
18986 154
18986 154
18992 154
18997 154
19003 154
19008 154
19014 154
19014 154
19014 154
19015 154
19015 154
19015 154
19016 154
19016 154
19016 154
19017 154
19017 154
19018 154
19018 154
19018 154
19019 154
19019 154
19019 154
19020 154
19020 154
19020 154
19021 154
19021 154
19021 154
19022 154
19022 154
19023 154
19023 154
19029 154
19034 154
19040 154
19045 154
19051 154
19051 154
19051 154
19052 154
19052 154
19052 154
19053 154
19053 154
19053 154
19054 154
19054 154
19054 154
19055 154
19055 154
19056 154
19056 154
19056 154
19057 154
19057 154
19057 154
19058 154
19058 154
19058 154
19059 154
19059 154
19060 154
19060 154
19066 154
19071 154
19077 154
19082 154
19088 154
19088 154
19088 154
19089 154
19089 154
19089 154
19090 154
19090 154
19090 154
19091 154
19091 154
19092 154
19092 154
19092 154
19093 154
19093 154
19093 154
19094 154
19094 154
19094 154
19095 154
19095 154
19096 154
19096 154
19096 154
19097 154
19097 154
19103 154
19108 154
19114 154
19119 154
19125 154
19125 154
19125 154
19126 154
19126 154
19127 154
19127 154
19127 154
19128 154
19128 154
19128 154
19129 154
19129 154
19129 154
19130 154
19130 154
19131 154
19131 154
19131 154
19132 154
19132 154
19132 154
19133 154
19133 154
19133 154
19134 154
19134 154
19140 154
19145 154
19151 153
19157 153
19162 154
19162 154
19163 154
19163 154
19163 154
19164 154
19164 154
19164 154
19165 154
19165 154
19166 154
19166 154
19166 154
19167 154
19167 154
19167 154
19168 154
19168 154
19168 154
19169 154
19169 154
19170 154
19170 154
19170 154
19171 154
19171 154
19171 154
19177 153
19183 153
19188 153
19194 153
19200 153
19200 153
19200 153
19200 153
19201 153
19201 153
19201 153
19202 153
19202 153
19203 153
19203 153
19203 153
19204 153
19204 153
19204 153
19205 153
19205 153
19205 153
19206 153
19206 153
19206 153
19207 153
19207 153
19208 153
19208 153
19208 153
19209 153
19214 153
19220 153
19226 153
19231 153
19237 153
19237 153
19237 153
19238 153
19238 153
19238 153
19239 153
19239 153
19240 153
19240 153
19240 153
19241 153
19241 153
19241 153
19242 153
19242 153
19242 153
19243 153
19243 153
19244 153
19244 153
19244 153
19245 153
19245 153
19245 153
19246 153
19246 153
19252 153
19257 153
19263 153
19269 153
19274 153
19274 153
19275 153
19275 153
19276 153
19276 153
19276 153
19277 153
19277 153
19277 153
19278 153
19278 153
19278 153
19279 153
19279 153
19280 153
19280 153
19280 153
19281 153
19281 153
19281 153
19282 153
19282 153
19282 153
19283 153
19283 153
19284 153
19289 153
19295 153
19301 153
19306 153
19312 153
19312 153
19312 153
19313 153
19313 153
19313 153
19314 153
19314 153
19315 153
19315 153
19315 153
19316 153
19316 153
19316 153
19317 153
19317 153
19317 153
19318 153
19318 153
19319 153
19319 153
19319 153
19320 153
19320 153
19320 153
19321 153
19321 153
19327 153
19332 153
19338 153
19344 153
19350 153
19350 153
19350 153
19350 153
19351 153
19351 153
19351 153
19352 153
19352 153
19353 153
19353 153
19353 153
19354 153
19354 153
19354 153
19355 153
19355 153
19355 153
19356 153
19356 153
19357 153
19357 153
19357 153
19358 153
19358 153
19358 153
19359 153
19364 153
19370 152
19376 152
19382 152
19387 152
19387 152
19388 152
19388 152
19388 152
19389 152
19389 152
19390 152
19390 152
19390 152
19391 152
19391 152
19391 152
19392 152
19392 152
19392 152
19393 152
19393 152
19394 152
19394 152
19394 152
19395 152
19395 152
19395 152
19396 152
19396 152
19396 152
19402 152
19408 152
19414 152
19419 152
19425 152
19425 152
19426 152
19426 152
19426 152
19427 152
19427 152
19427 152
19428 152
19428 152
19428 152
19429 152
19429 152
19430 152
19430 152
19430 152
19431 152
19431 152
19431 152
19432 152
19432 152
19432 152
19433 152
19433 152
19434 152
19434 152
19434 152
19440 152
19446 152
19452 152
19457 152
19463 152
19463 152
19463 152
19464 152
19464 152
19464 152
19465 152
19465 152
19466 152
19466 152
19466 152
19467 152
19467 152
19467 152
19468 152
19468 152
19468 152
19469 152
19469 152
19470 152
19470 152
19470 152
19471 152
19471 152
19471 152
19472 152
19472 152
19478 152
19484 152
19489 152
19495 152
19501 152
19501 152
19501 152
19502 152
19502 152
19502 152
19503 152
19503 152
19504 152
19504 152
19504 152
19505 152
19505 152
19505 152
19506 152
19506 152
19506 152
19507 152
19507 152
19508 152
19508 152
19508 152
19509 152
19509 152
19509 152
19510 152
19510 152
19516 152
19522 152
19527 152
19533 152
19539 152
19539 152
19539 152
19540 152
19540 152
19540 152
19541 152
19541 152
19542 152
19542 152
19542 152
19543 152
19543 152
19543 152
19544 152
19544 152
19544 152
19545 152
19545 152
19546 152
19546 152
19546 152
19547 152
19547 152
19547 152
19548 152
19548 152
19554 152
19560 152
19565 152
19571 152
19577 152
19577 152
19577 152
19578 152
19578 152
19579 152
19579 152
19579 152
19580 152
19580 152
19580 152
19581 152
19581 152
19581 152
19582 152
19582 152
19583 152
19583 152
19583 152
19584 152
19584 152
19584 152
19585 152
19585 152
19585 152
19586 152
19586 152
19592 152
19598 152
19604 152
19609 152
19615 152
19615 152
19616 152
19616 152
19616 152
19617 152
19617 152
19617 152
19618 152
19618 152
19619 152
19619 152
19619 152
19620 152
19620 152
19620 152
19621 152
19621 152
19621 152
19622 152
19622 152
19623 152
19623 152
19623 152
19624 152
19624 152
19624 152
19630 152
19636 152
19642 152
19648 152
19654 152
19654 152
19654 152
19654 152
19655 152
19655 152
19655 152
19656 152
19656 152
19656 152
19657 152
19657 152
19658 152
19658 152
19658 152
19659 152
19659 152
19659 152
19660 152
19660 152
19660 152
19661 152
19661 152
19662 152
19662 152
19662 152
19663 152
19668 152
19674 152
19680 152
19686 152
19692 152
19692 152
19692 152
19693 152
19693 152
19693 152
19694 152
19694 152
19694 152
19695 152
19695 152
19696 152
19696 152
19696 152
19697 152
19697 152
19697 152
19698 152
19698 152
19698 152
19699 152
19699 152
19700 152
19700 152
19700 152
19701 152
19701 152
19707 152
19713 152
19719 152
19724 152
19730 152
19730 152
19731 152
19731 152
19731 152
19732 152
19732 152
19733 152
19733 152
19733 152
19734 152
19734 152
19734 152
19735 152
19735 152
19735 152
19736 152
19736 152
19737 152
19737 152
19737 152
19738 152
19738 152
19738 152
19739 152
19739 152
19739 152
19745 152
19751 152
19757 152
19763 152
19769 152
19769 152
19769 152
19770 152
19770 152
19770 152
19771 152
19771 152
19771 152
19772 152
19772 152
19773 152
19773 152
19773 152
19774 152
19774 152
19774 152
19775 152
19775 152
19775 152
19776 152
19776 152
19777 152
19777 152
19777 152
19778 152
19778 152
19784 152
19790 151
19796 151
19802 151
19808 151
19808 151
19808 151
19808 151
19809 151
19809 151
19809 151
19810 151
19810 151
19810 151
19811 151
19811 151
19812 151
19812 151
19812 151
19813 151
19813 151
19813 151
19814 151
19814 151
19814 151
19815 151
19815 151
19815 151
19816 151
19816 151
19817 151
19823 151
19828 151
19834 151
19840 151
19846 151
19846 151
19847 151
19847 151
19847 151
19848 151
19848 151
19848 151
19849 151
19849 151
19849 151
19850 151
19850 151
19851 151
19851 151
19851 151
19852 151
19852 151
19852 151
19853 151
19853 151
19853 151
19854 151
19854 151
19855 151
19855 151
19855 151
19861 151
19867 151
19873 151
19879 151
19885 151
19885 151
19885 151
19886 151
19886 151
19886 151
19887 151
19887 151
19887 151
19888 151
19888 151
19889 151
19889 151
19889 151
19890 151
19890 151
19890 151
19891 151
19891 151
19891 151
19892 151
19892 151
19893 151
19893 151
19893 151
19894 151
19894 151
19900 151
19906 151
19912 151
19918 151
19924 151
19924 151
19924 151
19925 151
19925 151
19925 151
19926 151
19926 151
19926 151
19927 151
19927 151
19927 151
19928 151
19928 151
19929 151
19929 151
19929 151
19930 151
19930 151
19930 151
19931 151
19931 151
19931 151
19932 151
19932 151
19933 151
19933 151
19939 151
19945 151
19951 151
19957 151
19963 151
19963 151
19963 151
19964 151
19964 151
19964 151
19965 151
19965 151
19965 151
19966 151
19966 151
19966 151
19967 151
19967 151
19967 151
19968 151
19968 151
19969 151
19969 151
19969 151
19970 151
19970 151
19970 151
19971 151
19971 151
19971 151
19972 151
19978 151
19984 151
19990 151
19996 151
20002 151
20002 151
20002 151
20003 151
20003 151
20003 151
20004 151
20004 151
20004 151
20005 151
20005 151
20005 151
20006 151
20006 151
20007 151
20007 151
20007 151
20008 151
20008 151
20008 151
20009 151
20009 151
20009 151
20010 151
20010 151
20011 151
20011 151
20017 150
20023 150
20029 150
20035 150
20041 150
20041 150
20041 150
20042 150
20042 150
20042 150
20043 150
20043 150
20043 150
20044 150
20044 150
20045 150
20045 150
20045 150
20046 150
20046 150
20046 150
20047 150
20047 150
20047 150
20048 150
20048 150
20049 150
20049 150
20049 150
20050 150
20050 150
20056 150
20062 150
20068 150
20074 150
20080 150
20080 150
20081 150
20081 150
20081 150
20082 150
20082 150
20082 150
20083 150
20083 150
20083 150
20084 150
20084 150
20085 150
20085 150
20085 150
20086 150
20086 150
20086 150
20087 150
20087 150
20087 150
20088 150
20088 150
20088 150
20089 150
20089 150
20095 150
20101 150
20107 150
20113 150
20119 150
20119 150
20120 150
20120 150
20120 150
20121 150
20121 150
20122 150
20122 150
20122 150
20123 150
20123 150
20123 150
20124 150
20124 150
20124 150
20125 150
20125 150
20126 150
20126 150
20126 150
20127 150
20127 150
20127 150
20128 150
20128 150
20128 150
20135 150
20141 150
20147 150
20153 150
20159 150
20159 150
20159 150
20159 150
20160 150
20160 150
20161 150
20161 150
20161 150
20162 150
20162 150
20162 150
20163 150
20163 150
20163 150
20164 150
20164 150
20165 150
20165 150
20165 150
20166 150
20166 150
20166 150
20167 150
20167 150
20167 150
20168 150
20174 150
20180 150
20186 150
20192 150
20198 150
20198 150
20199 150
20199 150
20199 150
20200 150
20200 150
20200 150
20201 150
20201 150
20201 150
20202 150
20202 150
20203 150
20203 150
20203 150
20204 150
20204 150
20204 150
20205 150
20205 150
20205 150
20206 150
20206 150
20207 150
20207 150
20207 150
20213 150
20219 150
20226 150
20232 150
20238 150
20238 150
20238 150
20238 150
20239 150
20239 150
20240 150
20240 150
20240 150
20241 150
20241 150
20241 150
20242 150
20242 150
20242 150
20243 150
20243 150
20244 150
20244 150
20244 150
20245 150
20245 150
20245 150
20246 150
20246 150
20246 150
20247 150
20253 150
20259 150
20265 150
20271 150
20277 150
20277 150
20278 150
20278 150
20278 150
20279 150
20279 150
20280 150
20280 150
20280 150
20281 150
20281 150
20281 150
20282 150
20282 150
20282 150
20283 150
20283 150
20284 150
20284 150
20284 150
20285 150
20285 150
20285 150
20286 150
20286 150
20286 150
20293 150
20299 150
20305 150
20311 150
20317 150
20317 150
20317 150
20318 150
20318 150
20319 150
20319 150
20319 150
20320 150
20320 150
20320 150
20321 150
20321 150
20321 150
20322 150
20322 150
20323 150
20323 150
20323 150
20324 150
20324 150
20324 150
20325 150
20325 150
20325 150
20326 150
20326 150
20332 150
20338 150
20345 150
20351 150
20357 150
20357 150
20357 150
20358 150
20358 150
20358 150
20359 150
20359 150
20359 150
20360 150
20360 150
20361 150
20361 150
20361 150
20362 150
20362 150
20362 150
20363 150
20363 150
20363 150
20364 150
20364 150
20365 150
20365 150
20365 150
20366 150
20366 150
20372 150
20378 150
20384 150
20391 150
20397 150
20397 150
20397 150
20397 150
20398 150
20398 150
20399 150
20399 150
20399 150
20400 150
20400 150
20400 150
20401 150
20401 150
20401 150
20402 150
20402 150
20403 150
20403 150
20403 150
20404 150
20404 150
20404 150
20405 150
20405 150
20405 150
20406 150
20412 150
20418 150
20424 150
20430 150
20437 150
20437 150
20437 150
20437 150
20438 150
20438 150
20438 150
20439 150
20439 150
20440 150
20440 150
20440 150
20441 150
20441 150
20441 150
20442 150
20442 150
20442 150
20443 150
20443 150
20444 150
20444 150
20444 150
20445 150
20445 150
20445 150
20446 150
20452 150
20458 149
20464 149
20470 149
20477 149
20477 149
20477 149
20477 149
20478 149
20478 149
20479 149
20479 149
20479 149
20480 149
20480 149
20480 149
20481 149
20481 149
20481 149
20482 149
20482 149
20482 149
20483 149
20483 149
20484 149
20484 149
20484 149
20485 149
20485 149
20485 149
20486 149
20492 149
20498 149
20504 149
20511 149
20517 149
20517 149
20517 149
20518 149
20518 149
20518 149
20519 149
20519 149
20519 149
20520 149
20520 149
20520 149
20521 149
20521 149
20522 149
20522 149
20522 149
20523 149
20523 149
20523 149
20524 149
20524 149
20524 149
20525 149
20525 149
20526 149
20526 149
20532 149
20538 149
20545 149
20551 149
20557 149
20557 149
20557 149
20558 149
20558 149
20559 149
20559 149
20559 149
20560 149
20560 149
20560 149
20561 149
20561 149
20561 149
20562 149
20562 149
20562 149
20563 149
20563 149
20564 149
20564 149
20564 149
20565 149
20565 149
20565 149
20566 149
20566 149
20572 149
20579 149
20585 149
20591 149
20597 149
20597 149
20598 149
20598 149
20598 149
20599 149
20599 149
20600 149
20600 149
20600 149
20601 149
20601 149
20601 149
20602 149
20602 149
20602 149
20603 149
20603 149
20603 149
20604 149
20604 149
20605 149
20605 149
20605 149
20606 149
20606 149
20606 149
20613 149
20619 149
20625 149
20631 149
20638 149
20638 149
20638 149
20638 149
20639 149
20639 149
20640 149
20640 149
20640 149
20641 149
20641 149
20641 149
20642 149
20642 149
20642 149
20643 149
20643 149
20644 149
20644 149
20644 149
20645 149
20645 149
20645 149
20646 149
20646 149
20646 149
20647 149
20653 149
20659 149
20666 149
20672 149
20678 149
20678 149
20679 149
20679 149
20679 149
20680 149
20680 149
20680 149
20681 149
20681 149
20681 149
20682 149
20682 149
20683 149
20683 149
20683 149
20684 149
20684 149
20684 149
20685 149
20685 149
20685 149
20686 149
20686 149
20687 149
20687 149
20687 149
20694 149
20700 148
20706 148
20712 148
20719 148
20719 148
20719 148
20719 148
20720 148
20720 148
20721 148
20721 148
20721 148
20722 148
20722 148
20722 148
20723 148
20723 148
20723 148
20724 148
20724 148
20725 148
20725 148
20725 148
20726 148
20726 148
20726 148
20727 148
20727 148
20727 148
20728 148
20734 148
20740 148
20747 148
20753 148
20759 148
20759 148
20760 148
20760 148
20760 148
20761 148
20761 148
20762 148
20762 148
20762 148
20763 148
20763 148
20763 148
20764 148
20764 148
20764 148
20765 148
20765 148
20765 148
20766 148
20766 148
20767 148
20767 148
20767 148
20768 148
20768 148
20768 148
20775 148
20781 148
20787 148
20794 148
20800 148
20800 148
20800 148
20801 148
20801 148
20802 148
20802 148
20802 148
20803 148
20803 148
20803 148
20804 148
20804 148
20804 148
20805 148
20805 148
20805 148
20806 148
20806 148
20807 148
20807 148
20807 148
20808 148
20808 148
20808 148
20809 148
20809 148
20815 148
20822 148
20828 148
20835 148
20841 148
20841 148
20841 148
20842 148
20842 148
20842 148
20843 148
20843 148
20843 148
20844 148
20844 148
20845 148
20845 148
20845 148
20846 148
20846 148
20846 148
20847 148
20847 148
20847 148
20848 148
20848 148
20848 148
20849 148
20849 148
20850 148
20850 148
20856 148
20863 148
20869 148
20875 148
20882 148
20882 148
20882 148
20883 148
20883 148
20883 148
20884 148
20884 148
20884 148
20885 148
20885 148
20885 148
20886 148
20886 148
20887 148
20887 148
20887 148
20888 148
20888 148
20888 148
20889 148
20889 148
20889 148
20890 148
20890 148
20891 148
20891 148
20897 148
20904 148
20910 148
20916 148
20923 148
20923 148
20923 148
20924 148
20924 148
20924 148
20925 148
20925 148
20925 148
20926 148
20926 148
20926 148
20927 148
20927 148
20927 148
20928 148
20928 148
20929 148
20929 148
20929 148
20930 148
20930 148
20930 148
20931 148
20931 148
20931 148
20932 148
20938 148
20945 148
20951 148
20957 148
20964 148
20964 148
20964 148
20965 148
20965 148
20965 148
20966 148
20966 148
20966 148
20967 148
20967 148
20967 148
20968 148
20968 148
20969 148
20969 148
20969 148
20970 148
20970 148
20970 148
20971 148
20971 148
20971 148
20972 148
20972 148
20973 148
20973 148
20979 148
20986 148
20992 148
20999 148
21005 148
21005 148
21005 148
21006 148
21006 148
21006 148
21007 148
21007 148
21008 148
21008 148
21008 148
21009 148
21009 148
21009 148
21010 148
21010 148
21010 148
21011 148
21011 148
21012 148
21012 148
21012 148
21013 148
21013 148
21013 148
21014 148
21014 148
21021 148
21027 148
21033 148
21040 148
21046 148
21046 148
21047 148
21047 148
21047 148
21048 148
21048 148
21048 148
21049 148
21049 148
21050 148
21050 148
21050 148
21051 148
21051 148
21051 148
21052 148
21052 148
21052 148
21053 148
21053 148
21054 148
21054 148
21054 148
21055 148
21055 148
21055 148
21062 148
21068 147
21075 147
21081 147
21088 147
21088 147
21088 147
21088 147
21089 147
21089 147
21089 147
21090 147
21090 147
21090 147
21091 147
21091 147
21092 147
21092 147
21092 147
21093 147
21093 147
21093 147
21094 147
21094 147
21094 147
21095 147
21095 147
21096 147
21096 147
21096 147
21097 147
21103 147
21110 147
21116 147
21123 147
21129 147
21129 147
21129 147
21130 147
21130 147
21130 147
21131 147
21131 147
21132 147
21132 147
21132 147
21133 147
21133 147
21133 147
21134 147
21134 147
21134 147
21135 147
21135 147
21136 147
21136 147
21136 147
21137 147
21137 147
21137 147
21138 147
21138 147
21145 147
21151 147
21158 147
21164 147
21171 147
21171 147
21171 147
21171 147
21172 147
21172 147
21172 147
21173 147
21173 147
21173 147
21174 147
21174 147
21175 147
21175 147
21175 147
21176 147
21176 147
21176 147
21177 147
21177 147
21177 147
21178 147
21178 147
21179 147
21179 147
21179 147
21180 147
21186 147
21193 147
21199 147
21206 147
21212 147
21212 147
21213 147
21213 147
21213 147
21214 147
21214 147
21214 147
21215 147
21215 147
21215 147
21216 147
21216 147
21217 147
21217 147
21217 147
21218 147
21218 147
21218 147
21219 147
21219 147
21219 147
21220 147
21220 147
21221 147
21221 147
21221 147
21228 147
21234 147
21241 147
21247 147
21254 147
21254 147
21254 147
21255 147
21255 147
21255 147
21256 147
21256 147
21256 147
21257 147
21257 147
21257 147
21258 147
21258 147
21259 147
21259 147
21259 147
21260 147
21260 147
21260 147
21261 147
21261 147
21261 147
21262 147
21262 147
21263 147
21263 147
21269 147
21276 147
21282 146
21289 146
21296 147
